x,y,u,v,movement_distance,safe_margin_checked,worst_diameter,worst_source_x,worst_source_y,worst_epsilon_deg,worst_bearing_deg,worst_crossing_angle_deg,worst_status,normal_scenarios,optical_scenarios,unique_q1_calls,stage
804.608537073296,-600.4285561376299,804.608537073296,-600.4285561376299,1003.9468855256978,0.0028608662059923518,134.06654802385444,1499.771542734587,-26.178609655925268,-1.0,38.558926009982265,40.55892600998226,VALID_POLYGON,1134,0,1134,refine_0.1m
804.608537073296,-600.4285561376299,804.608537073296,-600.4285561376299,1003.9468855256978,0.0028608662059923518,134.06654802385444,1499.771542734587,-26.178609655925268,-1.0,38.558926009982265,40.55892600998226,VALID_POLYGON,7497,0,7497,final_check
804.608537073296,-600.4285561376299,804.608537073296,-600.4285561376299,1003.9468855256978,0.0028608662059923518,134.06654802385444,1499.771542734587,-26.178609655925268,-1.0,38.558926009982265,40.55892600998226,VALID_POLYGON,53792,0,53792,verification
804.608537073296,600.4285561376299,804.608537073296,600.4285561376299,1003.9468855256978,0.0028608662059923518,134.06654802385484,1499.771542734587,26.178609655925268,1.0,321.44107399001774,40.55892600998226,VALID_POLYGON,1134,0,1134,refine_0.1m
804.608537073296,600.4285561376299,804.608537073296,600.4285561376299,1003.9468855256978,0.0028608662059923518,134.06654802385484,1499.771542734587,26.178609655925268,1.0,321.44107399001774,40.55892600998226,VALID_POLYGON,7497,0,7497,final_check
804.608537073296,600.4285561376299,804.608537073296,600.4285561376299,1003.9468855256978,0.0028608662059923518,134.06654802385484,1499.771542734587,26.178609655925268,1.0,321.44107399001774,40.55892600998226,VALID_POLYGON,53792,0,53792,verification
804.908537073296,-600.02855613763,804.908537073296,-600.02855613763,1003.9482164106287,0.003059404482428363,134.06655521871227,1499.771542734587,-26.178609655925268,-1.0,38.55146660885636,40.55146660885637,VALID_POLYGON,1134,0,1134,refine_0.5m
804.908537073296,-600.02855613763,804.908537073296,-600.02855613763,1003.9482164106287,0.003059404482428363,134.06655521871227,1499.771542734587,-26.178609655925268,-1.0,38.55146660885636,40.55146660885637,VALID_POLYGON,1134,0,1134,refine_0.1m
804.908537073296,-600.02855613763,804.908537073296,-600.02855613763,1003.9482164106287,0.003059404482428363,134.06655521871227,1499.771542734587,-26.178609655925268,-1.0,38.55146660885636,40.55146660885637,VALID_POLYGON,7497,0,7497,final_check
804.908537073296,-600.02855613763,804.908537073296,-600.02855613763,1003.9482164106287,0.003059404482428363,134.06655521871227,1499.771542734587,-26.178609655925268,-1.0,38.55146660885636,40.55146660885637,VALID_POLYGON,53792,0,53792,verification
804.908537073296,600.02855613763,804.908537073296,600.02855613763,1003.9482164106287,0.003059404482428363,134.06655521871267,1499.771542734587,26.178609655925268,1.0,321.44853339114366,40.55146660885637,VALID_POLYGON,1134,0,1134,refine_0.5m
804.908537073296,600.02855613763,804.908537073296,600.02855613763,1003.9482164106287,0.003059404482428363,134.06655521871267,1499.771542734587,26.178609655925268,1.0,321.44853339114366,40.55146660885637,VALID_POLYGON,1134,0,1134,refine_0.1m
804.908537073296,600.02855613763,804.908537073296,600.02855613763,1003.9482164106287,0.003059404482428363,134.06655521871267,1499.771542734587,26.178609655925268,1.0,321.44853339114366,40.55146660885637,VALID_POLYGON,7497,0,7497,final_check
804.908537073296,600.02855613763,804.908537073296,600.02855613763,1003.9482164106287,0.003059404482428363,134.06655521871267,1499.771542734587,26.178609655925268,1.0,321.44853339114366,40.55146660885637,VALID_POLYGON,53792,0,53792,verification
805.2085370732959,-599.62855613763,805.2085370732959,-599.62855613763,1003.9497963102618,0.00300794201507415,134.0665923774257,1499.771542734587,-26.178609655925268,-1.0,38.543999157446216,40.543999157446216,VALID_POLYGON,1134,0,1134,refine_0.1m
805.2085370732959,-599.62855613763,805.2085370732959,-599.62855613763,1003.9497963102618,0.00300794201507415,134.0665923774257,1499.771542734587,-26.178609655925268,-1.0,38.543999157446216,40.543999157446216,VALID_POLYGON,7497,0,7497,final_check
805.2085370732959,599.62855613763,805.2085370732959,599.62855613763,1003.9497963102618,0.00300794201507415,134.06659237742633,1499.771542734587,26.178609655925268,1.0,321.4560008425538,40.543999157446216,VALID_POLYGON,1134,0,1134,refine_0.1m
805.2085370732959,599.62855613763,805.2085370732959,599.62855613763,1003.9497963102618,0.00300794201507415,134.06659237742633,1499.771542734587,26.178609655925268,1.0,321.4560008425538,40.543999157446216,VALID_POLYGON,7497,0,7497,final_check
806.108537073296,598.4285561376299,806.108537073296,598.4285561376299,1003.9560300846935,0.00135355147313021,134.06688428135737,1499.771542734587,26.178609655925268,1.0,321.4784516264713,40.5215483735287,VALID_POLYGON,1134,0,1134,refine_0.1m
806.108537073296,598.4285561376299,806.108537073296,598.4285561376299,1003.9560300846935,0.00135355147313021,134.06688428135737,1499.771542734587,26.178609655925268,1.0,321.4784516264713,40.5215483735287,VALID_POLYGON,7497,0,7497,final_check
806.108537073296,-598.4285561376299,806.108537073296,-598.4285561376299,1003.9560300846935,0.00135355147313021,134.066884281358,1499.771542734587,-26.178609655925268,-1.0,38.52154837352869,40.5215483735287,VALID_POLYGON,1134,0,1134,refine_0.1m
806.108537073296,-598.4285561376299,806.108537073296,-598.4285561376299,1003.9560300846935,0.00135355147313021,134.066884281358,1499.771542734587,-26.178609655925268,-1.0,38.52154837352869,40.5215483735287,VALID_POLYGON,7497,0,7497,final_check
806.408537073296,598.02855613763,806.408537073296,598.02855613763,1003.9586060295273,0.0003020882915052425,134.0670419410929,1499.771542734587,26.178609655925268,1.0,321.485951407133,40.514048592867034,VALID_POLYGON,1134,0,1134,refine_0.5m
806.408537073296,598.02855613763,806.408537073296,598.02855613763,1003.9586060295273,0.0003020882915052425,134.0670419410929,1499.771542734587,26.178609655925268,1.0,321.485951407133,40.514048592867034,VALID_POLYGON,1134,0,1134,refine_0.1m
806.408537073296,598.02855613763,806.408537073296,598.02855613763,1003.9586060295273,0.0003020882915052425,134.0670419410929,1499.771542734587,26.178609655925268,1.0,321.485951407133,40.514048592867034,VALID_POLYGON,7497,0,7497,final_check
806.408537073296,-598.02855613763,806.408537073296,-598.02855613763,1003.9586060295273,0.0003020882915052425,134.0670419410931,1499.771542734587,-26.178609655925268,-1.0,38.514048592867034,40.514048592867034,VALID_POLYGON,1134,0,1134,refine_0.5m
806.408537073296,-598.02855613763,806.408537073296,-598.02855613763,1003.9586060295273,0.0003020882915052425,134.0670419410931,1499.771542734587,-26.178609655925268,-1.0,38.514048592867034,40.514048592867034,VALID_POLYGON,1134,0,1134,refine_0.1m
806.408537073296,-598.02855613763,806.408537073296,-598.02855613763,1003.9586060295273,0.0003020882915052425,134.0670419410931,1499.771542734587,-26.178609655925268,-1.0,38.514048592867034,40.514048592867034,VALID_POLYGON,7497,0,7497,final_check
804.508537073296,-600.52855613763,804.508537073296,-600.52855613763,1003.9265575531715,0.02276046917597796,134.07114668963487,1499.771542734587,-26.178609655925268,-1.0,38.55977799055145,40.55977799055147,VALID_POLYGON,1134,0,1134,refine_0.1m
804.508537073296,600.52855613763,804.508537073296,600.52855613763,1003.9265575531715,0.02276046917597796,134.07114668963612,1499.771542734587,26.178609655925268,1.0,321.4402220094486,40.55977799055147,VALID_POLYGON,1134,0,1134,refine_0.1m
804.808537073296,-600.12855613763,804.808537073296,-600.12855613763,1003.9278187389247,0.02302901301300153,134.071148791278,1499.771542734587,-26.178609655925268,-1.0,38.55232021397312,40.552320213973125,VALID_POLYGON,1134,0,1134,refine_0.1m
804.808537073296,600.12855613763,804.808537073296,600.12855613763,1003.9278187389247,0.02302901301300153,134.071148791278,1499.771542734587,26.178609655925268,1.0,321.44767978602687,40.552320213973125,VALID_POLYGON,1134,0,1134,refine_0.1m
805.108537073296,599.72855613763,805.108537073296,599.72855613763,1003.9293289446371,0.023047551128684063,134.07118084438912,1499.771542734587,26.178609655925268,1.0,321.4551456099074,40.54485439009262,VALID_POLYGON,1134,0,1134,refine_0.1m
805.108537073296,-599.72855613763,805.108537073296,-599.72855613763,1003.9293289446371,0.023047551128684063,134.07118084438974,1499.771542734587,-26.178609655925268,-1.0,38.54485439009262,40.54485439009262,VALID_POLYGON,1134,0,1134,refine_0.1m
806.008537073296,598.52855613763,806.008537073296,598.52855613763,1003.935353669364,0.021603131947586007,134.07145735679103,1499.771542734587,26.178609655925268,1.0,321.4775914932769,40.5224085067231,VALID_POLYGON,1134,0,1134,refine_0.1m
806.008537073296,-598.52855613763,806.008537073296,-598.52855613763,1003.935353669364,0.021603131947586007,134.07145735679146,1499.771542734587,-26.178609655925268,-1.0,38.5224085067231,40.5224085067231,VALID_POLYGON,1134,0,1134,refine_0.1m
806.308537073296,598.12855613763,806.308537073296,598.12855613763,1003.9378599418217,0.020621648914811885,134.07160986097912,1499.771542734587,26.178609655925268,1.0,321.4850896344139,40.514910365586125,VALID_POLYGON,1134,0,1134,refine_0.1m
806.308537073296,-598.12855613763,806.308537073296,-598.12855613763,1003.9378599418217,0.020621648914811885,134.07160986097975,1499.771542734587,-26.178609655925268,-1.0,38.51491036558611,40.514910365586125,VALID_POLYGON,1134,0,1134,refine_0.1m
806.608537073296,597.72855613763,806.608537073296,597.72855613763,1003.9406152267666,0.019390161966384767,134.07179264018384,1499.771542734587,26.178609655925268,1.0,321.49259588701,40.50740411299,VALID_POLYGON,1134,0,1134,refine_0.1m
806.608537073296,-597.72855613763,806.608537073296,-597.72855613763,1003.9406152267666,0.019390161966384767,134.07179264018424,1499.771542734587,-26.178609655925268,-1.0,38.50740411299001,40.50740411299,VALID_POLYGON,1134,0,1134,refine_0.1m
804.7085370732959,-600.22855613763,804.7085370732959,-600.22855613763,1003.9074405749308,0.04297901948609706,134.07574316661066,1499.771542734587,-26.178609655925268,-1.0,38.553173552474426,40.55317355247443,VALID_POLYGON,1134,0,1134,refine_0.1m
804.7085370732959,600.22855613763,804.7085370732959,600.22855613763,1003.9074405749308,0.04297901948609706,134.0757431666115,1499.771542734587,26.178609655925268,1.0,321.44682644752555,40.55317355247443,VALID_POLYGON,1134,0,1134,refine_0.1m
805.008537073296,599.8285561376299,805.008537073296,599.8285561376299,1003.9088810838572,0.04306756098412734,134.0757701164099,1499.771542734587,26.178609655925268,1.0,321.45429064452554,40.54570935547445,VALID_POLYGON,1134,0,1134,refine_0.1m
805.008537073296,-599.8285561376299,805.008537073296,-599.8285561376299,1003.9088810838572,0.04306756098412734,134.07577011641052,1499.771542734587,-26.178609655925268,-1.0,38.54570935547444,40.54570935547445,VALID_POLYGON,1134,0,1134,refine_0.1m
806.2085370732959,-598.22855613763,806.2085370732959,-598.22855613763,1003.9171333473582,0.040921621620896076,134.0761785951697,1499.771542734587,-26.178609655925268,-1.0,38.51577186842803,40.51577186842805,VALID_POLYGON,1134,0,1134,refine_0.1m
806.2085370732959,598.22855613763,806.2085370732959,598.22855613763,1003.9171333473582,0.040921621620896076,134.07617859517052,1499.771542734587,26.178609655925268,1.0,321.48422813157197,40.51577186842805,VALID_POLYGON,1134,0,1134,refine_0.1m
806.508537073296,-597.8285561376299,806.508537073296,-597.8285561376299,1003.9198189625063,0.03976011245333666,134.0763562085759,1499.771542734587,-26.178609655925268,-1.0,38.50826725771491,40.50826725771491,VALID_POLYGON,1134,0,1134,refine_0.1m
806.508537073296,597.8285561376299,806.508537073296,597.8285561376299,1003.9198189625063,0.03976011245333666,134.0763562085763,1499.771542734587,26.178609655925268,1.0,321.4917327422851,40.50826725771491,VALID_POLYGON,1134,0,1134,refine_0.1m
804.608537073296,-600.3285561376299,804.608537073296,-600.3285561376299,1003.8870819198347,0.06290942272846678,134.0803383443096,1499.771542734587,-26.178609655925268,-1.0,38.554026624484806,40.554026624484806,VALID_POLYGON,1134,0,1134,refine_0.1m
804.608537073296,600.3285561376299,804.608537073296,600.3285561376299,1003.8870819198347,0.06290942272846678,134.08033834431046,1499.771542734587,26.178609655925268,1.0,321.4459733755152,40.554026624484806,VALID_POLYGON,1134,0,1134,refine_0.1m
804.908537073296,599.9285561376299,804.908537073296,599.9285561376299,1003.8884527291142,0.0630679704039494,134.0803601930892,1499.771542734587,26.178609655925268,1.0,321.4534359462834,40.5465640537166,VALID_POLYGON,1134,0,1134,refine_0.1m
804.908537073296,-599.9285561376299,804.908537073296,-599.9285561376299,1003.8884527291142,0.0630679704039494,134.08036019308983,1499.771542734587,-26.178609655925268,-1.0,38.54656405371661,40.5465640537166,VALID_POLYGON,1134,0,1134,refine_0.1m
805.2085370732959,599.52855613763,805.2085370732959,599.52855613763,1003.8900725678029,0.06297650232806973,134.0804120328359,1499.771542734587,26.178609655925268,1.0,321.46090657115934,40.53909342884063,VALID_POLYGON,1134,0,1134,refine_0.1m
805.2085370732959,-599.52855613763,805.2085370732959,-599.52855613763,1003.8900725678029,0.06297650232806973,134.08041203283676,1499.771542734587,-26.178609655925268,-1.0,38.53909342884064,40.53909342884063,VALID_POLYGON,1134,0,1134,refine_0.1m
806.108537073296,598.3285561376299,806.108537073296,598.3285561376299,1003.8964262473447,0.061202005216841826,134.0807481432579,1499.771542734587,26.178609655925268,1.0,321.4833668984809,40.51663310151915,VALID_POLYGON,1134,0,1134,refine_0.1m
806.108537073296,-598.3285561376299,806.108537073296,-598.3285561376299,1003.8964262473447,0.061202005216841826,134.08074814325892,1499.771542734587,-26.178609655925268,-1.0,38.51663310151915,40.51663310151915,VALID_POLYGON,1134,0,1134,refine_0.1m
806.408537073296,597.9285561376299,806.408537073296,597.9285561376299,1003.8990421897633,0.060110476697559534,134.0809205931943,1499.771542734587,26.178609655925268,1.0,321.49086986796783,40.50913013203218,VALID_POLYGON,1134,0,1134,refine_0.1m
806.408537073296,-597.9285561376299,806.408537073296,-597.9285561376299,1003.8990421897633,0.060110476697559534,134.08092059319492,1499.771542734587,-26.178609655925268,-1.0,38.50913013203218,40.50913013203218,VALID_POLYGON,1134,0,1134,refine_0.1m
806.7085370732959,-597.52855613763,806.7085370732959,-597.52855613763,1003.9019071537109,0.058768934645399895,134.08112335820462,1499.771542734587,-26.178609655925268,-1.0,38.50161904421429,40.50161904421427,VALID_POLYGON,1134,0,1134,refine_0.1m
806.7085370732959,597.52855613763,806.7085370732959,597.52855613763,1003.9019071537109,0.058768934645399895,134.08112335820545,1499.771542734587,26.178609655925268,1.0,321.4983809557857,40.50161904421427,VALID_POLYGON,1134,0,1134,refine_0.1m
804.508537073296,600.4285561376299,804.508537073296,600.4285561376299,1003.8667427748236,0.08282022156811308,134.0849343239774,1499.771542734587,26.178609655925268,1.0,321.4451205698713,40.55487943012869,VALID_POLYGON,1134,0,1134,refine_0.1m
804.508537073296,-600.4285561376299,804.508537073296,-600.4285561376299,1003.8667427748236,0.08282022156811308,134.08493432397802,1499.771542734587,-26.178609655925268,-1.0,38.55487943012869,40.55487943012869,VALID_POLYGON,1134,0,1134,refine_0.1m
804.808537073296,600.02855613763,804.808537073296,600.02855613763,1003.8680438815989,0.08304877821205991,134.0849510740267,1499.771542734587,26.178609655925268,1.0,321.4525815150561,40.54741848494389,VALID_POLYGON,1134,0,1134,refine_0.1m
804.808537073296,-600.02855613763,804.808537073296,-600.02855613763,1003.8680438815989,0.08304877821205991,134.0849510740273,1499.771542734587,-26.178609655925268,-1.0,38.54741848494389,40.54741848494389,VALID_POLYGON,1134,0,1134,refine_0.1m
805.108537073296,599.62855613763,805.108537073296,599.62855613763,1003.8695940230492,0.08302731411833975,134.08499780263884,1499.771542734587,26.178609655925268,1.0,321.4600505113648,40.53994948863521,VALID_POLYGON,1134,0,1134,refine_0.1m
805.108537073296,-599.62855613763,805.108537073296,-599.62855613763,1003.8695940230492,0.08302731411833975,134.08499780263946,1499.771542734587,-26.178609655925268,-1.0,38.53994948863522,40.53994948863521,VALID_POLYGON,1134,0,1134,refine_0.1m
806.008537073296,598.4285561376299,806.008537073296,598.4285561376299,1003.8757386429872,0.08146279851064264,134.08531850483968,1499.771542734587,26.178609655925268,1.0,321.4825059350143,40.51749406498576,VALID_POLYGON,1134,0,1134,refine_0.1m
806.008537073296,-598.4285561376299,806.008537073296,-598.4285561376299,1003.8757386429872,0.08146279851064264,134.0853185048405,1499.771542734587,-26.178609655925268,-1.0,38.517494064985755,40.51749406498576,VALID_POLYGON,1134,0,1134,refine_0.1m
806.308537073296,598.02855613763,806.308537073296,598.02855613763,1003.878284909748,0.08044125350318154,134.08548579363483,1499.771542734587,26.178609655925268,1.0,321.49000726393155,40.509992736068476,VALID_POLYGON,1134,0,1134,refine_0.1m
806.308537073296,-598.02855613763,806.308537073296,-598.02855613763,1003.878284909748,0.08044125350318154,134.08548579363523,1499.771542734587,-26.178609655925268,-1.0,38.509992736068476,40.509992736068476,VALID_POLYGON,1134,0,1134,refine_0.1m
806.608537073296,-597.62855613763,806.608537073296,-597.62855613763,1003.8810802035623,0.07916968971403548,134.08568338490485,1499.771542734587,-26.178609655925268,-1.0,38.50248329183765,40.50248329183765,VALID_POLYGON,1134,0,1134,refine_0.1m
806.608537073296,597.62855613763,806.608537073296,597.62855613763,1003.8810802035623,0.07916968971403548,134.08568338490568,1499.771542734587,26.178609655925268,1.0,321.4975167081624,40.50248329183765,VALID_POLYGON,1134,0,1134,refine_0.1m
804.408537073296,-600.52855613763,804.408537073296,-600.52855613763,1003.8464231410833,0.10271141483372048,134.0895311052188,1499.771542734587,-26.178609655925268,-1.0,38.55573196953045,40.55573196953044,VALID_POLYGON,1134,0,1134,refine_0.5m
804.408537073296,-600.52855613763,804.408537073296,-600.52855613763,1003.8464231410833,0.10271141483372048,134.0895311052188,1499.771542734587,-26.178609655925268,-1.0,38.55573196953045,40.55573196953044,VALID_POLYGON,1134,0,1134,refine_0.1m
804.408537073296,600.52855613763,804.408537073296,600.52855613763,1003.8464231410833,0.10271141483372048,134.08953110521944,1499.771542734587,26.178609655925268,1.0,321.4442680304696,40.55573196953044,VALID_POLYGON,1134,0,1134,refine_0.5m
804.408537073296,600.52855613763,804.408537073296,600.52855613763,1003.8464231410833,0.10271141483372048,134.08953110521944,1499.771542734587,26.178609655925268,1.0,321.4442680304696,40.55573196953044,VALID_POLYGON,1134,0,1134,refine_0.1m
804.7085370732959,-600.12855613763,804.7085370732959,-600.12855613763,1003.8476545425011,0.10300998323327804,134.0895427588246,1499.771542734587,-26.178609655925268,-1.0,38.54827264928103,40.548272649281024,VALID_POLYGON,1134,0,1134,refine_0.1m
804.7085370732959,600.12855613763,804.7085370732959,600.12855613763,1003.8476545425011,0.10300998323327804,134.08954275882522,1499.771542734587,26.178609655925268,1.0,321.45172735071895,40.548272649281024,VALID_POLYGON,1134,0,1134,refine_0.1m
805.008537073296,-599.72855613763,805.008537073296,-599.72855613763,1003.8491349838454,0.10305852592352949,134.08958437859653,1499.771542734587,-26.178609655925268,-1.0,38.54080528089004,40.54080528089004,VALID_POLYGON,1134,0,1134,refine_0.1m
805.008537073296,599.72855613763,805.008537073296,599.72855613763,1003.8491349838454,0.10305852592352949,134.08958437859715,1499.771542734587,26.178609655925268,1.0,321.45919471911,40.54080528089004,VALID_POLYGON,1134,0,1134,refine_0.1m
805.908537073296,598.52855613763,805.908537073296,598.52855613763,1003.8550705354912,0.10170400031154259,134.08988967951026,1499.771542734587,26.178609655925268,1.0,321.48164524104595,40.518354758954054,VALID_POLYGON,1134,0,1134,refine_1m
805.908537073296,598.52855613763,805.908537073296,598.52855613763,1003.8550705354912,0.10170400031154259,134.08988967951026,1499.771542734587,26.178609655925268,1.0,321.48164524104595,40.518354758954054,VALID_POLYGON,1134,0,1134,refine_0.5m
805.908537073296,598.52855613763,805.908537073296,598.52855613763,1003.8550705354912,0.10170400031154259,134.08988967951026,1499.771542734587,26.178609655925268,1.0,321.48164524104595,40.518354758954054,VALID_POLYGON,1134,0,1134,refine_0.1m
805.908537073296,-598.52855613763,805.908537073296,-598.52855613763,1003.8550705354912,0.10170400031154259,134.0898896795109,1499.771542734587,-26.178609655925268,-1.0,38.51835475895405,40.518354758954054,VALID_POLYGON,1134,0,1134,refine_1m
805.908537073296,-598.52855613763,805.908537073296,-598.52855613763,1003.8550705354912,0.10170400031154259,134.0898896795109,1499.771542734587,-26.178609655925268,-1.0,38.51835475895405,40.518354758954054,VALID_POLYGON,1134,0,1134,refine_0.5m
805.908537073296,-598.52855613763,805.908537073296,-598.52855613763,1003.8550705354912,0.10170400031154259,134.0898896795109,1499.771542734587,-26.178609655925268,-1.0,38.51835475895405,40.518354758954054,VALID_POLYGON,1134,0,1134,refine_0.1m
802.908537073296,602.52855613763,802.908537073296,602.52855613763,1003.8440017584791,0.09746820159807612,134.08992008995668,1499.771542734587,26.178609655925268,1.0,321.40709170595926,40.592908294040726,VALID_POLYGON,1134,0,1134,refine_1m
802.908537073296,602.52855613763,802.908537073296,602.52855613763,1003.8440017584791,0.09746820159807612,134.08992008995668,1499.771542734587,26.178609655925268,1.0,321.40709170595926,40.592908294040726,VALID_POLYGON,1134,0,1134,refine_0.5m
802.908537073296,-602.52855613763,802.908537073296,-602.52855613763,1003.8440017584791,0.09746820159807612,134.0899200899571,1499.771542734587,-26.178609655925268,-1.0,38.59290829404072,40.592908294040726,VALID_POLYGON,1134,0,1134,refine_1m
802.908537073296,-602.52855613763,802.908537073296,-602.52855613763,1003.8440017584791,0.09746820159807612,134.0899200899571,1499.771542734587,-26.178609655925268,-1.0,38.59290829404072,40.592908294040726,VALID_POLYGON,1134,0,1134,refine_0.5m
806.2085370732959,598.12855613763,806.2085370732959,598.12855613763,1003.8575471236693,0.1007524416755814,134.0900518094902,1499.771542734587,26.178609655925268,1.0,321.48914493004963,40.51085506995039,VALID_POLYGON,1134,0,1134,refine_0.1m
806.2085370732959,-598.12855613763,806.2085370732959,-598.12855613763,1003.8575471236693,0.1007524416755814,134.09005180949083,1499.771542734587,-26.178609655925268,-1.0,38.510855069950374,40.51085506995039,VALID_POLYGON,1134,0,1134,refine_0.1m
806.508537073296,-597.72855613763,806.508537073296,-597.72855613763,1003.8602727444113,0.09955085902379324,134.09024422935468,1499.771542734587,-26.178609655925268,-1.0,38.5033472686489,40.50334726864891,VALID_POLYGON,1134,0,1134,refine_0.1m
806.508537073296,597.72855613763,806.508537073296,597.72855613763,1003.8602727444113,0.09955085902379324,134.0902442293555,1499.771542734587,26.178609655925268,1.0,321.4966527313511,40.50334726864891,VALID_POLYGON,1134,0,1134,refine_0.1m
807.408537073296,596.52855613763,807.408537073296,596.52855613763,1003.8699437808094,0.09444597692436218,134.09100388233594,1499.771542734587,26.178609655925268,1.0,321.51922493828965,40.48077506171034,VALID_POLYGON,1134,0,1134,refine_0.5m
807.408537073296,-596.52855613763,807.408537073296,-596.52855613763,1003.8699437808094,0.09444597692436218,134.0910038823368,1499.771542734587,-26.178609655925268,-1.0,38.48077506171033,40.48077506171034,VALID_POLYGON,1134,0,1134,refine_0.5m
801.408537073296,604.52855613763,801.408537073296,604.52855613763,1003.8478064327321,0.08597445893337863,134.09104868093453,1499.771542734587,26.178609655925268,1.0,321.37011468339625,40.62988531660376,VALID_POLYGON,1134,0,1134,refine_0.5m
801.408537073296,-604.52855613763,801.408537073296,-604.52855613763,1003.8478064327321,0.08597445893337863,134.09104868093493,1499.771542734587,-26.178609655925268,-1.0,38.62988531660376,40.62988531660376,VALID_POLYGON,1134,0,1134,refine_0.5m
799.908537073296,-606.52855613763,799.908537073296,-606.52855613763,1003.8578370930511,0.06823040238009526,134.09290903996876,1499.771542734587,-26.178609655925268,-1.0,38.666664605063104,40.66666460506311,VALID_POLYGON,1134,0,1134,refine_1m
799.908537073296,606.52855613763,799.908537073296,606.52855613763,1003.8578370930511,0.06823040238009526,134.09290903996978,1499.771542734587,26.178609655925268,1.0,321.3333353949369,40.66666460506311,VALID_POLYGON,1134,0,1134,refine_1m
804.608537073296,600.22855613763,804.608537073296,600.22855613763,1003.8272847130096,0.12295158429378716,134.09413524708202,1499.771542734587,26.178609655925268,1.0,321.4508734531473,40.54912654685267,VALID_POLYGON,1134,0,1134,refine_0.1m
804.608537073296,-600.22855613763,804.608537073296,-600.22855613763,1003.8272847130096,0.12295158429378716,134.09413524708242,1499.771542734587,-26.178609655925268,-1.0,38.54912654685267,40.54912654685267,VALID_POLYGON,1134,0,1134,refine_0.1m
804.908537073296,-599.8285561376299,804.908537073296,-599.8285561376299,1003.828695451384,0.12307013656572963,134.09417176030905,1499.771542734587,-26.178609655925268,-1.0,38.54166080573012,40.541660805730125,VALID_POLYGON,1134,0,1134,refine_0.1m
804.908537073296,599.8285561376299,804.908537073296,599.8285561376299,1003.828695451384,0.12307013656572963,134.0941717603099,1499.771542734587,26.178609655925268,1.0,321.4583391942699,40.541660805730125,VALID_POLYGON,1134,0,1134,refine_0.1m
806.108537073296,-598.22855613763,806.108537073296,-598.22855613763,1003.8368288327356,0.12104404002081992,134.09461864035538,1499.771542734587,-26.178609655925268,-1.0,38.51171713380438,40.51171713380439,VALID_POLYGON,1134,0,1134,refine_0.1m
806.108537073296,598.22855613763,806.108537073296,598.22855613763,1003.8368288327356,0.12104404002081992,134.09461864035558,1499.771542734587,26.178609655925268,1.0,321.4882828661956,40.51171713380439,VALID_POLYGON,1134,0,1134,refine_0.1m
806.408537073296,597.8285561376299,806.408537073296,597.8285561376299,1003.8394847774701,0.11991244137664125,134.09480589114517,1499.771542734587,26.178609655925268,1.0,321.4957890252251,40.50421097477491,VALID_POLYGON,1134,0,1134,refine_0.1m
806.408537073296,-597.8285561376299,806.408537073296,-597.8285561376299,1003.8394847774701,0.11991244137664125,134.0948058911456,1499.771542734587,-26.178609655925268,-1.0,38.5042109747749,40.50421097477491,VALID_POLYGON,1134,0,1134,refine_0.1m
804.508537073296,-600.3285561376299,804.508537073296,-600.3285561376299,1003.8069343943118,0.14287358022045282,134.09872853840346,1499.771542734587,-26.178609655925268,-1.0,38.54998017778339,40.54998017778339,VALID_POLYGON,1134,0,1134,refine_0.1m
804.508537073296,600.3285561376299,804.508537073296,600.3285561376299,1003.8069343943118,0.14287358022045282,134.0987285384035,1499.771542734587,26.178609655925268,1.0,321.45001982221663,40.54998017778339,VALID_POLYGON,1134,0,1134,refine_0.1m
804.808537073296,599.9285561376299,804.808537073296,599.9285561376299,1003.8082754268567,0.14306214486782665,134.09875994737544,1499.771542734587,26.178609655925268,1.0,321.4574839367196,40.54251606328038,VALID_POLYGON,1134,0,1134,refine_0.1m
804.808537073296,-599.9285561376299,804.808537073296,-599.9285561376299,1003.8082754268567,0.14306214486782665,134.09875994737587,1499.771542734587,-26.178609655925268,-1.0,38.54251606328038,40.54251606328038,VALID_POLYGON,1134,0,1134,refine_0.1m
796.908537073296,610.52855613763,796.908537073296,610.52855613763,1003.8965755095492,0.013992795698641203,134.09879427021653,1499.771542734587,26.178609655925268,1.0,321.2603638291116,40.73963617088842,VALID_POLYGON,1134,0,1134,refine_1m
796.908537073296,-610.52855613763,796.908537073296,-610.52855613763,1003.8965755095492,0.013992795698641203,134.09879427021693,1499.771542734587,-26.178609655925268,-1.0,38.73963617088841,40.73963617088842,VALID_POLYGON,1134,0,1134,refine_1m
805.108537073296,599.52855613763,805.108537073296,599.52855613763,1003.8098655087896,0.14300067376416337,134.09882136203305,1499.771542734587,26.178609655925268,1.0,321.4649561061692,40.535043893830796,VALID_POLYGON,1134,0,1134,refine_0.1m
805.108537073296,-599.52855613763,805.108537073296,-599.52855613763,1003.8098655087896,0.14300067376416337,134.09882136203368,1499.771542734587,-26.178609655925268,-1.0,38.53504389383079,40.535043893830796,VALID_POLYGON,1134,0,1134,refine_0.1m
806.008537073296,598.3285561376299,806.008537073296,598.3285561376299,1003.8161300381538,0.14131604734654957,134.09918628582093,1499.771542734587,26.178609655925268,1.0,321.4874210722431,40.512578927756906,VALID_POLYGON,1134,0,1134,refine_0.1m
806.008537073296,-598.3285561376299,806.008537073296,-598.3285561376299,1003.8161300381538,0.14131604734654957,134.09918628582096,1499.771542734587,-26.178609655925268,-1.0,38.51257892775691,40.512578927756906,VALID_POLYGON,1134,0,1134,refine_0.1m
806.308537073296,-597.9285561376299,806.308537073296,-597.9285561376299,1003.8187163039497,0.14025443557591188,134.09936836987046,1499.771542734587,-26.178609655925268,-1.0,38.505074410342466,40.50507441034247,VALID_POLYGON,1134,0,1134,refine_0.1m
806.308537073296,597.9285561376299,806.308537073296,597.9285561376299,1003.8187163039497,0.14025443557591188,134.09936836987174,1499.771542734587,26.178609655925268,1.0,321.49492558965756,40.50507441034247,VALID_POLYGON,1134,0,1134,refine_0.1m
806.608537073296,-597.52855613763,806.608537073296,-597.52855613763,1003.8215516113626,0.13894279016062683,134.09958078387928,1499.771542734587,-26.178609655925268,-1.0,38.497561773759,40.497561773759,VALID_POLYGON,1134,0,1134,refine_0.1m
806.608537073296,597.52855613763,806.608537073296,597.52855613763,1003.8215516113626,0.13894279016062683,134.0995807838799,1499.771542734587,26.178609655925268,1.0,321.502438226241,40.497561773759,VALID_POLYGON,1134,0,1134,refine_0.1m
804.408537073296,600.4285561376299,804.408537073296,600.4285561376299,1003.7866035875948,0.16277596984150478,134.103322632388,1499.771542734587,26.178609655925268,1.0,321.44916645780233,40.55083354219767,VALID_POLYGON,1134,0,1134,refine_0.1m
804.408537073296,-600.4285561376299,804.408537073296,-600.4285561376299,1003.7866035875948,0.16277596984150478,134.10332263238863,1499.771542734587,-26.178609655925268,-1.0,38.55083354219767,40.55083354219767,VALID_POLYGON,1134,0,1134,refine_0.1m
804.7085370732959,-600.02855613763,804.7085370732959,-600.02855613763,1003.7878749114541,0.16303454965418496,134.10334893939867,1499.771542734587,-26.178609655925268,-1.0,38.5433710536657,40.54337105366571,VALID_POLYGON,1134,0,1134,refine_0.1m
804.7085370732959,600.02855613763,804.7085370732959,600.02855613763,1003.7878749114541,0.16303454965418496,134.10334893939932,1499.771542734587,26.178609655925268,1.0,321.4566289463343,40.54337105366571,VALID_POLYGON,1134,0,1134,refine_0.1m
805.008537073296,599.62855613763,805.008537073296,599.62855613763,1003.7893952899617,0.1630430887349803,134.10340523968063,1499.771542734587,26.178609655925268,1.0,321.46409948682873,40.53590051317127,VALID_POLYGON,1134,0,1134,refine_0.1m
805.008537073296,-599.62855613763,805.008537073296,-599.62855613763,1003.7893952899617,0.1630430887349803,134.10340523968102,1499.771542734587,-26.178609655925268,-1.0,38.53590051317127,40.53590051317127,VALID_POLYGON,1134,0,1134,refine_0.1m
805.908537073296,598.4285561376299,805.908537073296,598.4285561376299,1003.7954507411301,0.16156846246065015,134.10375474548476,1499.771542734587,26.178609655925268,1.0,321.48655954806566,40.51344045193433,VALID_POLYGON,1134,0,1134,refine_0.1m
805.908537073296,-598.4285561376299,805.908537073296,-598.4285561376299,1003.7954507411301,0.16156846246065015,134.1037547454852,1499.771542734587,-26.178609655925268,-1.0,38.513440451934315,40.51344045193433,VALID_POLYGON,1134,0,1134,refine_0.1m
806.2085370732959,598.02855613763,806.2085370732959,598.02855613763,1003.7979673250601,0.16057684042618803,134.10393166512264,1499.771542734587,26.178609655925268,1.0,321.4940624245217,40.5059375754783,VALID_POLYGON,1134,0,1134,refine_0.1m
806.2085370732959,-598.02855613763,806.2085370732959,-598.02855613763,1003.7979673250601,0.16057684042618803,134.10393166512307,1499.771542734587,-26.178609655925268,-1.0,38.5059375754783,40.5059375754783,VALID_POLYGON,1134,0,1134,refine_0.1m
805.2721042074579,599.2737967813584,805.2721042074579,599.2737967813584,1003.7889446110929,0.16484436259054291,134.10394118401265,1499.771542734587,26.178609655925268,1.0,321.470833191157,40.52916680884302,VALID_POLYGON,1134,0,1134,refine_1m
805.2721042074579,-599.2737967813583,805.2721042074579,-599.2737967813583,1003.7889446110929,0.1648443625906566,134.1039411840135,1499.771542734587,-26.178609655925268,-1.0,38.52916680884301,40.529166808843016,VALID_POLYGON,1134,0,1134,refine_1m
806.508537073296,597.62855613763,806.508537073296,597.62855613763,1003.8007329561264,0.1593351795037279,134.10413890211228,1499.771542734587,26.178609655925268,1.0,321.5015734171291,40.498426582870884,VALID_POLYGON,1134,0,1134,refine_0.1m
806.508537073296,-597.62855613763,806.508537073296,-597.62855613763,1003.8007329561264,0.1593351795037279,134.1041389021131,1499.771542734587,-26.178609655925268,-1.0,38.49842658287087,40.498426582870884,VALID_POLYGON,1134,0,1134,refine_0.1m
808.2721042074579,595.2737967813584,808.2721042074579,595.2737967813584,1003.8200474061304,0.1489675094771883,134.10644023483854,1499.771542734587,26.178609655925268,1.0,321.5460568159427,40.45394318405731,VALID_POLYGON,1134,0,1134,refine_1m
808.2721042074579,-595.2737967813583,808.2721042074579,-595.2737967813583,1003.8200474061302,0.14896750947730197,134.10644023483937,1499.771542734587,-26.178609655925268,-1.0,38.45394318405731,40.45394318405731,VALID_POLYGON,1134,0,1134,refine_1m
804.608537073296,600.12855613763,804.608537073296,600.12855613763,1003.7674939063658,0.1829873497497374,134.10793873597666,1499.771542734587,26.178609655925268,1.0,321.45577422298913,40.544225777010865,VALID_POLYGON,1134,0,1134,refine_0.1m
804.608537073296,-600.12855613763,804.608537073296,-600.12855613763,1003.7674939063658,0.1829873497497374,134.1079387359773,1499.771542734587,-26.178609655925268,-1.0,38.54422577701087,40.544225777010865,VALID_POLYGON,1134,0,1134,refine_0.1m
804.908537073296,599.72855613763,804.908537073296,599.72855613763,1003.7689445785817,0.18306590181555293,134.1079899241813,1499.771542734587,26.178609655925268,1.0,321.4632431351782,40.53675686482185,VALID_POLYGON,1134,0,1134,refine_0.1m
804.908537073296,-599.72855613763,804.908537073296,-599.72855613763,1003.7689445785817,0.18306590181555293,134.10798992418174,1499.771542734587,-26.178609655925268,-1.0,38.53675686482185,40.53675686482185,VALID_POLYGON,1134,0,1134,refine_0.1m
806.108537073296,-598.12855613763,806.108537073296,-598.12855613763,1003.7772378420102,0.1808796547328484,134.10849577649523,1499.771542734587,-26.178609655925268,-1.0,38.50680047030906,40.50680047030907,VALID_POLYGON,1134,0,1134,refine_0.1m
806.108537073296,598.12855613763,806.108537073296,598.12855613763,1003.7772378420102,0.1808796547328484,134.10849577649566,1499.771542734587,26.178609655925268,1.0,321.49319952969097,40.50680047030907,VALID_POLYGON,1134,0,1134,refine_0.1m
806.408537073296,597.72855613763,806.408537073296,597.72855613763,1003.7799337937919,0.17970798117596587,134.10869783880264,1499.771542734587,26.178609655925268,1.0,321.5007088789802,40.49929112101981,VALID_POLYGON,1134,0,1134,refine_0.1m
806.408537073296,-597.72855613763,806.408537073296,-597.72855613763,1003.7799337937919,0.17970798117596587,134.10869783880284,1499.771542734587,-26.178609655925268,-1.0,38.4992911210198,40.49929112101981,VALID_POLYGON,1134,0,1134,refine_0.1m
811.2721042074579,591.2737967813584,811.2721042074579,591.2737967813584,1003.8760530192159,0.10808789337329472,134.11201664254338,1499.771542734587,26.178609655925268,1.0,321.6221010315396,40.37789896846037,VALID_POLYGON,1134,0,1134,refine_1m
811.2721042074579,-591.2737967813583,811.2721042074579,-591.2737967813583,1003.8760530192159,0.10808789337329472,134.112016642544,1499.771542734587,-26.178609655925268,-1.0,38.37789896846036,40.37789896846037,VALID_POLYGON,1134,0,1134,refine_1m
803.908537073296,601.02855613763,803.908537073296,601.02855613763,1003.7451176828763,0.2018732566360768,134.1125270211065,1499.771542734587,26.178609655925268,1.0,321.4400093227456,40.5599906772544,VALID_POLYGON,1134,0,1134,refine_0.5m
803.908537073296,-601.02855613763,803.908537073296,-601.02855613763,1003.7451176828763,0.2018732566360768,134.11252702110693,1499.771542734587,-26.178609655925268,-1.0,38.5599906772544,40.5599906772544,VALID_POLYGON,1134,0,1134,refine_0.5m
804.508537073296,-600.22855613763,804.508537073296,-600.22855613763,1003.74713241278,0.20292054398100845,134.11252933671238,1499.771542734587,-26.178609655925268,-1.0,38.545080233440586,40.5450802334406,VALID_POLYGON,1134,0,1134,refine_0.1m
804.508537073296,600.22855613763,804.508537073296,600.22855613763,1003.74713241278,0.20292054398100845,134.1125293367132,1499.771542734587,26.178609655925268,1.0,321.45491976655944,40.5450802334406,VALID_POLYGON,1134,0,1134,refine_0.1m
804.808537073296,599.8285561376299,804.808537073296,599.8285561376299,1003.7485133758419,0.203069111828313,134.11257541513498,1499.771542734587,26.178609655925268,1.0,321.46238705109243,40.537612948907565,VALID_POLYGON,1134,0,1134,refine_0.1m
804.808537073296,-599.8285561376299,804.808537073296,-599.8285561376299,1003.7485133758419,0.203069111828313,134.11257541513584,1499.771542734587,-26.178609655925268,-1.0,38.537612948907565,40.537612948907565,VALID_POLYGON,1134,0,1134,refine_0.1m
805.408537073296,599.02855613763,805.408537073296,599.02855613763,1003.7520224930461,0.20261609531451086,134.112757735026,1499.771542734587,26.178609655925268,1.0,321.47734580926726,40.52265419073273,VALID_POLYGON,1134,0,1134,refine_0.5m
805.408537073296,-599.02855613763,805.408537073296,-599.02855613763,1003.7520224930461,0.20261609531451086,134.11275773502686,1499.771542734587,-26.178609655925268,-1.0,38.52265419073272,40.52265419073273,VALID_POLYGON,1134,0,1134,refine_0.5m
802.408537073296,603.02855613763,802.408537073296,603.02855613763,1003.7444395290775,0.19487918073434685,134.11304232427463,1499.771542734587,26.178609655925268,1.0,321.4028733509277,40.59712664907233,VALID_POLYGON,1134,0,1134,refine_0.5m
802.408537073296,-603.02855613763,802.408537073296,-603.02855613763,1003.7444395290775,0.19487918073434685,134.11304232427506,1499.771542734587,-26.178609655925268,-1.0,38.59712664907232,40.59712664907233,VALID_POLYGON,1134,0,1134,refine_0.5m
806.008537073296,598.22855613763,806.008537073296,598.22855613763,1003.7565278560077,0.20116287730240856,134.1130607035792,1499.771542734587,26.178609655925268,1.0,321.4923369050387,40.50766309496127,VALID_POLYGON,1134,0,1134,refine_0.1m
806.008537073296,-598.22855613763,806.008537073296,-598.22855613763,1003.7565278560077,0.20116287730240856,134.11306070358003,1499.771542734587,-26.178609655925268,-1.0,38.50766309496129,40.50766309496127,VALID_POLYGON,1134,0,1134,refine_0.1m
806.308537073296,-597.8285561376299,806.308537073296,-597.8285561376299,1003.7591541255711,0.20006119398021838,134.11325759354094,1499.771542734587,-26.178609655925268,-1.0,38.50015538833272,40.500155388332715,VALID_POLYGON,1134,0,1134,refine_0.1m
806.308537073296,597.8285561376299,806.308537073296,597.8285561376299,1003.7591541255711,0.20006119398021838,134.11325759354156,1499.771542734587,26.178609655925268,1.0,321.4998446116673,40.500155388332715,VALID_POLYGON,1134,0,1134,refine_0.1m
806.908537073296,597.02855613763,806.908537073296,597.02855613763,1003.765153831089,0.19710768283619018,134.11374251136974,1499.771542734587,26.178609655925268,1.0,321.5148844069322,40.48511559306781,VALID_POLYGON,1134,0,1134,refine_0.5m
806.908537073296,-597.02855613763,806.908537073296,-597.02855613763,1003.765153831089,0.19710768283619018,134.11374251137016,1499.771542734587,-26.178609655925268,-1.0,38.48511559306782,40.48511559306781,VALID_POLYGON,1134,0,1134,refine_0.5m
796.2721042074579,-611.2737967813583,796.2721042074579,-611.2737967813583,1003.8450670150598,0.06245581194548322,134.11426093284197,1499.771542734587,-26.178609655925268,-1.0,38.750042375830944,40.75004237583096,VALID_POLYGON,1134,0,1134,refine_1m
796.2721042074579,611.2737967813584,796.2721042074579,611.2737967813584,1003.84506701506,0.06245581194536953,134.11426093284237,1499.771542734587,26.178609655925268,1.0,321.24995762416904,40.750042375830965,VALID_POLYGON,1134,0,1134,refine_1m
804.408537073296,600.3285561376299,804.408537073296,600.3285561376299,1003.7267904318842,0.22283413117531836,134.11712074120538,1499.771542734587,26.178609655925268,1.0,321.4540655769205,40.545934423079466,VALID_POLYGON,1134,0,1134,refine_0.1m
804.408537073296,-600.3285561376299,804.408537073296,-600.3285561376299,1003.7267904318842,0.22283413117531836,134.11712074120604,1499.771542734587,-26.178609655925268,-1.0,38.54593442307947,40.545934423079466,VALID_POLYGON,1134,0,1134,refine_0.1m
804.7085370732959,-599.9285561376299,804.7085370732959,-599.9285561376299,1003.7281016829336,0.22305271759637435,134.1171617121419,1499.771542734587,-26.178609655925268,-1.0,38.53846876555346,40.53846876555347,VALID_POLYGON,1134,0,1134,refine_0.1m
804.7085370732959,599.9285561376299,804.7085370732959,599.9285561376299,1003.7281016829336,0.22305271759637435,134.1171617121423,1499.771542734587,26.178609655925268,1.0,321.4615312344465,40.53846876555347,VALID_POLYGON,1134,0,1134,refine_0.1m
805.008537073296,-599.52855613763,805.008537073296,-599.52855613763,1003.7296620033501,0.22302124826615,134.1172327034815,1499.771542734587,-26.178609655925268,-1.0,38.53099505224307,40.530995052243064,VALID_POLYGON,1134,0,1134,refine_0.1m
805.008537073296,599.52855613763,805.008537073296,599.52855613763,1003.7296620033501,0.22302124826615,134.11723270348236,1499.771542734587,26.178609655925268,1.0,321.46900494775696,40.530995052243064,VALID_POLYGON,1134,0,1134,refine_0.1m
805.908537073296,598.3285561376299,805.908537073296,598.3285561376299,1003.7358373682595,0.22142650694263466,134.1176264459718,1499.771542734587,26.178609655925268,1.0,321.4914745504385,40.50852544956146,VALID_POLYGON,1134,0,1134,refine_0.1m
805.908537073296,-598.3285561376299,805.908537073296,-598.3285561376299,1003.7358373682595,0.22142650694263466,134.11762644597223,1499.771542734587,-26.178609655925268,-1.0,38.50852544956146,40.50852544956146,VALID_POLYGON,1134,0,1134,refine_0.1m
806.2085370732959,597.9285561376299,806.2085370732959,597.9285561376299,1003.7383939526748,0.22039481671993144,134.1178181659182,1499.771542734587,26.178609655925268,1.0,321.4989806150635,40.501019384936484,VALID_POLYGON,1134,0,1134,refine_0.1m
806.2085370732959,-597.9285561376299,806.2085370732959,-597.9285561376299,1003.7383939526748,0.22039481671993144,134.11781816591864,1499.771542734587,-26.178609655925268,-1.0,38.501019384936484,40.501019384936484,VALID_POLYGON,1134,0,1134,refine_0.1m
806.508537073296,597.52855613763,806.508537073296,597.52855613763,1003.7411995987954,0.2191130727402424,134.1180402307123,1499.771542734587,26.178609655925268,1.0,321.50649479969456,40.49350520030545,VALID_POLYGON,1134,0,1134,refine_0.1m
806.508537073296,-597.52855613763,806.508537073296,-597.52855613763,1003.7411995987954,0.2191130727402424,134.11804023071272,1499.771542734587,-26.178609655925268,-1.0,38.49350520030544,40.49350520030545,VALID_POLYGON,1134,0,1134,refine_0.1m
804.608537073296,-600.02855613763,804.608537073296,-600.02855613763,1003.7077095010471,0.24301671794432878,134.12174881480018,1499.771542734587,-26.178609655925268,-1.0,38.539324314884446,40.53932431488444,VALID_POLYGON,1134,0,1134,refine_0.1m
804.608537073296,600.02855613763,804.608537073296,600.02855613763,1003.7077095010471,0.24301671794432878,134.121748814801,1499.771542734587,26.178609655925268,1.0,321.4606756851156,40.53932431488444,VALID_POLYGON,1134,0,1134,refine_0.1m
804.908537073296,-599.62855613763,804.908537073296,-599.62855613763,1003.7092001118513,0.2430552650013169,134.12181468852515,1499.771542734587,-26.178609655925268,-1.0,38.53185223091675,40.53185223091675,VALID_POLYGON,1134,0,1134,refine_0.1m
804.908537073296,599.62855613763,804.908537073296,599.62855613763,1003.7092001118513,0.2430552650013169,134.12181468852597,1499.771542734587,26.178609655925268,1.0,321.46814776908326,40.53185223091675,VALID_POLYGON,1134,0,1134,refine_0.1m
806.108537073296,-598.02855613763,806.108537073296,-598.02855613763,1003.7176532763125,0.24070884819980165,134.1223795555299,1499.771542734587,-26.178609655925268,-1.0,38.501883110957884,40.501883110957884,VALID_POLYGON,1134,0,1134,refine_0.1m
806.108537073296,598.02855613763,806.108537073296,598.02855613763,1003.7176532763125,0.24070884819980165,134.12237955553073,1499.771542734587,26.178609655925268,1.0,321.49811688904214,40.501883110957884,VALID_POLYGON,1134,0,1134,refine_0.1m
806.408537073296,597.62855613763,806.408537073296,597.62855613763,1003.7203892398728,0.23949709494297622,134.12259644002634,1499.771542734587,26.178609655925268,1.0,321.5056294293085,40.494370570691515,VALID_POLYGON,1134,0,1134,refine_0.1m
806.408537073296,-597.62855613763,806.408537073296,-597.62855613763,1003.7203892398728,0.23949709494297622,134.12259644002674,1499.771542734587,-26.178609655925268,-1.0,38.49437057069151,40.494370570691515,VALID_POLYGON,1134,0,1134,refine_0.1m
804.508537073296,-600.12855613763,804.508537073296,-600.12855613763,1003.6873368313717,0.26296111169756387,134.12633672271073,1499.771542734587,-26.178609655925268,-1.0,38.540179597025336,40.54017959702535,VALID_POLYGON,1134,0,1134,refine_0.1m
804.508537073296,600.12855613763,804.508537073296,600.12855613763,1003.6873368313717,0.26296111169756387,134.12633672271116,1499.771542734587,26.178609655925268,1.0,321.4598204029747,40.54017959702535,VALID_POLYGON,1134,0,1134,refine_0.1m
804.808537073296,599.72855613763,804.808537073296,599.72855613763,1003.6887577296984,0.2630696779408481,134.12639748111926,1499.771542734587,26.178609655925268,1.0,321.46729085824956,40.532709141750466,VALID_POLYGON,1134,0,1134,refine_0.1m
804.808537073296,-599.72855613763,804.808537073296,-599.72855613763,1003.6887577296984,0.2630696779408481,134.12639748111968,1499.771542734587,-26.178609655925268,-1.0,38.53270914175046,40.532709141750466,VALID_POLYGON,1134,0,1134,refine_0.1m
806.008537073296,598.12855613763,806.008537073296,598.12855613763,1003.6969320976929,0.26100328722577615,134.12694176196507,1499.771542734587,26.178609655925268,1.0,321.49725343347643,40.50274656652359,VALID_POLYGON,1134,0,1134,refine_0.1m
806.008537073296,-598.12855613763,806.008537073296,-598.12855613763,1003.6969320976929,0.26100328722577615,134.1269417619655,1499.771542734587,-26.178609655925268,-1.0,38.5027465665236,40.50274656652359,VALID_POLYGON,1134,0,1134,refine_0.1m
806.308537073296,597.72855613763,806.308537073296,597.72855613763,1003.6995983757563,0.2598615275633165,134.1271534685028,1499.771542734587,26.178609655925268,1.0,321.5047643300361,40.49523566996391,VALID_POLYGON,1134,0,1134,refine_0.1m
806.308537073296,-597.72855613763,806.308537073296,-597.72855613763,1003.6995983757563,0.2598615275633165,134.12715346850322,1499.771542734587,-26.178609655925268,-1.0,38.495235669963904,40.49523566996391,VALID_POLYGON,1134,0,1134,refine_0.1m
804.408537073296,600.22855613763,804.408537073296,600.22855613763,1003.6669836750954,0.28288589768283146,134.13092543547356,1499.771542734587,26.178609655925268,1.0,321.45896538789907,40.54103461210094,VALID_POLYGON,1134,0,1134,refine_0.1m
804.408537073296,-600.22855613763,804.408537073296,-600.22855613763,1003.6669836750954,0.28288589768283146,134.13092543547398,1499.771542734587,-26.178609655925268,-1.0,38.54103461210093,40.54103461210094,VALID_POLYGON,1134,0,1134,refine_0.1m
804.7085370732959,599.8285561376299,804.7085370732959,599.8285561376299,1003.6683348580834,0.2830644859076301,134.13098108086433,1499.771542734587,26.178609655925268,1.0,321.4664342151307,40.533565784869324,VALID_POLYGON,1134,0,1134,refine_0.1m
804.7085370732959,-599.8285561376299,804.7085370732959,-599.8285561376299,1003.6683348580834,0.2830644859076301,134.13098108086515,1499.771542734587,-26.178609655925268,-1.0,38.53356578486933,40.533565784869324,VALID_POLYGON,1134,0,1134,refine_0.1m
805.908537073296,598.22855613763,805.908537073296,598.22855613763,1003.6762304180236,0.2812781326044842,134.1315047848181,1499.771542734587,26.178609655925268,1.0,321.4963902482398,40.503609751760244,VALID_POLYGON,1134,0,1134,refine_0.1m
805.908537073296,-598.22855613763,805.908537073296,-598.22855613763,1003.6762304180236,0.2812781326044842,134.13150478481853,1499.771542734587,-26.178609655925268,-1.0,38.50360975176025,40.503609751760244,VALID_POLYGON,1134,0,1134,refine_0.1m
806.2085370732959,597.8285561376299,806.2085370732959,597.8285561376299,1003.6788270076576,0.2802063694041408,134.13171131573418,1499.771542734587,26.178609655925268,1.0,321.5038995017504,40.49610049824961,VALID_POLYGON,1134,0,1134,refine_0.1m
806.2085370732959,-597.8285561376299,806.2085370732959,-597.8285561376299,1003.6788270076576,0.2802063694041408,134.13171131573458,1499.771542734587,-26.178609655925268,-1.0,38.496100498249604,40.49610049824961,VALID_POLYGON,1134,0,1134,refine_0.1m
803.408537073296,601.52855613763,803.408537073296,601.52855613763,1003.6443001837232,0.3005447840275792,134.13554291683076,1499.771542734587,26.178609655925268,1.0,321.43575725246535,40.56424274753468,VALID_POLYGON,1134,0,1134,refine_0.5m
803.408537073296,-601.52855613763,803.408537073296,-601.52855613763,1003.6443001837232,0.3005447840275792,134.13554291683138,1499.771542734587,-26.178609655925268,-1.0,38.56424274753468,40.56424274753468,VALID_POLYGON,1134,0,1134,refine_0.5m
804.608537073296,-599.9285561376299,804.608537073296,-599.9285561376299,1003.6479314981977,0.3030396877248904,134.1355654873604,1499.771542734587,-26.178609655925268,-1.0,38.53442216039844,40.53442216039845,VALID_POLYGON,1134,0,1134,refine_0.1m
804.608537073296,599.9285561376299,804.608537073296,599.9285561376299,1003.6479314981977,0.3030396877248904,134.13556548736102,1499.771542734587,26.178609655925268,1.0,321.46557783960156,40.53442216039845,VALID_POLYGON,1134,0,1134,refine_0.1m
804.908537073296,-599.52855613763,804.908537073296,-599.52855613763,1003.6494620523366,0.303038224970237,134.135646057156,1499.771542734587,-26.178609655925268,-1.0,38.52694690393982,40.526946903939844,VALID_POLYGON,1134,0,1134,refine_1m
804.908537073296,-599.52855613763,804.908537073296,-599.52855613763,1003.6494620523366,0.303038224970237,134.135646057156,1499.771542734587,-26.178609655925268,-1.0,38.52694690393982,40.526946903939844,VALID_POLYGON,1134,0,1134,refine_0.5m
804.908537073296,-599.52855613763,804.908537073296,-599.52855613763,1003.6494620523366,0.303038224970237,134.135646057156,1499.771542734587,-26.178609655925268,-1.0,38.52694690393982,40.526946903939844,VALID_POLYGON,1134,0,1134,refine_0.1m
804.908537073296,599.52855613763,804.908537073296,599.52855613763,1003.6494620523366,0.303038224970237,134.13564605715663,1499.771542734587,26.178609655925268,1.0,321.4730530960602,40.526946903939844,VALID_POLYGON,1134,0,1134,refine_1m
804.908537073296,599.52855613763,804.908537073296,599.52855613763,1003.6494620523366,0.303038224970237,134.13564605715663,1499.771542734587,26.178609655925268,1.0,321.4730530960602,40.526946903939844,VALID_POLYGON,1134,0,1134,refine_0.5m
804.908537073296,599.52855613763,804.908537073296,599.52855613763,1003.6494620523366,0.303038224970237,134.13564605715663,1499.771542734587,26.178609655925268,1.0,321.4730530960602,40.526946903939844,VALID_POLYGON,1134,0,1134,refine_0.1m
801.908537073296,603.52855613763,801.908537073296,603.52855613763,1003.6453656070984,0.2917995054763196,134.13618425644287,1499.771542734587,26.178609655925268,1.0,321.39866155320885,40.60133844679113,VALID_POLYGON,1134,0,1134,refine_1m
801.908537073296,603.52855613763,801.908537073296,603.52855613763,1003.6453656070984,0.2917995054763196,134.13618425644287,1499.771542734587,26.178609655925268,1.0,321.39866155320885,40.60133844679113,VALID_POLYGON,1134,0,1134,refine_0.5m
801.908537073296,-603.52855613763,801.908537073296,-603.52855613763,1003.6453656070984,0.2917995054763196,134.1361842564433,1499.771542734587,-26.178609655925268,-1.0,38.60133844679114,40.60133844679113,VALID_POLYGON,1134,0,1134,refine_1m
801.908537073296,-603.52855613763,801.908537073296,-603.52855613763,1003.6453656070984,0.2917995054763196,134.1361842564433,1499.771542734587,-26.178609655925268,-1.0,38.60133844679114,40.60133844679113,VALID_POLYGON,1134,0,1134,refine_0.5m
806.108537073296,597.9285561376299,806.108537073296,597.9285561376299,1003.6580751367869,0.30053161926912253,134.13626998131187,1499.771542734587,26.178609655925268,1.0,321.50303494432444,40.496965055675574,VALID_POLYGON,1134,0,1134,refine_0.1m
806.108537073296,-597.9285561376299,806.108537073296,-597.9285561376299,1003.6580751367869,0.30053161926912253,134.1362699813123,1499.771542734587,-26.178609655925268,-1.0,38.49696505567557,40.496965055675574,VALID_POLYGON,1134,0,1134,refine_0.1m
806.408537073296,597.52855613763,806.408537073296,597.52855613763,1003.6608511168572,0.2992797815245467,134.13650169867827,1499.771542734587,26.178609655925268,1.0,321.51055067628533,40.48944932371468,VALID_POLYGON,1134,0,1134,refine_0.5m
806.408537073296,597.52855613763,806.408537073296,597.52855613763,1003.6608511168572,0.2992797815245467,134.13650169867827,1499.771542734587,26.178609655925268,1.0,321.51055067628533,40.48944932371468,VALID_POLYGON,1134,0,1134,refine_0.1m
806.408537073296,-597.52855613763,806.408537073296,-597.52855613763,1003.6608511168572,0.2992797815245467,134.1365016986789,1499.771542734587,-26.178609655925268,-1.0,38.489449323714666,40.48944932371468,VALID_POLYGON,1134,0,1134,refine_0.5m
806.408537073296,-597.52855613763,806.408537073296,-597.52855613763,1003.6608511168572,0.2992797815245467,134.1365016986789,1499.771542734587,-26.178609655925268,-1.0,38.489449323714666,40.48944932371468,VALID_POLYGON,1134,0,1134,refine_0.1m
798.908537073296,607.52855613763,798.908537073296,607.52855613763,1003.6661781345764,0.25555420909086024,134.13966886737796,1499.771542734587,26.178609655925268,1.0,321.32506430020214,40.674935699797885,VALID_POLYGON,1134,0,1134,refine_1m
798.908537073296,-607.52855613763,798.908537073296,-607.52855613763,1003.6661781345764,0.25555420909086024,134.13966886737836,1499.771542734587,-26.178609655925268,-1.0,38.67493569979788,40.674935699797885,VALID_POLYGON,1134,0,1134,refine_1m
804.508537073296,-600.02855613763,804.508537073296,-600.02855613763,1003.6275476512309,0.3229952822176756,134.14015070020477,1499.771542734587,-26.178609655925268,-1.0,38.53527826846275,40.53527826846275,VALID_POLYGON,1134,0,1134,refine_0.1m
804.508537073296,600.02855613763,804.508537073296,600.02855613763,1003.6275476512309,0.3229952822176756,134.1401507002054,1499.771542734587,26.178609655925268,1.0,321.4647217315372,40.53527826846275,VALID_POLYGON,1134,0,1134,refine_0.1m
804.808537073296,599.62855613763,804.808537073296,599.62855613763,1003.6290084895701,0.3230638420532159,134.14022614914398,1499.771542734587,26.178609655925268,1.0,321.47219535826594,40.52780464173406,VALID_POLYGON,1134,0,1134,refine_0.1m
804.808537073296,-599.62855613763,804.808537073296,-599.62855613763,1003.6290084895701,0.3230638420532159,134.1402261491446,1499.771542734587,-26.178609655925268,-1.0,38.52780464173406,40.52780464173406,VALID_POLYGON,1134,0,1134,refine_0.1m
806.008537073296,-598.02855613763,806.008537073296,-598.02855613763,1003.6373427643539,0.3208372759636404,134.14082946482884,1499.771542734587,-26.178609655925268,-1.0,38.49782934236859,40.49782934236859,VALID_POLYGON,1134,0,1134,refine_0.1m
806.008537073296,598.02855613763,806.008537073296,598.02855613763,1003.6373427643539,0.3208372759636404,134.14082946482944,1499.771542734587,26.178609655925268,1.0,321.5021706576314,40.49782934236859,VALID_POLYGON,1134,0,1134,refine_0.1m
806.308537073296,597.62855613763,806.308537073296,597.62855613763,1003.6400490556497,0.3196554351720806,134.1410559986183,1499.771542734587,26.178609655925268,1.0,321.5096847448393,40.490315255160695,VALID_POLYGON,1134,0,1134,refine_0.1m
806.308537073296,-597.62855613763,806.308537073296,-597.62855613763,1003.6400490556497,0.3196554351720806,134.14105599861912,1499.771542734587,-26.178609655925268,-1.0,38.49031525516068,40.490315255160695,VALID_POLYGON,1134,0,1134,refine_0.1m
804.408537073296,-600.12855613763,804.408537073296,-600.12855613763,1003.6071833183721,0.3429312682116006,134.14473671899833,1499.771542734587,-26.178609655925268,-1.0,38.53613410918716,40.53613410918715,VALID_POLYGON,1134,0,1134,refine_0.1m
804.408537073296,600.12855613763,804.408537073296,600.12855613763,1003.6071833183721,0.3429312682116006,134.14473671899896,1499.771542734587,26.178609655925268,1.0,321.4638658908128,40.53613410918715,VALID_POLYGON,1134,0,1134,refine_0.1m
804.7085370732959,599.72855613763,804.7085370732959,599.72855613763,1003.6085744380478,0.34306985343505403,134.1448070493828,1499.771542734587,26.178609655925268,1.0,321.4713378884616,40.52866211153837,VALID_POLYGON,1134,0,1134,refine_0.1m
804.7085370732959,-599.72855613763,804.7085370732959,-599.72855613763,1003.6085744380478,0.34306985343505403,134.14480704938364,1499.771542734587,-26.178609655925268,-1.0,38.52866211153837,40.52866211153837,VALID_POLYGON,1134,0,1134,refine_0.1m
805.908537073296,-598.12855613763,805.908537073296,-598.12855613763,1003.6166298915667,0.3411233382935279,134.14538976587542,1499.771542734587,-26.178609655925268,-1.0,38.49869335845544,40.498693358455455,VALID_POLYGON,1134,0,1134,refine_0.1m
805.908537073296,598.12855613763,805.908537073296,598.12855613763,1003.6166298915667,0.3411233382935279,134.14538976587602,1499.771542734587,26.178609655925268,1.0,321.50130664154455,40.498693358455455,VALID_POLYGON,1134,0,1134,refine_0.1m
806.2085370732959,597.72855613763,806.2085370732959,597.72855613763,1003.619266491153,0.3400114973254631,134.1456111184286,1499.771542734587,26.178609655925268,1.0,321.5088190846576,40.4911809153424,VALID_POLYGON,1134,0,1134,refine_0.1m
806.2085370732959,-597.72855613763,806.2085370732959,-597.72855613763,1003.619266491153,0.3400114973254631,134.14561111842923,1499.771542734587,-26.178609655925268,-1.0,38.49118091534239,40.4911809153424,VALID_POLYGON,1134,0,1134,refine_0.1m
804.608537073296,599.8285561376299,804.608537073296,599.8285561376299,1003.5881598989614,0.3630562579388652,134.14938875747,1499.771542734587,26.178609655925268,1.0,321.470480686522,40.52951931347794,VALID_POLYGON,1134,0,1134,refine_0.1m
804.608537073296,-599.8285561376299,804.608537073296,-599.8285561376299,1003.5881598989614,0.3630562579388652,134.14938875747043,1499.771542734587,-26.178609655925268,-1.0,38.52951931347795,40.52951931347794,VALID_POLYGON,1134,0,1134,refine_0.1m
804.2721042074579,600.2737967813584,804.2721042074579,600.2737967813584,1003.5846993196935,0.36480912552576683,134.1497784468208,1499.771542734587,26.178609655925268,1.0,321.4622671197279,40.53773288027206,VALID_POLYGON,1134,0,1134,refine_1m
804.2721042074579,-600.2737967813583,804.2721042074579,-600.2737967813583,1003.5846993196934,0.3648091255258805,134.14977844682164,1499.771542734587,-26.178609655925268,-1.0,38.53773288027205,40.53773288027206,VALID_POLYGON,1134,0,1134,refine_1m
806.108537073296,597.8285561376299,806.108537073296,597.8285561376299,1003.598503424578,0.36034796678757175,134.1501670577,1499.771542734587,26.178609655925268,1.0,321.50795369561314,40.492046304386854,VALID_POLYGON,1134,0,1134,refine_0.1m
806.108537073296,-597.8285561376299,806.108537073296,-597.8285561376299,1003.598503424578,0.36034796678757175,134.15016705770086,1499.771542734587,-26.178609655925268,-1.0,38.49204630438686,40.492046304386854,VALID_POLYGON,1134,0,1134,refine_0.1m
807.2721042074579,-596.2737967813583,807.2721042074579,-596.2737967813583,1003.6088336396773,0.3559315643752825,134.15175930483986,1499.771542734587,-26.178609655925268,-1.0,38.46267371402335,40.46267371402335,VALID_POLYGON,1134,0,1134,refine_5m
807.2721042074579,-596.2737967813583,807.2721042074579,-596.2737967813583,1003.6088336396773,0.3559315643752825,134.15175930483986,1499.771542734587,-26.178609655925268,-1.0,38.46267371402335,40.46267371402335,VALID_POLYGON,1134,0,1134,refine_1m
807.2721042074579,596.2737967813584,807.2721042074579,596.2737967813584,1003.6088336396773,0.3559315643751688,134.15175930484025,1499.771542734587,26.178609655925268,1.0,321.53732628597663,40.46267371402335,VALID_POLYGON,1134,0,1134,refine_5m
807.2721042074579,596.2737967813584,807.2721042074579,596.2737967813584,1003.6088336396773,0.3559315643751688,134.15175930484025,1499.771542734587,26.178609655925268,1.0,321.53732628597663,40.46267371402335,VALID_POLYGON,1134,0,1134,refine_1m
804.508537073296,599.9285561376299,804.508537073296,599.9285561376299,1003.5677648735018,0.3830230543885591,134.15397127300477,1499.771542734587,26.178609655925268,1.0,321.4696237523221,40.53037624767793,VALID_POLYGON,1134,0,1134,refine_0.1m
804.508537073296,-599.9285561376299,804.508537073296,-599.9285561376299,1003.5677648735018,0.3830230543885591,134.1539712730056,1499.771542734587,-26.178609655925268,-1.0,38.530376247677914,40.53037624767793,VALID_POLYGON,1134,0,1134,refine_0.1m
804.808537073296,599.52855613763,804.808537073296,599.52855613763,1003.5692656566014,0.3830516030124045,134.1540614230293,1499.771542734587,26.178609655925268,1.0,321.4771005512166,40.522899448783406,VALID_POLYGON,1134,0,1134,refine_0.1m
804.808537073296,-599.52855613763,804.808537073296,-599.52855613763,1003.5692656566014,0.3830516030124045,134.15406142302993,1499.771542734587,-26.178609655925268,-1.0,38.522899448783406,40.522899448783406,VALID_POLYGON,1134,0,1134,refine_0.1m
806.008537073296,597.9285561376299,806.008537073296,597.9285561376299,1003.5777598571351,0.3806648423628758,134.15472381602476,1499.771542734587,26.178609655925268,1.0,321.50708857757894,40.49291142242105,VALID_POLYGON,1134,0,1134,refine_0.1m
806.008537073296,-597.9285561376299,806.008537073296,-597.9285561376299,1003.5777598571351,0.3806648423628758,134.1547238160256,1499.771542734587,-26.178609655925268,-1.0,38.492911422421045,40.49291142242105,VALID_POLYGON,1134,0,1134,refine_0.1m
806.308537073296,-597.52855613763,806.308537073296,-597.52855613763,1003.5805061663959,0.37944291565361254,134.154965187751,1499.771542734587,-26.178609655925268,-1.0,38.48539414384776,40.48539414384777,VALID_POLYGON,1134,0,1134,refine_0.1m
806.308537073296,597.52855613763,806.308537073296,597.52855613763,1003.5805061663959,0.37944291565361254,134.15496518775143,1499.771542734587,26.178609655925268,1.0,321.51460585615223,40.48539414384777,VALID_POLYGON,1134,0,1134,refine_0.1m
810.2721042074579,592.2737967813584,810.2721042074579,592.2737967813584,1003.6578765747755,0.3220457155165377,134.15680468135983,1499.771542734587,26.178609655925268,1.0,321.61320298756374,40.38679701243627,VALID_POLYGON,1134,0,1134,refine_1m
810.2721042074579,-592.2737967813583,810.2721042074579,-592.2737967813583,1003.6578765747755,0.3220457155165377,134.15680468136108,1499.771542734587,-26.178609655925268,-1.0,38.38679701243625,40.38679701243627,VALID_POLYGON,1134,0,1134,refine_1m
804.408537073296,-600.02855613763,804.408537073296,-600.02855613763,1003.5473893628587,0.4029702416090686,134.1585545955869,1499.771542734587,-26.178609655925268,-1.0,38.531232914263306,40.531232914263306,VALID_POLYGON,1134,0,1134,refine_0.5m
804.408537073296,-600.02855613763,804.408537073296,-600.02855613763,1003.5473893628587,0.4029702416090686,134.1585545955869,1499.771542734587,-26.178609655925268,-1.0,38.531232914263306,40.531232914263306,VALID_POLYGON,1134,0,1134,refine_0.1m
804.408537073296,600.02855613763,804.408537073296,600.02855613763,1003.5473893628587,0.4029702416090686,134.15855459558753,1499.771542734587,26.178609655925268,1.0,321.4687670857367,40.531232914263306,VALID_POLYGON,1134,0,1134,refine_0.5m
804.408537073296,600.02855613763,804.408537073296,600.02855613763,1003.5473893628587,0.4029702416090686,134.15855459558753,1499.771542734587,26.178609655925268,1.0,321.4687670857367,40.531232914263306,VALID_POLYGON,1134,0,1134,refine_0.1m
802.908537073296,602.02855613763,802.908537073296,602.02855613763,1003.5439707906872,0.39872585181035447,134.1585787430197,1499.771542734587,26.178609655925268,1.0,321.43151180417027,40.56848819582972,VALID_POLYGON,1134,0,1134,refine_0.5m
802.908537073296,-602.02855613763,802.908537073296,-602.02855613763,1003.5439707906872,0.39872585181035447,134.1585787430201,1499.771542734587,-26.178609655925268,-1.0,38.56848819582973,40.56848819582972,VALID_POLYGON,1134,0,1134,refine_0.5m
804.7085370732959,-599.62855613763,804.7085370732959,-599.62855613763,1003.5488204239707,0.4030688190263163,134.1586396215144,1499.771542734587,-26.178609655925268,-1.0,38.52375774548562,40.52375774548562,VALID_POLYGON,1134,0,1134,refine_0.1m
804.7085370732959,599.62855613763,804.7085370732959,599.62855613763,1003.5488204239707,0.4030688190263163,134.1586396215148,1499.771542734587,26.178609655925268,1.0,321.4762422545144,40.52375774548562,VALID_POLYGON,1134,0,1134,refine_0.1m
805.908537073296,598.02855613763,805.908537073296,598.02855613763,1003.5570357900334,0.40096212285652655,134.15928139299348,1499.771542734587,26.178609655925268,1.0,321.50622373042813,40.49377626957187,VALID_POLYGON,1134,0,1134,refine_0.5m
805.908537073296,598.02855613763,805.908537073296,598.02855613763,1003.5570357900334,0.40096212285652655,134.15928139299348,1499.771542734587,26.178609655925268,1.0,321.50622373042813,40.49377626957187,VALID_POLYGON,1134,0,1134,refine_0.1m
805.908537073296,-598.02855613763,805.908537073296,-598.02855613763,1003.5570357900334,0.40096212285652655,134.15928139299453,1499.771542734587,-26.178609655925268,-1.0,38.49377626957185,40.49377626957187,VALID_POLYGON,1134,0,1134,refine_0.5m
805.908537073296,-598.02855613763,805.908537073296,-598.02855613763,1003.5570357900334,0.40096212285652655,134.15928139299453,1499.771542734587,-26.178609655925268,-1.0,38.49377626957185,40.49377626957187,VALID_POLYGON,1134,0,1134,refine_0.1m
801.408537073296,-604.02855613763,801.408537073296,-604.02855613763,1003.5467801371645,0.3882290331055174,134.15934583800714,1499.771542734587,-26.178609655925268,-1.0,38.60554370242961,40.60554370242962,VALID_POLYGON,1134,0,1134,refine_0.5m
801.408537073296,604.02855613763,801.408537073296,604.02855613763,1003.5467801371645,0.3882290331055174,134.15934583800797,1499.771542734587,26.178609655925268,1.0,321.3944562975704,40.60554370242962,VALID_POLYGON,1134,0,1134,refine_0.5m
806.2085370732959,597.62855613763,806.2085370732959,597.62855613763,1003.5597124043055,0.39981019933100015,134.15951757786308,1499.771542734587,26.178609655925268,1.0,321.51373936386045,40.486260636139555,VALID_POLYGON,1134,0,1134,refine_0.1m
806.2085370732959,-597.62855613763,806.2085370732959,-597.62855613763,1003.5597124043055,0.39981019933100015,134.1595175778639,1499.771542734587,-26.178609655925268,-1.0,38.486260636139555,40.486260636139555,VALID_POLYGON,1134,0,1134,refine_0.1m
795.2721042074579,612.2737967813584,795.2721042074579,612.2737967813584,1003.6617567465735,0.24139480422502402,134.16157961628,1499.771542734587,26.178609655925268,1.0,321.24186726151737,40.75813273848264,VALID_POLYGON,1134,0,1134,refine_1m
795.2721042074579,-612.2737967813583,795.2721042074579,-612.2737967813583,1003.6617567465734,0.2413948042251377,134.16157961628042,1499.771542734587,-26.178609655925268,-1.0,38.75813273848263,40.758132738482615,VALID_POLYGON,1134,0,1134,refine_1m
804.608537073296,-599.72855613763,804.608537073296,-599.72855613763,1003.5283947044827,0.42306642743358225,134.16321862894694,1499.771542734587,-26.178609655925268,-1.0,38.52461577404806,40.524615774048065,VALID_POLYGON,1134,0,1134,refine_0.1m
804.608537073296,599.72855613763,804.608537073296,599.72855613763,1003.5283947044827,0.42306642743358225,134.16321862894756,1499.771542734587,26.178609655925268,1.0,321.4753842259519,40.524615774048065,VALID_POLYGON,1134,0,1134,refine_0.1m
806.108537073296,-597.72855613763,806.108537073296,-597.72855613763,1003.5389381408304,0.4201578896020237,134.16407078855397,1499.771542734587,-26.178609655925268,-1.0,38.48712685701652,40.487126857016534,VALID_POLYGON,1134,0,1134,refine_0.1m
806.108537073296,597.72855613763,806.108537073296,597.72855613763,1003.5389381408304,0.4201578896020237,134.1640707885544,1499.771542734587,26.178609655925268,1.0,321.5128731429835,40.487126857016534,VALID_POLYGON,1134,0,1134,refine_0.1m
804.508537073296,599.8285561376299,804.508537073296,599.8285561376299,1003.5079884993287,0.44304442705765723,134.16779844492638,1499.771542734587,26.178609655925268,1.0,321.47452646540404,40.52547353459596,VALID_POLYGON,1134,0,1134,refine_0.1m
804.508537073296,-599.8285561376299,804.508537073296,-599.8285561376299,1003.5079884993287,0.44304442705765723,134.167798444927,1499.771542734587,-26.178609655925268,-1.0,38.52547353459596,40.52547353459596,VALID_POLYGON,1134,0,1134,refine_0.1m
806.008537073296,-597.8285561376299,806.008537073296,-597.8285561376299,1003.5181833771813,0.44048598527047034,134.16862481941263,1499.771542734587,-26.178609655925268,-1.0,38.487992806605746,40.48799280660574,VALID_POLYGON,1134,0,1134,refine_0.1m
806.008537073296,597.8285561376299,806.008537073296,597.8285561376299,1003.5181833771813,0.44048598527047034,134.16862481941303,1499.771542734587,26.178609655925268,1.0,321.51200719339425,40.48799280660574,VALID_POLYGON,1134,0,1134,refine_0.1m
792.2721042074579,616.2737967813584,792.2721042074579,616.2737967813584,1003.737256309949,0.15025131816946669,134.17122257675817,1499.771542734587,26.178609655925268,1.0,321.1699519592272,40.830048040772816,VALID_POLYGON,1134,0,1134,refine_5m
792.2721042074579,616.2737967813584,792.2721042074579,616.2737967813584,1003.737256309949,0.15025131816946669,134.17122257675817,1499.771542734587,26.178609655925268,1.0,321.1699519592272,40.830048040772816,VALID_POLYGON,1134,0,1134,refine_1m
792.2721042074579,-616.2737967813583,792.2721042074579,-616.2737967813583,1003.7372563099489,0.15025131816946669,134.1712225767588,1499.771542734587,-26.178609655925268,-1.0,38.8300480407728,40.830048040772816,VALID_POLYGON,1134,0,1134,refine_5m
792.2721042074579,-616.2737967813583,792.2721042074579,-616.2737967813583,1003.7372563099489,0.15025131816946669,134.1712225767588,1499.771542734587,-26.178609655925268,-1.0,38.8300480407728,40.830048040772816,VALID_POLYGON,1134,0,1134,refine_1m
804.408537073296,599.9285561376299,804.408537073296,599.9285561376299,1003.4876018096993,0.46300281672233723,134.17237906905086,1499.771542734587,26.178609655925268,1.0,321.4736689727455,40.526331027254514,VALID_POLYGON,1134,0,1134,refine_0.1m
804.408537073296,-599.9285561376299,804.408537073296,-599.9285561376299,1003.4876018096993,0.46300281672233723,134.1723790690519,1499.771542734587,-26.178609655925268,-1.0,38.52633102725451,40.526331027254514,VALID_POLYGON,1134,0,1134,refine_0.1m
804.7085370732959,599.52855613763,804.7085370732959,599.52855613763,1003.4890728169966,0.46306138152840504,134.17247880107615,1499.771542734587,26.178609655925268,1.0,321.4811473133638,40.51885268663619,VALID_POLYGON,1134,0,1134,refine_0.1m
804.7085370732959,-599.52855613763,804.7085370732959,-599.52855613763,1003.4890728169966,0.46306138152840504,134.172478801077,1499.771542734587,-26.178609655925268,-1.0,38.51885268663618,40.51885268663619,VALID_POLYGON,1134,0,1134,refine_0.1m
805.908537073296,597.9285561376299,805.908537073296,597.9285561376299,1003.4974481145684,0.4607944851403545,134.1731796700302,1499.771542734587,26.178609655925268,1.0,321.5111415149657,40.48885848503429,VALID_POLYGON,1134,0,1134,refine_0.1m
805.908537073296,-597.9285561376299,805.908537073296,-597.9285561376299,1003.4974481145684,0.4607944851403545,134.17317967003083,1499.771542734587,-26.178609655925268,-1.0,38.48885848503429,40.48885848503429,VALID_POLYGON,1134,0,1134,refine_0.1m
806.2085370732959,597.52855613763,806.2085370732959,597.52855613763,1003.5001647482599,0.459602474267399,134.17343069790226,1499.771542734587,26.178609655925268,1.0,321.5186603394342,40.48133966056585,VALID_POLYGON,1134,0,1134,refine_0.1m
806.2085370732959,-597.52855613763,806.2085370732959,-597.52855613763,1003.5001647482599,0.459602474267399,134.1734306979027,1499.771542734587,-26.178609655925268,-1.0,38.48133966056585,40.48133966056585,VALID_POLYGON,1134,0,1134,refine_0.1m
804.608537073296,599.62855613763,804.608537073296,599.62855613763,1003.4686359159057,0.48307019505625703,134.1770551056063,1499.771542734587,26.178609655925268,1.0,321.48028845796614,40.519711542033875,VALID_POLYGON,1134,0,1134,refine_0.1m
804.608537073296,-599.62855613763,804.608537073296,-599.62855613763,1003.4686359159057,0.48307019505625703,134.17705510560714,1499.771542734587,-26.178609655925268,-1.0,38.519711542033875,40.519711542033875,VALID_POLYGON,1134,0,1134,refine_0.1m
806.108537073296,597.62855613763,806.108537073296,597.62855613763,1003.4793792866885,0.47996138655923914,134.17798117773373,1499.771542734587,26.178609655925268,1.0,321.5177932865107,40.48220671348931,VALID_POLYGON,1134,0,1134,refine_0.1m
806.108537073296,-597.62855613763,806.108537073296,-597.62855613763,1003.4793792866885,0.47996138655923914,134.17798117773452,1499.771542734587,-26.178609655925268,-1.0,38.482206713489305,40.48220671348931,VALID_POLYGON,1134,0,1134,refine_0.1m
803.908537073296,600.52855613763,803.908537073296,600.52855613763,1003.4458045734575,0.5024119982230104,134.18148330018522,1499.771542734587,26.178609655925268,1.0,321.46448776265754,40.53551223734245,VALID_POLYGON,1134,0,1134,refine_1m
803.908537073296,600.52855613763,803.908537073296,600.52855613763,1003.4458045734575,0.5024119982230104,134.18148330018522,1499.771542734587,26.178609655925268,1.0,321.46448776265754,40.53551223734245,VALID_POLYGON,1134,0,1134,refine_0.5m
803.908537073296,-600.52855613763,803.908537073296,-600.52855613763,1003.4458045734575,0.5024119982230104,134.18148330018585,1499.771542734587,-26.178609655925268,-1.0,38.53551223734244,40.53551223734245,VALID_POLYGON,1134,0,1134,refine_1m
803.908537073296,-600.52855613763,803.908537073296,-600.52855613763,1003.4458045734575,0.5024119982230104,134.18148330018585,1499.771542734587,-26.178609655925268,-1.0,38.53551223734244,40.53551223734245,VALID_POLYGON,1134,0,1134,refine_0.5m
804.508537073296,-599.72855613763,804.508537073296,-599.72855613763,1003.4482185298558,0.5030593990718444,134.18163221978438,1499.771542734587,-26.178609655925268,-1.0,38.52057012914203,40.52057012914204,VALID_POLYGON,1134,0,1134,refine_0.1m
804.508537073296,599.72855613763,804.508537073296,599.72855613763,1003.4482185298558,0.5030593990718444,134.1816322197852,1499.771542734587,26.178609655925268,1.0,321.479429870858,40.52057012914204,VALID_POLYGON,1134,0,1134,refine_0.1m
802.408537073296,-602.52855613763,802.408537073296,-602.52855613763,1003.4441296501784,0.49641631545080145,134.18163445047168,1499.771542734587,-26.178609655925268,-1.0,38.5727270375502,40.57272703755021,VALID_POLYGON,1134,0,1134,refine_0.5m
802.408537073296,602.52855613763,802.408537073296,602.52855613763,1003.4441296501784,0.49641631545080145,134.1816344504723,1499.771542734587,26.178609655925268,1.0,321.4272729624498,40.57272703755021,VALID_POLYGON,1134,0,1134,refine_0.5m
805.408537073296,-598.52855613763,805.408537073296,-598.52855613763,1003.4537080018903,0.5021545573581534,134.1820815432284,1499.771542734587,-26.178609655925268,-1.0,38.498096446510836,40.49809644651083,VALID_POLYGON,1134,0,1134,refine_0.5m
805.408537073296,598.52855613763,805.408537073296,598.52855613763,1003.4537080018903,0.5021545573581534,134.18208154322946,1499.771542734587,26.178609655925268,1.0,321.50190355348917,40.49809644651083,VALID_POLYGON,1134,0,1134,refine_0.5m
800.908537073296,604.52855613763,800.908537073296,604.52855613763,1003.4486832632423,0.4841676215712596,134.18252702068045,1499.771542734587,26.178609655925268,1.0,321.3902575688268,40.60974243117318,VALID_POLYGON,1134,0,1134,refine_5m
800.908537073296,604.52855613763,800.908537073296,604.52855613763,1003.4486832632423,0.4841676215712596,134.18252702068045,1499.771542734587,26.178609655925268,1.0,321.3902575688268,40.60974243117318,VALID_POLYGON,1134,0,1134,refine_1m
800.908537073296,604.52855613763,800.908537073296,604.52855613763,1003.4486832632423,0.4841676215712596,134.18252702068045,1499.771542734587,26.178609655925268,1.0,321.3902575688268,40.60974243117318,VALID_POLYGON,1134,0,1134,refine_0.5m
800.908537073296,-604.52855613763,800.908537073296,-604.52855613763,1003.4486832632423,0.4841676215712596,134.18252702068085,1499.771542734587,-26.178609655925268,-1.0,38.609742431173174,40.60974243117318,VALID_POLYGON,1134,0,1134,refine_5m
800.908537073296,-604.52855613763,800.908537073296,-604.52855613763,1003.4486832632423,0.4841676215712596,134.18252702068085,1499.771542734587,-26.178609655925268,-1.0,38.609742431173174,40.60974243117318,VALID_POLYGON,1134,0,1134,refine_1m
800.908537073296,-604.52855613763,800.908537073296,-604.52855613763,1003.4486832632423,0.4841676215712596,134.18252702068085,1499.771542734587,-26.178609655925268,-1.0,38.609742431173174,40.60974243117318,VALID_POLYGON,1134,0,1134,refine_0.5m
806.008537073296,-597.72855613763,806.008537073296,-597.72855613763,1003.4586133256372,0.50030070353273,134.1825324788513,1499.771542734587,-26.178609655925268,-1.0,38.483073494847496,40.483073494847496,VALID_POLYGON,1134,0,1134,refine_0.1m
806.008537073296,597.72855613763,806.008537073296,597.72855613763,1003.4586133256372,0.50030070353273,134.18253247885195,1499.771542734587,26.178609655925268,1.0,321.5169265051525,40.483073494847496,VALID_POLYGON,1134,0,1134,refine_0.1m
806.908537073296,596.52855613763,806.908537073296,596.52855613763,1003.4678397883074,0.4956439976880347,134.18343727002195,1499.771542734587,26.178609655925268,1.0,321.5395219354545,40.4604780645455,VALID_POLYGON,1134,0,1134,refine_0.5m
806.908537073296,-596.52855613763,806.908537073296,-596.52855613763,1003.4678397883074,0.4956439976880347,134.18343727002195,1499.771542734587,-26.178609655925268,-1.0,38.46047806454549,40.4604780645455,VALID_POLYGON,1134,0,1134,refine_0.5m
789.2721042074579,-620.2737967813583,789.2721042074579,-620.2737967813583,1003.8376549291374,0.03411497429681276,134.1836218157444,1499.771542734587,-26.178609655925268,-1.0,38.90120767469219,40.90120767469219,VALID_POLYGON,1134,0,1134,refine_1m
789.2721042074579,620.2737967813584,789.2721042074579,620.2737967813584,1003.8376549291376,0.034114974296699074,134.18362181574525,1499.771542734587,26.178609655925268,1.0,321.09879232530784,40.901207674692195,VALID_POLYGON,1134,0,1134,refine_1m
804.408537073296,-599.8285561376299,804.408537073296,-599.8285561376299,1003.4278206600383,0.523028992398622,134.18621014320686,1499.771542734587,-26.178609655925268,-1.0,38.521428448085956,40.52142844808595,VALID_POLYGON,1134,0,1134,refine_0.1m
804.408537073296,599.8285561376299,804.408537073296,599.8285561376299,1003.4278206600383,0.523028992398622,134.1862101432075,1499.771542734587,26.178609655925268,1.0,321.47857155191406,40.52142844808595,VALID_POLYGON,1134,0,1134,refine_0.1m
797.908537073296,608.52855613763,797.908537073296,608.52855613763,1003.4764756432489,0.44091223734210416,134.1865050997484,1499.771542734587,26.178609655925268,1.0,321.31681874629624,40.68318125370381,VALID_POLYGON,1134,0,1134,refine_1m
797.908537073296,-608.52855613763,797.908537073296,-608.52855613763,1003.4764756432489,0.44091223734210416,134.186505099749,1499.771542734587,-26.178609655925268,-1.0,38.68318125370379,40.68318125370381,VALID_POLYGON,1134,0,1134,refine_1m
805.908537073296,597.8285561376299,805.908537073296,597.8285561376299,1003.4378668663164,0.5206204239915451,134.18708460084318,1499.771542734587,26.178609655925268,1.0,321.5160599952324,40.483940004767604,VALID_POLYGON,1134,0,1134,refine_0.1m
805.908537073296,-597.8285561376299,805.908537073296,-597.8285561376299,1003.4378668663164,0.5206204239915451,134.1870846008438,1499.771542734587,-26.178609655925268,-1.0,38.48394000476759,40.483940004767604,VALID_POLYGON,1134,0,1134,refine_0.1m
804.608537073296,599.52855613763,804.608537073296,599.52855613763,1003.4088835343749,0.543067559653764,134.19089819127106,1499.771542734587,26.178609655925268,1.0,321.48519338263947,40.51480661736055,VALID_POLYGON,1134,0,1134,refine_0.1m
804.608537073296,-599.52855613763,804.608537073296,-599.52855613763,1003.4088835343749,0.543067559653764,134.1908981912719,1499.771542734587,-26.178609655925268,-1.0,38.51480661736054,40.51480661736055,VALID_POLYGON,1134,0,1134,refine_0.1m
806.108537073296,-597.52855613763,806.108537073296,-597.52855613763,1003.4198268632977,0.5397584565056377,134.1918982291073,1499.771542734587,-26.178609655925268,-1.0,38.47728587373003,40.47728587373004,VALID_POLYGON,1134,0,1134,refine_0.1m
806.108537073296,597.52855613763,806.108537073296,597.52855613763,1003.4198268632977,0.5397584565056377,134.19189822910732,1499.771542734587,26.178609655925268,1.0,321.52271412627,40.47728587373004,VALID_POLYGON,1134,0,1134,refine_0.1m
804.508537073296,-599.62855613763,804.508537073296,-599.62855613763,1003.3884549662278,0.563067969278336,134.19547260139677,1499.771542734587,-26.178609655925268,-1.0,38.51566603124129,40.51566603124128,VALID_POLYGON,1134,0,1134,refine_0.1m
804.508537073296,599.62855613763,804.508537073296,599.62855613763,1003.3884549662278,0.563067969278336,134.19547260139697,1499.771542734587,26.178609655925268,1.0,321.48433396875873,40.51566603124128,VALID_POLYGON,1134,0,1134,refine_0.1m
803.2721042074579,601.2737967813584,803.2721042074579,601.2737967813584,1003.3824057126711,0.5628127687011784,134.19569620064703,1499.771542734587,26.178609655925268,1.0,321.4537277504363,40.54627224956368,VALID_POLYGON,1134,0,1134,refine_1m
803.2721042074579,-601.2737967813583,803.2721042074579,-601.2737967813583,1003.3824057126711,0.562812768701292,134.1956962006481,1499.771542734587,-26.178609655925268,-1.0,38.546272249563664,40.54627224956367,VALID_POLYGON,1134,0,1134,refine_1m
806.008537073296,-597.62855613763,806.008537073296,-597.62855613763,1003.3990497036476,0.5601089959964156,134.19644679820402,1499.771542734587,-26.178609655925268,-1.0,38.47815348707112,40.47815348707113,VALID_POLYGON,1134,0,1134,refine_0.1m
806.008537073296,597.62855613763,806.008537073296,597.62855613763,1003.3990497036476,0.5601089959964156,134.19644679820507,1499.771542734587,26.178609655925268,1.0,321.5218465129289,40.47815348707113,VALID_POLYGON,1134,0,1134,refine_0.1m
806.2721042074579,-597.2737967813583,806.2721042074579,-597.2737967813583,1003.3995686389053,0.560937353011127,134.1971611979737,1499.771542734587,-26.178609655925268,-1.0,38.47137688544802,40.471376885448024,VALID_POLYGON,1134,0,1134,refine_1m
806.2721042074579,597.2737967813584,806.2721042074579,597.2737967813584,1003.3995686389054,0.5609373530110133,134.19716119797434,1499.771542734587,26.178609655925268,1.0,321.528623114552,40.471376885448024,VALID_POLYGON,1134,0,1134,refine_1m
804.408537073296,-599.72855613763,804.408537073296,-599.72855613763,1003.3680459150205,0.5830487674847973,134.20004782186882,1499.771542734587,-26.178609655925268,-1.0,38.516525176682826,40.51652517668283,VALID_POLYGON,1134,0,1134,refine_0.1m
804.408537073296,599.72855613763,804.408537073296,599.72855613763,1003.3680459150205,0.5830487674847973,134.20004782186965,1499.771542734587,26.178609655925268,1.0,321.4834748233172,40.51652517668283,VALID_POLYGON,1134,0,1134,refine_0.1m
805.908537073296,-597.72855613763,805.908537073296,-597.72855613763,1003.3782920464225,0.580439938256518,134.20099618929495,1499.771542734587,-26.178609655925268,-1.0,38.479020828696605,40.4790208286966,VALID_POLYGON,1134,0,1134,refine_0.1m
805.908537073296,597.72855613763,805.908537073296,597.72855613763,1003.3782920464225,0.580439938256518,134.20099618929558,1499.771542734587,26.178609655925268,1.0,321.5209791713034,40.4790208286966,VALID_POLYGON,1134,0,1134,refine_0.1m
809.2721042074579,593.2737967813584,809.2721042074579,593.2737967813584,1003.4416458348413,0.534048269490313,134.20167795590706,1499.771542734587,26.178609655925268,1.0,321.60433297503164,40.39566702496835,VALID_POLYGON,1134,0,1134,refine_1m
809.2721042074579,-593.2737967813583,809.2721042074579,-593.2737967813583,1003.4416458348413,0.534048269490313,134.2016779559079,1499.771542734587,-26.178609655925268,-1.0,38.39566702496834,40.39566702496835,VALID_POLYGON,1134,0,1134,refine_1m
803.408537073296,601.02855613763,803.408537073296,601.02855613763,1003.3447078323271,0.6013633484673164,134.2044321209944,1499.771542734587,26.178609655925268,1.0,321.46021511123195,40.53978488876807,VALID_POLYGON,1134,0,1134,refine_0.5m
803.408537073296,-601.02855613763,803.408537073296,-601.02855613763,1003.3447078323271,0.6013633484673164,134.20443212099482,1499.771542734587,-26.178609655925268,-1.0,38.53978488876806,40.53978488876807,VALID_POLYGON,1134,0,1134,refine_0.5m
801.908537073296,603.02855613763,801.908537073296,603.02855613763,1003.3447769079522,0.5936160310817513,134.20470999015706,1499.771542734587,26.178609655925268,1.0,321.4230407119409,40.57695928805908,VALID_POLYGON,1134,0,1134,refine_0.5m
801.908537073296,-603.02855613763,801.908537073296,-603.02855613763,1003.3447769079522,0.5936160310817513,134.20470999015788,1499.771542734587,-26.178609655925268,-1.0,38.57695928805908,40.57695928805908,VALID_POLYGON,1134,0,1134,refine_0.5m
804.908537073296,599.02855613763,804.908537073296,599.02855613763,1003.3508679030517,0.602856936215062,134.20490209847273,1499.771542734587,26.178609655925268,1.0,321.4975901296462,40.50240987035377,VALID_POLYGON,1134,0,1134,refine_0.5m
804.908537073296,-599.02855613763,804.908537073296,-599.02855613763,1003.3508679030517,0.602856936215062,134.20490209847335,1499.771542734587,-26.178609655925268,-1.0,38.50240987035378,40.50240987035377,VALID_POLYGON,1134,0,1134,refine_0.5m
806.408537073296,-597.02855613763,806.408537073296,-597.02855613763,1003.3632570053961,0.5980967662865169,134.20612798877676,1499.771542734587,-26.178609655925268,-1.0,38.464832636466554,40.46483263646656,VALID_POLYGON,1134,0,1134,refine_0.5m
806.408537073296,597.02855613763,806.408537073296,597.02855613763,1003.3632570053961,0.5980967662865169,134.20612798877738,1499.771542734587,26.178609655925268,1.0,321.53516736353345,40.46483263646656,VALID_POLYGON,1134,0,1134,refine_0.5m
815.908537073296,584.52855613763,815.908537073296,584.52855613763,1003.6834031752385,0.32528020046640904,134.20794715044468,1499.771542734587,26.178609655925268,1.0,321.7695783984483,40.23042160155174,VALID_POLYGON,1134,0,1134,refine_5m
815.908537073296,-584.52855613763,815.908537073296,-584.52855613763,1003.6834031752385,0.32528020046640904,134.2079471504453,1499.771542734587,-26.178609655925268,-1.0,38.230421601551726,40.23042160155174,VALID_POLYGON,1134,0,1134,refine_5m
794.2721042074579,613.2737967813584,794.2721042074579,613.2737967813584,1003.4804060572213,0.4183649900498949,134.2089722465243,1499.771542734587,26.178609655925268,1.0,321.2338017262576,40.766198273742425,VALID_POLYGON,1134,0,1134,refine_1m
794.2721042074579,-613.2737967813583,794.2721042074579,-613.2737967813583,1003.4804060572212,0.4183649900498949,134.20897224652515,1499.771542734587,-26.178609655925268,-1.0,38.76619827374241,40.76619827374241,VALID_POLYGON,1134,0,1134,refine_1m
804.508537073296,599.52855613763,804.508537073296,599.52855613763,1003.3286978095894,0.6230701365238929,134.2093195935873,1499.771542734587,26.178609655925268,1.0,321.4892387591811,40.510761240818915,VALID_POLYGON,1134,0,1134,refine_0.1m
804.508537073296,-599.52855613763,804.508537073296,-599.52855613763,1003.3286978095894,0.6230701365238929,134.20931959358774,1499.771542734587,-26.178609655925268,-1.0,38.51076124081891,40.510761240818915,VALID_POLYGON,1134,0,1134,refine_0.1m
806.008537073296,597.52855613763,806.008537073296,597.52855613763,1003.3394925123578,0.619910861507833,134.21036778133856,1499.771542734587,26.178609655925268,1.0,321.52676721679853,40.47323278320146,VALID_POLYGON,1134,0,1134,refine_0.1m
806.008537073296,-597.52855613763,806.008537073296,-597.52855613763,1003.3394925123578,0.619910861507833,134.2103677813394,1499.771542734587,-26.178609655925268,-1.0,38.47323278320146,40.47323278320146,VALID_POLYGON,1134,0,1134,refine_0.1m
804.408537073296,-599.62855613763,804.408537073296,-599.62855613763,1003.3082775757903,0.6430621408276238,134.2138921088587,1499.771542734587,-26.178609655925268,-1.0,38.51162121297033,40.51162121297033,VALID_POLYGON,1134,0,1134,refine_0.1m
804.408537073296,599.62855613763,804.408537073296,599.62855613763,1003.3082775757903,0.6430621408276238,134.2138921088593,1499.771542734587,26.178609655925268,1.0,321.48837878702966,40.51162121297033,VALID_POLYGON,1134,0,1134,refine_0.1m
805.908537073296,597.62855613763,805.908537073296,597.62855613763,1003.3187236560317,0.6402530267816928,134.21491443924756,1499.771542734587,26.178609655925268,1.0,321.5258990432538,40.47410095674622,VALID_POLYGON,1134,0,1134,refine_0.1m
805.908537073296,-597.62855613763,805.908537073296,-597.62855613763,1003.3187236560317,0.6402530267816928,134.21491443924816,1499.771542734587,-26.178609655925268,-1.0,38.47410095674621,40.47410095674622,VALID_POLYGON,1134,0,1134,refine_0.1m
791.2721042074579,617.2737967813584,791.2721042074579,617.2737967813584,1003.5628944365031,0.3202031023716927,134.21908380764316,1499.771542734587,26.178609655925268,1.0,321.162038723119,40.837961276881025,VALID_POLYGON,1134,0,1134,refine_1m
791.2721042074579,-617.2737967813583,791.2721042074579,-617.2737967813583,1003.562894436503,0.3202031023716927,134.2190838076434,1499.771542734587,-26.178609655925268,-1.0,38.83796127688102,40.837961276881025,VALID_POLYGON,1134,0,1134,refine_1m
802.908537073296,-601.52855613763,802.908537073296,-601.52855613763,1003.244099287009,0.6998241466609443,134.2274010082272,1499.771542734587,-26.178609655925268,-1.0,38.544050884082694,40.5440508840827,VALID_POLYGON,1134,0,1134,refine_1m
802.908537073296,-601.52855613763,802.908537073296,-601.52855613763,1003.244099287009,0.6998241466609443,134.2274010082272,1499.771542734587,-26.178609655925268,-1.0,38.544050884082694,40.5440508840827,VALID_POLYGON,1134,0,1134,refine_0.5m
802.908537073296,601.52855613763,802.908537073296,601.52855613763,1003.244099287009,0.6998241466609443,134.22740100822782,1499.771542734587,26.178609655925268,1.0,321.4559491159173,40.5440508840827,VALID_POLYGON,1134,0,1134,refine_1m
802.908537073296,601.52855613763,802.908537073296,601.52855613763,1003.244099287009,0.6998241466609443,134.22740100822782,1499.771542734587,26.178609655925268,1.0,321.4559491159173,40.5440508840827,VALID_POLYGON,1134,0,1134,refine_0.5m
804.408537073296,599.52855613763,804.408537073296,599.52855613763,1003.2485156434927,0.7030691112737486,134.2277430079982,1499.771542734587,26.178609655925268,1.0,321.4932834431263,40.50671655687371,VALID_POLYGON,1134,0,1134,refine_0.5m
804.408537073296,599.52855613763,804.408537073296,599.52855613763,1003.2485156434927,0.7030691112737486,134.2277430079982,1499.771542734587,26.178609655925268,1.0,321.4932834431263,40.50671655687371,VALID_POLYGON,1134,0,1134,refine_0.1m
804.408537073296,-599.52855613763,804.408537073296,-599.52855613763,1003.2485156434927,0.7030691112737486,134.22774300799887,1499.771542734587,-26.178609655925268,-1.0,38.506716556873705,40.50671655687371,VALID_POLYGON,1134,0,1134,refine_0.5m
804.408537073296,-599.52855613763,804.408537073296,-599.52855613763,1003.2485156434927,0.7030691112737486,134.22774300799887,1499.771542734587,-26.178609655925268,-1.0,38.506716556873705,40.50671655687371,VALID_POLYGON,1134,0,1134,refine_0.1m
801.408537073296,-603.52855613763,801.408537073296,-603.52855613763,1003.2459127091088,0.6903248555024675,134.22780531321874,1499.771542734587,-26.178609655925268,-1.0,38.5811849626719,40.581184962671905,VALID_POLYGON,1134,0,1134,refine_0.5m
801.408537073296,603.52855613763,801.408537073296,603.52855613763,1003.2459127091088,0.6903248555024675,134.22780531321956,1499.771542734587,26.178609655925268,1.0,321.4188150373281,40.581184962671905,VALID_POLYGON,1134,0,1134,refine_0.5m
805.908537073296,-597.52855613763,805.908537073296,-597.52855613763,1003.2591616962892,0.7000596884131483,134.2288393545707,1499.771542734587,-26.178609655925268,-1.0,38.46918038884131,40.46918038884131,VALID_POLYGON,1134,0,1134,refine_0.5m
805.908537073296,-597.52855613763,805.908537073296,-597.52855613763,1003.2591616962892,0.7000596884131483,134.2288393545707,1499.771542734587,-26.178609655925268,-1.0,38.46918038884131,40.46918038884131,VALID_POLYGON,1134,0,1134,refine_0.1m
805.908537073296,597.52855613763,805.908537073296,597.52855613763,1003.2591616962892,0.7000596884131483,134.22883935457133,1499.771542734587,26.178609655925268,1.0,321.5308196111587,40.46918038884131,VALID_POLYGON,1134,0,1134,refine_0.5m
805.908537073296,597.52855613763,805.908537073296,597.52855613763,1003.2591616962892,0.7000596884131483,134.22883935457133,1499.771542734587,26.178609655925268,1.0,321.5308196111587,40.46918038884131,VALID_POLYGON,1134,0,1134,refine_0.1m
799.908537073296,-605.52855613763,799.908537073296,-605.52855613763,1003.2539558760102,0.6745714161537535,134.22894799704824,1499.771542734587,-26.178609655925268,-1.0,38.61812036848348,40.61812036848348,VALID_POLYGON,1134,0,1134,refine_1m
799.908537073296,605.52855613763,799.908537073296,605.52855613763,1003.2539558760102,0.6745714161537535,134.2289479970493,1499.771542734587,26.178609655925268,1.0,321.38187963151654,40.61812036848348,VALID_POLYGON,1134,0,1134,refine_1m
785.908537073296,624.52855613763,785.908537073296,624.52855613763,1003.8367128552537,0.017873687729093035,134.23055625115842,1499.771542734587,26.178609655925268,1.0,321.03073387801624,40.96926612198376,VALID_POLYGON,1134,0,1134,refine_5m
785.908537073296,-624.52855613763,785.908537073296,-624.52855613763,1003.8367128552537,0.017873687729093035,134.23055625115904,1499.771542734587,-26.178609655925268,-1.0,38.969266121983765,40.96926612198376,VALID_POLYGON,1134,0,1134,refine_5m
788.2721042074579,-621.2737967813583,788.2721042074579,-621.2737967813583,1003.6702849236784,0.19704561278592791,134.23194070705992,1499.771542734587,-26.178609655925268,-1.0,38.908971332548965,40.90897133254898,VALID_POLYGON,1134,0,1134,refine_1m
788.2721042074579,621.2737967813584,788.2721042074579,621.2737967813584,1003.6702849236785,0.19704561278592791,134.23194070706117,1499.771542734587,26.178609655925268,1.0,321.09102866745104,40.90897133254898,VALID_POLYGON,1134,0,1134,refine_1m
796.908537073296,609.52855613763,796.908537073296,609.52855613763,1003.2887307288588,0.6243033933327524,134.2334173656016,1499.771542734587,26.178609655925268,1.0,321.3085986154378,40.69140138456219,VALID_POLYGON,1134,0,1134,refine_1m
796.908537073296,-609.52855613763,796.908537073296,-609.52855613763,1003.2887307288588,0.6243033933327524,134.23341736560246,1499.771542734587,-26.178609655925268,-1.0,38.69140138456219,40.69140138456219,VALID_POLYGON,1134,0,1134,refine_1m
802.2721042074579,602.2737967813584,802.2721042074579,602.2737967813584,1003.1820649707088,0.7588541263055504,134.2416940476152,1499.771542734587,26.178609655925268,1.0,321.4452149590003,40.554785040999725,VALID_POLYGON,1134,0,1134,refine_1m
802.2721042074579,-602.2737967813583,802.2721042074579,-602.2737967813583,1003.1820649707087,0.7588541263055504,134.2416940476156,1499.771542734587,-26.178609655925268,-1.0,38.554785040999704,40.55478504099972,VALID_POLYGON,1134,0,1134,refine_1m
805.2721042074579,598.2737967813584,805.2721042074579,598.2737967813584,1003.1922536233467,0.7639836700961951,134.2426455010869,1499.771542734587,26.178609655925268,1.0,321.5199471736709,40.48005282632907,VALID_POLYGON,1134,0,1134,refine_1m
805.2721042074579,-598.2737967813583,805.2721042074579,-598.2737967813583,1003.1922536233466,0.7639836700963087,134.24264550108796,1499.771542734587,-26.178609655925268,-1.0,38.480052826329064,40.48005282632907,VALID_POLYGON,1134,0,1134,refine_1m
808.2721042074579,594.2737967813584,808.2721042074579,594.2737967813584,1003.2273620575164,0.7440943108030069,134.24663603709246,1499.771542734587,26.178609655925268,1.0,321.59549086211393,40.40450913788605,VALID_POLYGON,1134,0,1134,refine_1m
808.2721042074579,-594.2737967813583,808.2721042074579,-594.2737967813583,1003.2273620575163,0.7440943108031206,134.24663603709269,1499.771542734587,-26.178609655925268,-1.0,38.40450913788604,40.404509137886045,VALID_POLYGON,1134,0,1134,refine_1m
796.2721042074579,610.2737967813584,796.2721042074579,610.2737967813584,1003.2364481900105,0.6735417496389573,134.24865228231104,1499.771542734587,26.178609655925268,1.0,321.29813419180533,40.70186580819468,VALID_POLYGON,1134,0,1134,refine_1m
796.2721042074579,-610.2737967813583,796.2721042074579,-610.2737967813583,1003.2364481900104,0.673541749639071,134.24865228231147,1499.771542734587,-26.178609655925268,-1.0,38.701865808194675,40.70186580819468,VALID_POLYGON,1134,0,1134,refine_1m
802.408537073296,-602.02855613763,802.408537073296,-602.02855613763,1003.1439790843917,0.7977942477874649,134.25038991227325,1499.771542734587,-26.178609655925268,-1.0,38.54831023878081,40.548310238780815,VALID_POLYGON,1134,0,1134,refine_0.5m
802.408537073296,602.02855613763,802.408537073296,602.02855613763,1003.1439790843917,0.7977942477874649,134.25038991227407,1499.771542734587,26.178609655925268,1.0,321.4516897612192,40.548310238780815,VALID_POLYGON,1134,0,1134,refine_0.5m
803.908537073296,600.02855613763,803.908537073296,600.02855613763,1003.1466513725378,0.802790935042708,134.25060422125148,1499.771542734587,26.178609655925268,1.0,321.4889834782053,40.51101652179474,VALID_POLYGON,1134,0,1134,refine_0.5m
803.908537073296,-600.02855613763,803.908537073296,-600.02855613763,1003.1466513725378,0.802790935042708,134.2506042212521,1499.771542734587,-26.178609655925268,-1.0,38.51101652179473,40.51101652179474,VALID_POLYGON,1134,0,1134,refine_0.5m
800.908537073296,604.02855613763,800.908537073296,604.02855613763,1003.1475371980919,0.7865426461803509,134.25092037096488,1499.771542734587,26.178609655925268,1.0,321.41459592334303,40.585404076656964,VALID_POLYGON,1134,0,1134,refine_0.5m
800.908537073296,-604.02855613763,800.908537073296,-604.02855613763,1003.1475371980919,0.7865426461803509,134.25092037096573,1499.771542734587,-26.178609655925268,-1.0,38.58540407665695,40.585404076656964,VALID_POLYGON,1134,0,1134,refine_0.5m
805.408537073296,-598.02855613763,805.408537073296,-598.02855613763,1003.1555540127389,0.8015326141090782,134.2515713158909,1499.771542734587,-26.178609655925268,-1.0,38.473521337627076,40.47352133762708,VALID_POLYGON,1134,0,1134,refine_0.5m
805.408537073296,598.02855613763,805.408537073296,598.02855613763,1003.1555540127389,0.8015326141090782,134.25157131589177,1499.771542734587,26.178609655925268,1.0,321.52647866237294,40.47352133762708,VALID_POLYGON,1134,0,1134,refine_0.5m
811.2721042074579,590.2737967813584,811.2721042074579,590.2737967813584,1003.2873876571343,0.6991875423001375,134.2537320585986,1499.771542734587,26.178609655925268,1.0,321.67185904648056,40.32814095351943,VALID_POLYGON,1134,0,1134,refine_1m
811.2721042074579,-590.2737967813583,811.2721042074579,-590.2737967813583,1003.2873876571342,0.6991875423001375,134.25373205859987,1499.771542734587,-26.178609655925268,-1.0,38.328140953519416,40.32814095351943,VALID_POLYGON,1134,0,1134,refine_1m
793.2721042074579,-614.2737967813583,793.2721042074579,-614.2737967813583,1003.3010160096089,0.5933653235391603,134.25643846786073,1499.771542734587,-26.178609655925268,-1.0,38.77423909540101,40.77423909540099,VALID_POLYGON,1134,0,1134,refine_1m
793.2721042074579,614.2737967813584,793.2721042074579,614.2737967813584,1003.3010160096089,0.5933653235391603,134.25643846786156,1499.771542734587,26.178609655925268,1.0,321.225760904599,40.774239095401015,VALID_POLYGON,1134,0,1134,refine_1m
790.2721042074579,-618.2737967813583,790.2721042074579,-618.2737967813583,1003.3904955075664,0.4881828055022197,134.26701660227923,1499.771542734587,-26.178609655925268,-1.0,38.84585039096198,40.84585039096199,VALID_POLYGON,1134,0,1134,refine_1m
790.2721042074579,618.2737967813584,790.2721042074579,618.2737967813584,1003.3904955075665,0.4881828055022197,134.26701660227985,1499.771542734587,26.178609655925268,1.0,321.15414960903803,40.84585039096199,VALID_POLYGON,1134,0,1134,refine_1m
801.908537073296,-602.52855613763,801.908537073296,-602.52855613763,1003.0443473707086,0.8952735074971088,134.2733987836946,1499.771542734587,-26.178609655925268,-1.0,38.55256296830893,40.55256296830894,VALID_POLYGON,1134,0,1134,refine_1m
801.908537073296,-602.52855613763,801.908537073296,-602.52855613763,1003.0443473707086,0.8952735074971088,134.2733987836946,1499.771542734587,-26.178609655925268,-1.0,38.55256296830893,40.55256296830894,VALID_POLYGON,1134,0,1134,refine_0.5m
801.908537073296,602.52855613763,801.908537073296,602.52855613763,1003.0443473707086,0.8952735074971088,134.27339878369523,1499.771542734587,26.178609655925268,1.0,321.44743703169104,40.55256296830894,VALID_POLYGON,1134,0,1134,refine_1m
801.908537073296,602.52855613763,801.908537073296,602.52855613763,1003.0443473707086,0.8952735074971088,134.27339878369523,1499.771542734587,26.178609655925268,1.0,321.44743703169104,40.55256296830894,VALID_POLYGON,1134,0,1134,refine_0.5m
803.408537073296,600.52855613763,803.408537073296,600.52855613763,1003.0452752388599,0.9020222606932293,134.27348568785627,1499.771542734587,26.178609655925268,1.0,321.4846902192078,40.515309780792215,VALID_POLYGON,1134,0,1134,refine_0.5m
803.408537073296,-600.52855613763,803.408537073296,-600.52855613763,1003.0452752388599,0.9020222606932293,134.27348568785712,1499.771542734587,-26.178609655925268,-1.0,38.51530978079221,40.515309780792215,VALID_POLYGON,1134,0,1134,refine_0.5m
804.908537073296,598.52855613763,804.908537073296,598.52855613763,1003.0524341058494,0.902515394075408,134.2743238214023,1499.771542734587,26.178609655925268,1.0,321.52214450126843,40.47785549873154,VALID_POLYGON,1134,0,1134,refine_1m
804.908537073296,598.52855613763,804.908537073296,598.52855613763,1003.0524341058494,0.902515394075408,134.2743238214023,1499.771542734587,26.178609655925268,1.0,321.52214450126843,40.47785549873154,VALID_POLYGON,1134,0,1134,refine_0.5m
804.908537073296,-598.52855613763,804.908537073296,-598.52855613763,1003.0524341058494,0.902515394075408,134.27432382140316,1499.771542734587,-26.178609655925268,-1.0,38.47785549873155,40.47785549873154,VALID_POLYGON,1134,0,1134,refine_1m
804.908537073296,-598.52855613763,804.908537073296,-598.52855613763,1003.0524341058494,0.902515394075408,134.27432382140316,1499.771542734587,-26.178609655925268,-1.0,38.47785549873155,40.47785549873154,VALID_POLYGON,1134,0,1134,refine_0.5m
798.908537073296,-606.52855613763,798.908537073296,-606.52855613763,1003.0611845839675,0.8630097662120306,134.27544680258873,1499.771542734587,-26.178609655925268,-1.0,38.626472379272414,40.62647237927241,VALID_POLYGON,1134,0,1134,refine_1m
798.908537073296,606.52855613763,798.908537073296,606.52855613763,1003.0611845839675,0.8630097662120306,134.27544680258913,1499.771542734587,26.178609655925268,1.0,321.3735276207276,40.62647237927241,VALID_POLYGON,1134,0,1134,refine_1m
806.408537073296,-596.52855613763,806.408537073296,-596.52855613763,1003.0658238382658,0.8967528983808961,134.27592129569578,1499.771542734587,-26.178609655925268,-1.0,38.440198521713945,40.44019852171394,VALID_POLYGON,1134,0,1134,refine_0.5m
806.408537073296,596.52855613763,806.408537073296,596.52855613763,1003.0658238382658,0.8967528983808961,134.27592129569598,1499.771542734587,26.178609655925268,1.0,321.55980147828603,40.44019852171394,VALID_POLYGON,1134,0,1134,refine_0.5m
787.2721042074579,-622.2737967813583,787.2721042074579,-622.2737967813583,1003.5048800199856,0.3580020889651223,134.2803292003636,1499.771542734587,-26.178609655925268,-1.0,38.916711445709936,40.916711445709936,VALID_POLYGON,1134,0,1134,refine_1m
787.2721042074579,622.2737967813584,787.2721042074579,622.2737967813584,1003.5048800199856,0.3580020889651223,134.2803292003642,1499.771542734587,26.178609655925268,1.0,321.08328855429005,40.91671144570995,VALID_POLYGON,1134,0,1134,refine_1m
795.908537073296,-610.52855613763,795.908537073296,-610.52855613763,1003.1029444905708,0.805726594069256,134.28040529600864,1499.771542734587,-26.178609655925268,-1.0,38.699596209433395,40.69959620943341,VALID_POLYGON,1134,0,1134,refine_1m
795.908537073296,610.52855613763,795.908537073296,610.52855613763,1003.1029444905708,0.805726594069256,134.28040529600946,1499.771542734587,26.178609655925268,1.0,321.30040379056663,40.69959620943341,VALID_POLYGON,1134,0,1134,refine_1m
804.2721042074579,-599.2737967813583,804.2721042074579,-599.2737967813583,1002.9868898021732,0.9650693208874372,134.28821180392828,1499.771542734587,-26.178609655925268,-1.0,38.48870166386957,40.48870166386958,VALID_POLYGON,1134,0,1134,refine_1m
804.2721042074579,599.2737967813584,804.2721042074579,599.2737967813584,1002.9868898021733,0.9650693208873236,134.2882118039289,1499.771542734587,26.178609655925268,1.0,321.51129833613044,40.48870166386958,VALID_POLYGON,1134,0,1134,refine_1m
807.2721042074579,595.2737967813584,807.2721042074579,595.2737967813584,1003.0150264906457,0.9521826054065059,134.2916784988589,1499.771542734587,26.178609655925268,1.0,321.58667651780394,40.41332348219607,VALID_POLYGON,1134,0,1134,refine_1m
807.2721042074579,-595.2737967813583,807.2721042074579,-595.2737967813583,1003.0150264906457,0.9521826054065059,134.2916784988597,1499.771542734587,-26.178609655925268,-1.0,38.413323482196056,40.413323482196056,VALID_POLYGON,1134,0,1134,refine_1m
795.2721042074579,611.2737967813584,795.2721042074579,611.2737967813584,1003.052029738266,0.8535910361413244,134.29571604135788,1499.771542734587,26.178609655925268,1.0,321.289964099354,40.71003590064603,VALID_POLYGON,1134,0,1134,refine_1m
795.2721042074579,-611.2737967813583,795.2721042074579,-611.2737967813583,1003.0520297382659,0.853591036141438,134.2957160413583,1499.771542734587,-26.178609655925268,-1.0,38.71003590064601,40.71003590064603,VALID_POLYGON,1134,0,1134,refine_1m
802.908537073296,-601.02855613763,802.908537073296,-601.02855613763,1002.9443873904796,1.00076294206076,134.29638735761515,1499.771542734587,-26.178609655925268,-1.0,38.51959634949296,40.519596349492964,VALID_POLYGON,1134,0,1134,refine_0.5m
802.908537073296,601.02855613763,802.908537073296,601.02855613763,1002.9443873904796,1.00076294206076,134.29638735761534,1499.771542734587,26.178609655925268,1.0,321.480403650507,40.519596349492964,VALID_POLYGON,1134,0,1134,refine_0.5m
801.408537073296,-603.02855613763,801.408537073296,-603.02855613763,1002.9452042915381,0.992261782106425,134.296427573224,1499.771542734587,-26.178609655925268,-1.0,38.55680908806588,40.55680908806588,VALID_POLYGON,1134,0,1134,refine_0.5m
801.408537073296,603.02855613763,801.408537073296,603.02855613763,1002.9452042915381,0.992261782106425,134.29642757322483,1499.771542734587,26.178609655925268,1.0,321.4431909119341,40.55680908806588,VALID_POLYGON,1134,0,1134,refine_0.5m
804.408537073296,599.02855613763,804.408537073296,599.02855613763,1002.9498021260754,1.0030078796743283,134.29709681995374,1499.771542734587,26.178609655925268,1.0,321.517817111987,40.48218288801305,VALID_POLYGON,1134,0,1134,refine_0.5m
804.408537073296,-599.02855613763,804.408537073296,-599.02855613763,1002.9498021260754,1.0030078796743283,134.2970968199548,1499.771542734587,-26.178609655925268,-1.0,38.48218288801304,40.48218288801305,VALID_POLYGON,1134,0,1134,refine_0.5m
810.2721042074579,591.2737967813584,810.2721042074579,591.2737967813584,1003.068086231949,0.9142728650444951,134.29823768029289,1499.771542734587,26.178609655925268,1.0,321.66287612118555,40.33712387881444,VALID_POLYGON,1134,0,1134,refine_1m
810.2721042074579,-591.2737967813583,810.2721042074579,-591.2737967813583,1003.068086231949,0.9142728650444951,134.2982376802937,1499.771542734587,-26.178609655925268,-1.0,38.33712387881443,40.33712387881444,VALID_POLYGON,1134,0,1134,refine_1m
805.908537073296,597.02855613763,805.908537073296,597.02855613763,1002.9614483973963,0.9989965527706772,134.2985640472916,1499.771542734587,26.178609655925268,1.0,321.5554328926282,40.444567107371846,VALID_POLYGON,1134,0,1134,refine_0.5m
805.908537073296,-597.02855613763,805.908537073296,-597.02855613763,1002.9614483973963,0.9989965527706772,134.298564047292,1499.771542734587,-26.178609655925268,-1.0,38.444567107371846,40.444567107371846,VALID_POLYGON,1134,0,1134,refine_0.5m
792.2721042074579,615.2737967813584,792.2721042074579,615.2737967813584,1003.1235876556095,0.7663947697252524,134.30397792698864,1499.771542734587,26.178609655925268,1.0,321.2177446834432,40.7822553165568,VALID_POLYGON,1134,0,1134,refine_1m
792.2721042074579,-615.2737967813583,792.2721042074579,-615.2737967813583,1003.1235876556095,0.7663947697252524,134.3039779269893,1499.771542734587,-26.178609655925268,-1.0,38.78225531655679,40.7822553165568,VALID_POLYGON,1134,0,1134,refine_1m
789.2721042074579,619.2737967813584,789.2721042074579,619.2737967813584,1003.2200605351089,0.654189433101692,134.31502062018302,1499.771542734587,26.178609655925268,1.0,321.14628450715264,40.85371549284733,VALID_POLYGON,1134,0,1134,refine_1m
789.2721042074579,-619.2737967813583,789.2721042074579,-619.2737967813583,1003.2200605351088,0.6541894331018057,134.31502062018345,1499.771542734587,-26.178609655925268,-1.0,38.85371549284733,40.85371549284733,VALID_POLYGON,1134,0,1134,refine_1m
802.408537073296,601.52855613763,802.408537073296,601.52855613763,1002.8439879747641,1.0990128336458156,134.31930918049954,1499.771542734587,26.178609655925268,1.0,321.4761237565246,40.52387624347542,VALID_POLYGON,1134,0,1134,refine_0.5m
802.408537073296,-601.52855613763,802.408537073296,-601.52855613763,1002.8439879747641,1.0990128336458156,134.31930918049994,1499.771542734587,-26.178609655925268,-1.0,38.52387624347542,40.52387624347542,VALID_POLYGON,1134,0,1134,refine_0.5m
800.908537073296,603.52855613763,800.908537073296,603.52855613763,1002.8465499918018,1.0887589286004413,134.31947623176774,1499.771542734587,26.178609655925268,1.0,321.43895138659707,40.56104861340294,VALID_POLYGON,1134,0,1134,refine_1m
800.908537073296,603.52855613763,800.908537073296,603.52855613763,1002.8465499918018,1.0887589286004413,134.31947623176774,1499.771542734587,26.178609655925268,1.0,321.43895138659707,40.56104861340294,VALID_POLYGON,1134,0,1134,refine_0.5m
800.908537073296,-603.52855613763,800.908537073296,-603.52855613763,1002.8465499918018,1.0887589286004413,134.31947623176814,1499.771542734587,-26.178609655925268,-1.0,38.56104861340294,40.56104861340294,VALID_POLYGON,1134,0,1134,refine_1m
800.908537073296,-603.52855613763,800.908537073296,-603.52855613763,1002.8465499918018,1.0887589286004413,134.31947623176814,1499.771542734587,-26.178609655925268,-1.0,38.56104861340294,40.56104861340294,VALID_POLYGON,1134,0,1134,refine_0.5m
803.908537073296,-599.52855613763,803.908537073296,-599.52855613763,1002.847658223221,1.103009922929914,134.31989026057062,1499.771542734587,-26.178609655925268,-1.0,38.486503521280675,40.48650352128068,VALID_POLYGON,1134,0,1134,refine_1m
803.908537073296,-599.52855613763,803.908537073296,-599.52855613763,1002.847658223221,1.103009922929914,134.31989026057062,1499.771542734587,-26.178609655925268,-1.0,38.486503521280675,40.48650352128068,VALID_POLYGON,1134,0,1134,refine_0.5m
803.908537073296,599.52855613763,803.908537073296,599.52855613763,1002.847658223221,1.103009922929914,134.31989026057124,1499.771542734587,26.178609655925268,1.0,321.51349647871933,40.48650352128068,VALID_POLYGON,1134,0,1134,refine_1m
803.908537073296,599.52855613763,803.908537073296,599.52855613763,1002.847658223221,1.103009922929914,134.31989026057124,1499.771542734587,26.178609655925268,1.0,321.51349647871933,40.48650352128068,VALID_POLYGON,1134,0,1134,refine_0.5m
805.408537073296,597.52855613763,805.408537073296,597.52855613763,1002.857560668746,1.100750121343026,134.32122753481173,1499.771542734587,26.178609655925268,1.0,321.5510711452911,40.44892885470896,VALID_POLYGON,1134,0,1134,refine_0.5m
805.408537073296,-597.52855613763,805.408537073296,-597.52855613763,1002.857560668746,1.100750121343026,134.32122753481173,1499.771542734587,-26.178609655925268,-1.0,38.44892885470895,40.44892885470896,VALID_POLYGON,1134,0,1134,refine_0.5m
797.908537073296,-607.52855613763,797.908537073296,-607.52855613763,1002.8703705151133,1.0494815594832971,134.32202305698667,1499.771542734587,-26.178609655925268,-1.0,38.6347985833498,40.634798583349806,VALID_POLYGON,1134,0,1134,refine_1m
797.908537073296,607.52855613763,797.908537073296,607.52855613763,1002.8703705151133,1.0494815594832971,134.32202305698772,1499.771542734587,26.178609655925268,1.0,321.3652014166502,40.634798583349806,VALID_POLYGON,1134,0,1134,refine_1m
803.2721042074579,600.2737967813584,803.2721042074579,600.2737967813584,1002.7834783741627,1.164193121220137,134.333859699111,1499.771542734587,26.178609655925268,1.0,321.502676475516,40.497323524484,VALID_POLYGON,1134,0,1134,refine_1m
803.2721042074579,-600.2737967813583,803.2721042074579,-600.2737967813583,1002.7834783741625,1.1641931212202508,134.33385969911183,1499.771542734587,-26.178609655925268,-1.0,38.49732352448398,40.497323524483996,VALID_POLYGON,1134,0,1134,refine_1m
806.2721042074579,-596.2737967813583,806.2721042074579,-596.2737967813583,1002.8046403717817,1.1583119297308713,134.3368049181569,1499.771542734587,-26.178609655925268,-1.0,38.422110188088794,40.4221101880888,VALID_POLYGON,1134,0,1134,refine_1m
806.2721042074579,596.2737967813584,806.2721042074579,596.2737967813584,1002.8046403717818,1.1583119297308713,134.3368049181573,1499.771542734587,26.178609655925268,1.0,321.5778898119112,40.4221101880888,VALID_POLYGON,1134,0,1134,refine_1m
801.908537073296,-602.02855613763,801.908537073296,-602.02855613763,1002.7440771384257,1.1967717906147755,134.34225110666296,1499.771542734587,-26.178609655925268,-1.0,38.52814947826987,40.528149478269874,VALID_POLYGON,1134,0,1134,refine_0.5m
801.908537073296,602.02855613763,801.908537073296,602.02855613763,1002.7440771384257,1.1967717906147755,134.34225110666378,1499.771542734587,26.178609655925268,1.0,321.4718505217301,40.528149478269874,VALID_POLYGON,1134,0,1134,refine_0.5m
809.2721042074579,592.2737967813584,809.2721042074579,592.2737967813584,1002.850731166993,1.1274022424348686,134.34282970641917,1499.771542734587,26.178609655925268,1.0,321.6539215124161,40.3460784875839,VALID_POLYGON,1134,0,1134,refine_1m
809.2721042074579,-592.2737967813583,809.2721042074579,-592.2737967813583,1002.850731166993,1.1274022424348686,134.34282970641956,1499.771542734587,-26.178609655925268,-1.0,38.346078487583895,40.3460784875839,VALID_POLYGON,1134,0,1134,refine_1m
794.2721042074579,-612.2737967813583,794.2721042074579,-612.2737967813583,1002.8695716528661,1.0316707064542925,134.342854756201,1499.771542734587,-26.178609655925268,-1.0,38.71818090549814,40.71818090549813,VALID_POLYGON,1134,0,1134,refine_1m
794.2721042074579,612.2737967813584,794.2721042074579,612.2737967813584,1002.8695716528661,1.0316707064542925,134.34285475620186,1499.771542734587,26.178609655925268,1.0,321.2818190945019,40.718180905498144,VALID_POLYGON,1134,0,1134,refine_1m
804.908537073296,-598.02855613763,804.908537073296,-598.02855613763,1002.754160803899,1.202013454314283,134.34391170649295,1499.771542734587,-26.178609655925268,-1.0,38.45328377971872,40.45328377971872,VALID_POLYGON,1134,0,1134,refine_0.5m
804.908537073296,598.02855613763,804.908537073296,598.02855613763,1002.754160803899,1.202013454314283,134.34391170649354,1499.771542734587,26.178609655925268,1.0,321.54671622028127,40.45328377971872,VALID_POLYGON,1134,0,1134,refine_0.5m
791.2721042074579,-616.2737967813583,791.2721042074579,-616.2737967813583,1002.948122036334,0.9374523045835303,134.35159027300674,1499.771542734587,-26.178609655925268,-1.0,38.790247049620994,40.790247049620994,VALID_POLYGON,1134,0,1134,refine_1m
791.2721042074579,616.2737967813584,791.2721042074579,616.2737967813584,1002.9481220363341,0.9374523045835303,134.35159027300733,1499.771542734587,26.178609655925268,1.0,321.20975295037897,40.790247049620994,VALID_POLYGON,1134,0,1134,refine_1m
788.2721042074579,620.2737967813584,788.2721042074579,620.2737967813584,1003.051590520256,0.818222001734739,134.363095523165,1499.771542734587,26.178609655925268,1.0,321.1384433082953,40.861556691704756,VALID_POLYGON,1134,0,1134,refine_1m
788.2721042074579,-620.2737967813583,788.2721042074579,-620.2737967813583,1003.0515905202559,0.8182220017348527,134.3630955231654,1499.771542734587,-26.178609655925268,-1.0,38.86155669170474,40.861556691704756,VALID_POLYGON,1134,0,1134,refine_1m
801.408537073296,602.52855613763,801.408537073296,602.52855613763,1002.6446550275215,1.2940396688014744,134.3652130864277,1499.771542734587,26.178609655925268,1.0,321.46758393064147,40.532416069358575,VALID_POLYGON,1134,0,1134,refine_0.5m
801.408537073296,-602.52855613763,801.408537073296,-602.52855613763,1002.6446550275215,1.2940396688014744,134.36521308642813,1499.771542734587,-26.178609655925268,-1.0,38.532416069358554,40.532416069358575,VALID_POLYGON,1134,0,1134,refine_0.5m
802.908537073296,600.52855613763,802.908537073296,600.52855613763,1002.6448352442288,1.3015420938236275,134.36553826499355,1499.771542734587,26.178609655925268,1.0,321.5048754172342,40.495124582765825,VALID_POLYGON,1134,0,1134,refine_1m
802.908537073296,600.52855613763,802.908537073296,600.52855613763,1002.6448352442288,1.3015420938236275,134.36553826499355,1499.771542734587,26.178609655925268,1.0,321.5048754172342,40.495124582765825,VALID_POLYGON,1134,0,1134,refine_0.5m
802.908537073296,-600.52855613763,802.908537073296,-600.52855613763,1002.6448352442288,1.3015420938236275,134.36553826499417,1499.771542734587,-26.178609655925268,-1.0,38.49512458276583,40.495124582765825,VALID_POLYGON,1134,0,1134,refine_1m
802.908537073296,-600.52855613763,802.908537073296,-600.52855613763,1002.6448352442288,1.3015420938236275,134.36553826499417,1499.771542734587,-26.178609655925268,-1.0,38.49512458276583,40.495124582765825,VALID_POLYGON,1134,0,1134,refine_0.5m
799.908537073296,-604.52855613763,799.908537073296,-604.52855613763,1002.6507083070296,1.2802792685286022,134.3656329603709,1499.771542734587,-26.178609655925268,-1.0,38.569507941985904,40.569507941985904,VALID_POLYGON,1134,0,1134,refine_1m
799.908537073296,604.52855613763,799.908537073296,604.52855613763,1002.6507083070296,1.2802792685286022,134.36563296037153,1499.771542734587,26.178609655925268,1.0,321.4304920580141,40.569507941985904,VALID_POLYGON,1134,0,1134,refine_1m
804.408537073296,-598.52855613763,804.408537073296,-598.52855613763,1002.6512489537906,1.3027864025613098,134.36661651075656,1499.771542734587,-26.178609655925268,-1.0,38.457631898344914,40.45763189834491,VALID_POLYGON,1134,0,1134,refine_0.5m
804.408537073296,598.52855613763,804.408537073296,598.52855613763,1002.6512489537906,1.3027864025613098,134.36661651075758,1499.771542734587,26.178609655925268,1.0,321.5423681016551,40.45763189834491,VALID_POLYGON,1134,0,1134,refine_0.5m
805.908537073296,596.52855613763,805.908537073296,596.52855613763,1002.6638960365859,1.2977725716231134,134.3684559560391,1499.771542734587,26.178609655925268,1.0,321.58006358421477,40.419936415785266,VALID_POLYGON,1134,0,1134,refine_0.5m
805.908537073296,-596.52855613763,805.908537073296,-596.52855613763,1002.6638960365859,1.2977725716231134,134.3684559560395,1499.771542734587,-26.178609655925268,-1.0,38.41993641578525,40.419936415785266,VALID_POLYGON,1134,0,1134,refine_0.5m
796.908537073296,608.52855613763,796.908537073296,608.52855613763,1002.6815147868487,1.2339856944862504,134.36867638254617,1499.771542734587,26.178609655925268,1.0,321.35690090020944,40.643099099790554,VALID_POLYGON,1134,0,1134,refine_1m
796.908537073296,-608.52855613763,796.908537073296,-608.52855613763,1002.6815147868487,1.2339856944862504,134.3686763825468,1499.771542734587,-26.178609655925268,-1.0,38.64309909979055,40.643099099790554,VALID_POLYGON,1134,0,1134,refine_1m
802.2721042074579,601.2737967813584,802.2721042074579,601.2737967813584,1002.5820205276636,1.3613538975437223,134.3795887821011,1499.771542734587,26.178609655925268,1.0,321.49408146619567,40.50591853380432,VALID_POLYGON,1134,0,1134,refine_5m
802.2721042074579,601.2737967813584,802.2721042074579,601.2737967813584,1002.5820205276636,1.3613538975437223,134.3795887821011,1499.771542734587,26.178609655925268,1.0,321.49408146619567,40.50591853380432,VALID_POLYGON,1134,0,1134,refine_1m
802.2721042074579,-601.2737967813583,802.2721042074579,-601.2737967813583,1002.5820205276635,1.361353897543836,134.3795887821026,1499.771542734587,-26.178609655925268,-1.0,38.5059185338043,40.50591853380431,VALID_POLYGON,1134,0,1134,refine_5m
802.2721042074579,-601.2737967813583,802.2721042074579,-601.2737967813583,1002.5820205276635,1.361353897543836,134.3795887821026,1499.771542734587,-26.178609655925268,-1.0,38.5059185338043,40.50591853380431,VALID_POLYGON,1134,0,1134,refine_1m
805.2721042074579,597.2737967813584,805.2721042074579,597.2737967813584,1002.5962049281487,1.3624810707196957,134.38201487491278,1499.771542734587,26.178609655925268,1.0,321.5691306150553,40.43086938494469,VALID_POLYGON,1134,0,1134,refine_1m
805.2721042074579,-597.2737967813583,805.2721042074579,-597.2737967813583,1002.5962049281487,1.3624810707198094,134.3820148749134,1499.771542734587,-26.178609655925268,-1.0,38.430869384944685,40.430869384944685,VALID_POLYGON,1134,0,1134,refine_1m
808.2721042074579,593.2737967813584,808.2721042074579,593.2737967813584,1002.6353237280842,1.3385744221867526,134.38750770069717,1499.771542734587,26.178609655925268,1.0,321.64499508692666,40.35500491307334,VALID_POLYGON,1134,0,1134,refine_1m
808.2721042074579,-593.2737967813583,808.2721042074579,-593.2737967813583,1002.6353237280841,1.3385744221867526,134.38750770069737,1499.771542734587,-26.178609655925268,-1.0,38.35500491307332,40.35500491307334,VALID_POLYGON,1134,0,1134,refine_1m
800.908537073296,-603.02855613763,800.908537073296,-603.02855613763,1002.5457217874514,1.3908163247076573,134.3881950702905,1499.771542734587,-26.178609655925268,-1.0,38.53667603217596,40.53667603217596,VALID_POLYGON,1134,0,1134,refine_0.5m
800.908537073296,603.02855613763,800.908537073296,603.02855613763,1002.5457217874514,1.3908163247076573,134.38819507029135,1499.771542734587,26.178609655925268,1.0,321.46332396782407,40.53667603217596,VALID_POLYGON,1134,0,1134,refine_0.5m
802.408537073296,601.02855613763,802.408537073296,601.02855613763,1002.5441564644378,1.400071928829334,134.38839272774246,1499.771542734587,26.178609655925268,1.0,321.50057495764275,40.49942504235727,VALID_POLYGON,1134,0,1134,refine_0.5m
802.408537073296,-601.02855613763,802.408537073296,-601.02855613763,1002.5441564644378,1.400071928829334,134.38839272774308,1499.771542734587,-26.178609655925268,-1.0,38.49942504235725,40.49942504235727,VALID_POLYGON,1134,0,1134,refine_0.5m
803.908537073296,599.02855613763,803.908537073296,599.02855613763,1002.5488252687051,1.403068817623307,134.38934189620417,1499.771542734587,26.178609655925268,1.0,321.53802677351814,40.46197322648183,VALID_POLYGON,1134,0,1134,refine_0.5m
803.908537073296,-599.02855613763,803.908537073296,-599.02855613763,1002.5488252687051,1.403068817623307,134.3893418962046,1499.771542734587,-26.178609655925268,-1.0,38.46197322648183,40.46197322648183,VALID_POLYGON,1134,0,1134,refine_0.5m
793.2721042074579,613.2737967813584,793.2721042074579,613.2737967813584,1002.6890750039869,1.2077797070594443,134.3900680651718,1499.771542734587,26.178609655925268,1.0,321.2736990622004,40.72630093779954,VALID_POLYGON,1134,0,1134,refine_1m
793.2721042074579,-613.2737967813583,793.2721042074579,-613.2737967813583,1002.6890750039869,1.207779707059558,134.39006806517264,1499.771542734587,-26.178609655925268,-1.0,38.72630093779956,40.72630093779954,VALID_POLYGON,1134,0,1134,refine_1m
805.408537073296,-597.02855613763,805.408537073296,-597.02855613763,1002.5597281131584,1.399806934740468,134.39105068361312,1499.771542734587,-26.178609655925268,-1.0,38.42431898839633,40.42431898839633,VALID_POLYGON,1134,0,1134,refine_0.5m
805.408537073296,597.02855613763,805.408537073296,597.02855613763,1002.5597281131584,1.399806934740468,134.3910506836133,1499.771542734587,26.178609655925268,1.0,321.57568101160365,40.42431898839633,VALID_POLYGON,1134,0,1134,refine_0.5m
790.2721042074579,617.2737967813584,790.2721042074579,617.2737967813584,1002.7746201821011,1.106536915062179,134.3992751573847,1499.771542734587,26.178609655925268,1.0,321.2017855936771,40.79821440632292,VALID_POLYGON,1134,0,1134,refine_1m
790.2721042074579,-617.2737967813583,790.2721042074579,-617.2737967813583,1002.774620182101,1.106536915062179,134.39927515738552,1499.771542734587,-26.178609655925268,-1.0,38.79821440632292,40.79821440632292,VALID_POLYGON,1134,0,1134,refine_1m
787.2721042074579,621.2737967813584,787.2721042074579,621.2737967813584,1002.8850864532602,0.9802795390180563,134.4112409753029,1499.771542734587,26.178609655925268,1.0,321.130625903957,40.869374096042954,VALID_POLYGON,1134,0,1134,refine_5m
787.2721042074579,621.2737967813584,787.2721042074579,621.2737967813584,1002.8850864532602,0.9802795390180563,134.4112409753029,1499.771542734587,26.178609655925268,1.0,321.130625903957,40.869374096042954,VALID_POLYGON,1134,0,1134,refine_1m
787.2721042074579,-621.2737967813583,787.2721042074579,-621.2737967813583,1002.8850864532601,0.98027953901817,134.41124097530417,1499.771542734587,-26.178609655925268,-1.0,38.86937409604294,40.869374096042954,VALID_POLYGON,1134,0,1134,refine_5m
787.2721042074579,-621.2737967813583,787.2721042074579,-621.2737967813583,1002.8850864532601,0.98027953901817,134.41124097530417,1499.771542734587,-26.178609655925268,-1.0,38.86937409604294,40.869374096042954,VALID_POLYGON,1134,0,1134,refine_1m
801.908537073296,601.52855613763,801.908537073296,601.52855613763,1002.4439663542574,1.4981107362292505,134.4112674304379,1499.771542734587,26.178609655925268,1.0,321.49628119131705,40.503718808682926,VALID_POLYGON,1134,0,1134,refine_1m
801.908537073296,601.52855613763,801.908537073296,601.52855613763,1002.4439663542574,1.4981107362292505,134.4112674304379,1499.771542734587,26.178609655925268,1.0,321.49628119131705,40.503718808682926,VALID_POLYGON,1134,0,1134,refine_0.5m
801.908537073296,-601.52855613763,801.908537073296,-601.52855613763,1002.4439663542574,1.4981107362292505,134.41126743043813,1499.771542734587,-26.178609655925268,-1.0,38.50371880868293,40.503718808682926,VALID_POLYGON,1134,0,1134,refine_1m
801.908537073296,-601.52855613763,801.908537073296,-601.52855613763,1002.4439663542574,1.4981107362292505,134.41126743043813,1499.771542734587,-26.178609655925268,-1.0,38.50371880868293,40.503718808682926,VALID_POLYGON,1134,0,1134,refine_0.5m
798.908537073296,-605.52855613763,798.908537073296,-605.52855613763,1002.4568234625953,1.4698333965603751,134.4118685801388,1499.771542734587,-26.178609655925268,-1.0,38.57794107592418,40.57794107592417,VALID_POLYGON,1134,0,1134,refine_1m
798.908537073296,605.52855613763,798.908537073296,605.52855613763,1002.4568234625953,1.4698333965603751,134.4118685801396,1499.771542734587,26.178609655925268,1.0,321.4220589240758,40.57794107592417,VALID_POLYGON,1134,0,1134,refine_1m
804.908537073296,597.52855613763,804.908537073296,597.52855613763,1002.4560481404629,1.501350972598516,134.4136662361082,1499.771542734587,26.178609655925268,1.0,321.5713052960268,40.42869470397316,VALID_POLYGON,1134,0,1134,refine_0.5m
804.908537073296,-597.52855613763,804.908537073296,-597.52855613763,1002.4560481404629,1.501350972598516,134.4136662361097,1499.771542734587,-26.178609655925268,-1.0,38.42869470397315,40.42869470397316,VALID_POLYGON,1134,0,1134,refine_0.5m
795.908537073296,-609.52855613763,795.908537073296,-609.52855613763,1002.4946185059439,1.416521080552684,134.41540640416963,1499.771542734587,-26.178609655925268,-1.0,38.651374046940305,40.65137404694032,VALID_POLYGON,1134,0,1134,refine_5m
795.908537073296,-609.52855613763,795.908537073296,-609.52855613763,1002.4946185059439,1.416521080552684,134.41540640416963,1499.771542734587,-26.178609655925268,-1.0,38.651374046940305,40.65137404694032,VALID_POLYGON,1134,0,1134,refine_1m
795.908537073296,609.52855613763,795.908537073296,609.52855613763,1002.4946185059439,1.416521080552684,134.41540640417006,1499.771542734587,26.178609655925268,1.0,321.3486259530597,40.65137404694032,VALID_POLYGON,1134,0,1134,refine_5m
795.908537073296,609.52855613763,795.908537073296,609.52855613763,1002.4946185059439,1.416521080552684,134.41540640417006,1499.771542734587,26.178609655925268,1.0,321.3486259530597,40.65137404694032,VALID_POLYGON,1134,0,1134,refine_1m
817.2721042074579,581.2737967813584,817.2721042074579,581.2737967813584,1002.902248048284,1.1166789315403776,134.42306823946362,1499.771542734587,26.178609655925268,1.0,321.8776127102934,40.12238728970657,VALID_POLYGON,1134,0,1134,refine_5m
817.2721042074579,-581.2737967813583,817.2721042074579,-581.2737967813583,1002.902248048284,1.1166789315404912,134.42306823946467,1499.771542734587,-26.178609655925268,-1.0,38.12238728970656,40.12238728970656,VALID_POLYGON,1134,0,1134,refine_5m
801.2721042074579,602.2737967813584,801.2721042074579,602.2737967813584,1002.3825174405629,1.5565504869539382,134.4253986511852,1499.771542734587,26.178609655925268,1.0,321.48551318331397,40.51448681668605,VALID_POLYGON,1134,0,1134,refine_1m
801.2721042074579,-602.2737967813583,801.2721042074579,-602.2737967813583,1002.3825174405628,1.5565504869539382,134.42539865118582,1499.771542734587,-26.178609655925268,-1.0,38.51448681668604,40.514486816686045,VALID_POLYGON,1134,0,1134,refine_1m
804.2721042074579,598.2737967813584,804.2721042074579,598.2737967813584,1002.3897213766082,1.5646888258647778,134.42730795201282,1499.771542734587,26.178609655925268,1.0,321.56039879865955,40.43960120134047,VALID_POLYGON,1134,0,1134,refine_1m
804.2721042074579,-598.2737967813583,804.2721042074579,-598.2737967813583,1002.3897213766081,1.5646888258647778,134.42730795201345,1499.771542734587,-26.178609655925268,-1.0,38.43960120134046,40.43960120134047,VALID_POLYGON,1134,0,1134,refine_1m
810.908537073296,589.52855613763,810.908537073296,589.52855613763,1002.5550229289521,1.4327210437951408,134.42772624689357,1499.771542734587,26.178609655925268,1.0,321.72381049672043,40.27618950327959,VALID_POLYGON,200,0,200,refine_20m
810.908537073296,589.52855613763,810.908537073296,589.52855613763,1002.5550229289521,1.4327210437951408,134.42772624689357,1499.771542734587,26.178609655925268,1.0,321.72381049672043,40.27618950327959,VALID_POLYGON,1134,0,1134,refine_5m
810.908537073296,-589.52855613763,810.908537073296,-589.52855613763,1002.5550229289521,1.4327210437951408,134.42772624689397,1499.771542734587,-26.178609655925268,-1.0,38.27618950327958,40.27618950327959,VALID_POLYGON,200,0,200,refine_20m
810.908537073296,-589.52855613763,810.908537073296,-589.52855613763,1002.5550229289521,1.4327210437951408,134.42772624689397,1499.771542734587,-26.178609655925268,-1.0,38.27618950327958,40.27618950327959,VALID_POLYGON,1134,0,1134,refine_5m
795.2721042074579,-610.2737967813583,795.2721042074579,-610.2737967813583,1002.442929432141,1.465161134701816,134.43048455020588,1499.771542734587,-26.178609655925268,-1.0,38.66187190567412,40.66187190567412,VALID_POLYGON,1134,0,1134,refine_1m
795.2721042074579,610.2737967813584,795.2721042074579,610.2737967813584,1002.4429294321411,1.4651611347017024,134.4304845502067,1499.771542734587,26.178609655925268,1.0,321.3381280943259,40.66187190567414,VALID_POLYGON,1134,0,1134,refine_1m
807.2721042074579,-594.2737967813583,807.2721042074579,-594.2737967813583,1002.4218651707813,1.5477881624609608,134.4322712299413,1499.771542734587,-26.178609655925268,-1.0,38.36390328769632,40.363903287696324,VALID_POLYGON,1134,0,1134,refine_1m
807.2721042074579,594.2737967813584,807.2721042074579,594.2737967813584,1002.4218651707813,1.5477881624609608,134.43227122994233,1499.771542734587,26.178609655925268,1.0,321.6360967123037,40.363903287696324,VALID_POLYGON,1134,0,1134,refine_1m
801.408537073296,602.02855613763,801.408537073296,602.02855613763,1002.3442650602236,1.595658371373247,134.43416232299055,1499.771542734587,26.178609655925268,1.0,321.4919941026912,40.508005897308784,VALID_POLYGON,1134,0,1134,refine_0.5m
801.408537073296,-602.02855613763,801.408537073296,-602.02855613763,1002.3442650602236,1.595658371373247,134.43416232299117,1499.771542734587,-26.178609655925268,-1.0,38.508005897308784,40.508005897308784,VALID_POLYGON,1134,0,1134,refine_0.5m
804.408537073296,598.02855613763,804.408537073296,598.02855613763,1002.3528562699158,1.6024045355886756,134.4363025615207,1499.771542734587,26.178609655925268,1.0,321.56693642145484,40.433063578545145,VALID_POLYGON,1134,0,1134,refine_0.5m
804.408537073296,-598.02855613763,804.408537073296,-598.02855613763,1002.3528562699158,1.6024045355886756,134.43630256152113,1499.771542734587,-26.178609655925268,-1.0,38.43306357854515,40.433063578545145,VALID_POLYGON,1134,0,1134,refine_0.5m
792.2721042074579,-614.2737967813583,792.2721042074579,-614.2737967813583,1002.5105408510668,1.3819169953583241,134.43735560906822,1499.771542734587,-26.178609655925268,-1.0,38.734396111898384,40.7343961118984,VALID_POLYGON,1134,0,1134,refine_1m
792.2721042074579,614.2737967813584,792.2721042074579,614.2737967813584,1002.5105408510669,1.3819169953582104,134.43735560906885,1499.771542734587,26.178609655925268,1.0,321.2656038881016,40.73439611189841,VALID_POLYGON,1134,0,1134,refine_1m
810.2721042074579,-590.2737967813583,810.2721042074579,-590.2737967813583,1002.4789464240442,1.505849768184362,134.44035523162742,1499.771542734587,-26.178609655925268,-1.0,38.2873800555696,40.287380055569606,VALID_POLYGON,1134,0,1134,refine_1m
810.2721042074579,590.2737967813584,810.2721042074579,590.2737967813584,1002.4789464240444,1.505849768184362,134.44035523162805,1499.771542734587,26.178609655925268,1.0,321.7126199444304,40.287380055569606,VALID_POLYGON,1134,0,1134,refine_1m
789.2721042074579,618.2737967813584,789.2721042074579,618.2737967813584,1002.6030831124074,1.2736475991114276,134.44703223395177,1499.771542734587,26.178609655925268,1.0,321.19384250228495,40.80615749771508,VALID_POLYGON,1134,0,1134,refine_1m
789.2721042074579,-618.2737967813583,789.2721042074579,-618.2737967813583,1002.6030831124073,1.2736475991115412,134.44703223395217,1499.771542734587,-26.178609655925268,-1.0,38.80615749771506,40.80615749771507,VALID_POLYGON,1134,0,1134,refine_1m
800.908537073296,602.52855613763,800.908537073296,602.52855613763,1002.2450527282159,1.692714690279331,134.45707735548527,1499.771542734587,26.178609655925268,1.0,321.4877136762474,40.51228632375262,VALID_POLYGON,1134,0,1134,refine_1m
800.908537073296,602.52855613763,800.908537073296,602.52855613763,1002.2450527282159,1.692714690279331,134.45707735548527,1499.771542734587,26.178609655925268,1.0,321.4877136762474,40.51228632375262,VALID_POLYGON,1134,0,1134,refine_0.5m
800.908537073296,-602.52855613763,800.908537073296,-602.52855613763,1002.2450527282159,1.692714690279331,134.4570773554861,1499.771542734587,-26.178609655925268,-1.0,38.51228632375262,40.51228632375262,VALID_POLYGON,1134,0,1134,refine_1m
800.908537073296,-602.52855613763,800.908537073296,-602.52855613763,1002.2450527282159,1.692714690279331,134.4570773554861,1499.771542734587,-26.178609655925268,-1.0,38.51228632375262,40.51228632375262,VALID_POLYGON,1134,0,1134,refine_0.5m
802.408537073296,-600.52855613763,802.408537073296,-600.52855613763,1002.24448469665,1.7009713890445255,134.4576410283708,1499.771542734587,-26.178609655925268,-1.0,38.4749566261615,40.47495662616151,VALID_POLYGON,1134,0,1134,refine_0.5m
802.408537073296,600.52855613763,802.408537073296,600.52855613763,1002.24448469665,1.7009713890445255,134.45764102837143,1499.771542734587,26.178609655925268,1.0,321.5250433738385,40.47495662616151,VALID_POLYGON,1134,0,1134,refine_0.5m
797.908537073296,606.52855613763,797.908537073296,606.52855613763,1002.2648965941316,1.657420192728864,134.4581827044028,1499.771542734587,26.178609655925268,1.0,321.4136518636649,40.586348136335126,VALID_POLYGON,1134,0,1134,refine_1m
797.908537073296,-606.52855613763,797.908537073296,-606.52855613763,1002.2648965941316,1.657420192728864,134.4581827044032,1499.771542734587,-26.178609655925268,-1.0,38.58634813633512,40.586348136335126,VALID_POLYGON,1134,0,1134,refine_1m
803.908537073296,598.52855613763,803.908537073296,598.52855613763,1002.2501526522822,1.702967474764705,134.4589596080233,1499.771542734587,26.178609655925268,1.0,321.56257437190806,40.43742562809197,VALID_POLYGON,1134,0,1134,refine_1m
803.908537073296,598.52855613763,803.908537073296,598.52855613763,1002.2501526522822,1.702967474764705,134.4589596080233,1499.771542734587,26.178609655925268,1.0,321.56257437190806,40.43742562809197,VALID_POLYGON,1134,0,1134,refine_0.5m
803.908537073296,-598.52855613763,803.908537073296,-598.52855613763,1002.2501526522822,1.702967474764705,134.4589596080235,1499.771542734587,-26.178609655925268,-1.0,38.437425628091965,40.43742562809197,VALID_POLYGON,1134,0,1134,refine_1m
803.908537073296,-598.52855613763,803.908537073296,-598.52855613763,1002.2501526522822,1.702967474764705,134.4589596080235,1499.771542734587,-26.178609655925268,-1.0,38.437425628091965,40.43742562809197,VALID_POLYGON,1134,0,1134,refine_0.5m
786.2721042074579,-622.2737967813583,786.2721042074579,-622.2737967813583,1002.7205493134719,1.140361083649509,134.45945664293123,1499.771542734587,-26.178609655925268,-1.0,38.87716781371664,40.87716781371665,VALID_POLYGON,1134,0,1134,refine_1m
786.2721042074579,622.2737967813584,786.2721042074579,622.2737967813584,1002.7205493134719,1.140361083649509,134.45945664293163,1499.771542734587,26.178609655925268,1.0,321.12283218628335,40.87716781371666,VALID_POLYGON,1134,0,1134,refine_1m
805.408537073296,-596.52855613763,805.408537073296,-596.52855613763,1002.2620564893157,1.6987029098861512,134.46104124774794,1499.771542734587,-26.178609655925268,-1.0,38.39969172934149,40.39969172934149,VALID_POLYGON,1134,0,1134,refine_0.5m
805.408537073296,596.52855613763,805.408537073296,596.52855613763,1002.2620564893157,1.6987029098861512,134.46104124774857,1499.771542734587,26.178609655925268,1.0,321.6003082706585,40.39969172934149,VALID_POLYGON,1134,0,1134,refine_0.5m
794.908537073296,610.52855613763,794.908537073296,610.52855613763,1002.3096827685077,1.597086637858979,134.46221274932708,1499.771542734587,26.178609655925268,1.0,321.340376457579,40.659623542420995,VALID_POLYGON,1134,0,1134,refine_1m
794.908537073296,-610.52855613763,794.908537073296,-610.52855613763,1002.3096827685077,1.597086637858979,134.4622127493273,1499.771542734587,-26.178609655925268,-1.0,38.65962354242099,40.659623542420995,VALID_POLYGON,1134,0,1134,refine_1m
803.2721042074579,599.2737967813584,803.2721042074579,599.2737967813584,1002.1851909236246,1.7649340032398868,134.47268373526538,1499.771542734587,26.178609655925268,1.0,321.55169423494465,40.44830576505535,VALID_POLYGON,1134,0,1134,refine_1m
803.2721042074579,-599.2737967813583,803.2721042074579,-599.2737967813583,1002.1851909236246,1.7649340032398868,134.47268373526578,1499.771542734587,-26.178609655925268,-1.0,38.44830576505534,40.44830576505535,VALID_POLYGON,1134,0,1134,refine_1m
780.908537073296,-629.52855613763,780.908537073296,-629.52855613763,1003.0574989833257,0.7746409644450978,134.47505341763008,1499.771542734587,-26.178609655925268,-1.0,39.00712090394633,41.00712090394634,VALID_POLYGON,1134,0,1134,refine_5m
780.908537073296,629.52855613763,780.908537073296,629.52855613763,1003.0574989833257,0.7746409644450978,134.4750534176307,1499.771542734587,26.178609655925268,1.0,320.9928790960537,41.00712090394634,VALID_POLYGON,1134,0,1134,refine_5m
806.2721042074579,-595.2737967813583,806.2721042074579,-595.2737967813583,1002.2103567403481,1.7550422318990968,134.4771198640283,1499.771542734587,-26.178609655925268,-1.0,38.37277374304098,40.37277374304098,VALID_POLYGON,1134,0,1134,refine_1m
806.2721042074579,595.2737967813584,806.2721042074579,595.2737967813584,1002.2103567403482,1.7550422318989831,134.47711986402913,1499.771542734587,26.178609655925268,1.0,321.62722625695903,40.37277374304099,VALID_POLYGON,1134,0,1134,refine_1m
794.2721042074579,611.2737967813584,794.2721042074579,611.2737967813584,1002.259362716877,1.6443515390365064,134.47736725958214,1499.771542734587,26.178609655925268,1.0,321.3299034173742,40.67009658262579,VALID_POLYGON,1134,0,1134,refine_1m
794.2721042074579,-611.2737967813583,794.2721042074579,-611.2737967813583,1002.2593627168769,1.6443515390365064,134.4773672595832,1499.771542734587,-26.178609655925268,-1.0,38.67009658262577,40.67009658262577,VALID_POLYGON,1134,0,1134,refine_1m
801.908537073296,601.02855613763,801.908537073296,601.02855613763,1002.1440151614527,1.7992902000371487,134.48044822816604,1499.771542734587,26.178609655925268,1.0,321.52072904969884,40.47927095030114,VALID_POLYGON,1134,0,1134,refine_0.5m
801.908537073296,-601.02855613763,801.908537073296,-601.02855613763,1002.1440151614527,1.7992902000371487,134.48044822816647,1499.771542734587,-26.178609655925268,-1.0,38.479270950301135,40.47927095030114,VALID_POLYGON,1134,0,1134,refine_0.5m
804.908537073296,-597.02855613763,804.908537073296,-597.02855613763,1002.158096258897,1.8005278044993247,134.48358789444447,1499.771542734587,-26.178609655925268,-1.0,38.404088262165104,40.40408826216512,VALID_POLYGON,1134,0,1134,refine_0.5m
804.908537073296,597.02855613763,804.908537073296,597.02855613763,1002.158096258897,1.8005278044993247,134.4835878944451,1499.771542734587,26.178609655925268,1.0,321.5959117378349,40.40408826216512,VALID_POLYGON,1134,0,1134,refine_0.5m
809.2721042074579,-591.2737967813583,809.2721042074579,-591.2737967813583,1002.2604658513723,1.7201071676744277,134.48466363790857,1499.771542734587,-26.178609655925268,-1.0,38.29641947882648,40.29641947882648,VALID_POLYGON,1134,0,1134,refine_1m
809.2721042074579,591.2737967813584,809.2721042074579,591.2737967813584,1002.2604658513723,1.7201071676744277,134.48466363790962,1499.771542734587,26.178609655925268,1.0,321.70358052117354,40.296419478826486,VALID_POLYGON,1134,0,1134,refine_1m
791.2721042074579,-615.2737967813583,791.2721042074579,-615.2737967813583,1002.3339702427761,1.5540815397014285,134.48471703112372,1499.771542734587,-26.178609655925268,-1.0,38.74246654144768,40.74246654144769,VALID_POLYGON,1134,0,1134,refine_1m
791.2721042074579,615.2737967813584,791.2721042074579,615.2737967813584,1002.3339702427762,1.5540815397014285,134.48471703112455,1499.771542734587,26.178609655925268,1.0,321.2575334585523,40.74246654144769,VALID_POLYGON,1134,0,1134,refine_1m
788.2721042074579,-619.2737967813583,788.2721042074579,-619.2737967813583,1002.4335118358985,1.4387833657129931,134.49486115886643,1499.771542734587,-26.178609655925268,-1.0,38.81407643417828,40.8140764341783,VALID_POLYGON,1134,0,1134,refine_1m
788.2721042074579,619.2737967813584,788.2721042074579,619.2737967813584,1002.4335118358986,1.4387833657129931,134.49486115886705,1499.771542734587,26.178609655925268,1.0,321.1859235658217,40.81407643417831,VALID_POLYGON,1134,0,1134,refine_1m
799.908537073296,603.52855613763,799.908537073296,603.52855613763,1002.0480955305054,1.8853528067987781,134.502967641511,1499.771542734587,26.178609655925268,1.0,321.4791727480737,40.520827251926285,VALID_POLYGON,1134,0,1134,refine_1m
799.908537073296,-603.52855613763,799.908537073296,-603.52855613763,1002.0480955305054,1.8853528067987781,134.50296764151165,1499.771542734587,-26.178609655925268,-1.0,38.52082725192627,40.520827251926285,VALID_POLYGON,1134,0,1134,refine_1m
801.408537073296,-601.52855613763,801.408537073296,-601.52855613763,1002.0440345329052,1.8971177455091492,134.5032757548422,1499.771542734587,-26.178609655925268,-1.0,38.48357856268731,40.48357856268731,VALID_POLYGON,1134,0,1134,refine_0.5m
801.408537073296,601.52855613763,801.408537073296,601.52855613763,1002.0440345329052,1.8971177455091492,134.50327575484286,1499.771542734587,26.178609655925268,1.0,321.5164214373127,40.48357856268731,VALID_POLYGON,1134,0,1134,refine_0.5m
802.908537073296,599.52855613763,802.908537073296,599.52855613763,1002.0462107755568,1.902620889206446,134.50433565790462,1499.771542734587,26.178609655925268,1.0,321.553870684219,40.44612931578101,VALID_POLYGON,1134,0,1134,refine_1m
802.908537073296,-599.52855613763,802.908537073296,-599.52855613763,1002.0462107755568,1.902620889206446,134.50433565790502,1499.771542734587,-26.178609655925268,-1.0,38.446129315781,40.44612931578101,VALID_POLYGON,1134,0,1134,refine_1m
796.908537073296,607.52855613763,796.908537073296,607.52855613763,1002.0749288266692,1.843038547853439,134.5045749491642,1499.771542734587,26.178609655925268,1.0,321.4052707564072,40.59472924359278,VALID_POLYGON,1134,0,1134,refine_1m
796.908537073296,-607.52855613763,796.908537073296,-607.52855613763,1002.0749288266692,1.843038547853439,134.50457494916503,1499.771542734587,-26.178609655925268,-1.0,38.594729243592774,40.59472924359278,VALID_POLYGON,1134,0,1134,refine_1m
804.408537073296,597.52855613763,804.408537073296,597.52855613763,1002.0546242178223,1.9018621343146833,134.50615545518306,1499.771542734587,26.178609655925268,1.0,321.5915220806981,40.40847791930191,VALID_POLYGON,1134,0,1134,refine_0.5m
804.408537073296,-597.52855613763,804.408537073296,-597.52855613763,1002.0546242178223,1.9018621343146833,134.5061554551837,1499.771542734587,-26.178609655925268,-1.0,38.408477919301916,40.40847791930191,VALID_POLYGON,1134,0,1134,refine_0.5m
802.2721042074579,600.2737967813584,802.2721042074579,600.2737967813584,1001.9826147652312,1.9632154215357787,134.51814181338042,1499.771542734587,26.178609655925268,1.0,321.54301679692276,40.45698320307722,VALID_POLYGON,1134,0,1134,refine_1m
802.2721042074579,-600.2737967813583,802.2721042074579,-600.2737967813583,1001.9826147652312,1.9632154215358923,134.51814181338128,1499.771542734587,-26.178609655925268,-1.0,38.456983203077215,40.45698320307722,VALID_POLYGON,1134,0,1134,refine_1m
825.908537073296,-569.52855613763,825.908537073296,-569.52855613763,1003.2385996694732,0.8232104211327851,134.52018266380375,1499.771542734587,-26.178609655925268,-1.0,37.87996442630985,39.87996442630984,VALID_POLYGON,1134,0,1134,refine_5m
825.908537073296,569.52855613763,825.908537073296,569.52855613763,1003.2385996694732,0.8232104211327851,134.52018266380415,1499.771542734587,26.178609655925268,1.0,322.12003557369013,39.87996442630984,VALID_POLYGON,1134,0,1134,refine_5m
805.2721042074579,596.2737967813584,805.2721042074579,596.2737967813584,1002.0007996717187,1.9603354096584553,134.5220531758731,1499.771542734587,26.178609655925268,1.0,321.6183835901237,40.381616409876315,VALID_POLYGON,1134,0,1134,refine_1m
805.2721042074579,-596.2737967813583,805.2721042074579,-596.2737967813583,1002.0007996717186,1.9603354096584553,134.5220531758735,1499.771542734587,-26.178609655925268,-1.0,38.38161640987631,40.381616409876315,VALID_POLYGON,1134,0,1134,refine_1m
793.2721042074579,612.2737967813584,793.2721042074579,612.2737967813584,1002.0777582297634,1.821570459431996,134.52432557733428,1499.771542734587,26.178609655925268,1.0,321.3217039728291,40.67829602717092,VALID_POLYGON,1134,0,1134,refine_1m
793.2721042074579,-612.2737967813583,793.2721042074579,-612.2737967813583,1002.0777582297634,1.8215704594321096,134.5243255773349,1499.771542734587,-26.178609655925268,-1.0,38.67829602717092,40.67829602717092,VALID_POLYGON,1134,0,1134,refine_1m
800.908537073296,602.02855613763,800.908537073296,602.02855613763,1001.9445429573667,1.9944538809945698,134.52612355806912,1499.771542734587,26.178609655925268,1.0,321.5121205210786,40.487879478921386,VALID_POLYGON,1134,0,1134,refine_0.5m
800.908537073296,-602.02855613763,800.908537073296,-602.02855613763,1001.9445429573667,1.9944538809945698,134.52612355806954,1499.771542734587,-26.178609655925268,-1.0,38.487879478921386,40.487879478921386,VALID_POLYGON,1134,0,1134,refine_0.5m
803.908537073296,-598.02855613763,803.908537073296,-598.02855613763,1001.9516405173382,2.002705749899974,134.52874387770848,1499.771542734587,-26.178609655925268,-1.0,38.41286071681712,40.41286071681712,VALID_POLYGON,1134,0,1134,refine_0.5m
803.908537073296,598.02855613763,803.908537073296,598.02855613763,1001.9516405173382,2.002705749899974,134.5287438777093,1499.771542734587,26.178609655925268,1.0,321.58713928318286,40.41286071681712,VALID_POLYGON,1134,0,1134,refine_0.5m
808.2721042074579,592.2737967813584,808.2721042074579,592.2737967813584,1002.0439335646704,1.9324066880624287,134.52905918711974,1499.771542734587,26.178609655925268,1.0,321.69456956586083,40.30543043413918,VALID_POLYGON,1134,0,1134,refine_1m
808.2721042074579,-592.2737967813583,808.2721042074579,-592.2737967813583,1002.0439335646703,1.9324066880625423,134.52905918712037,1499.771542734587,-26.178609655925268,-1.0,38.30543043413917,40.30543043413918,VALID_POLYGON,1134,0,1134,refine_1m
790.2721042074579,616.2737967813584,790.2721042074579,616.2737967813584,1002.1593642169863,1.7242723194192422,134.53215197699635,1499.771542734587,26.178609655925268,1.0,321.2494876605893,40.75051233941069,VALID_POLYGON,1134,0,1134,refine_1m
790.2721042074579,-616.2737967813583,790.2721042074579,-616.2737967813583,1002.1593642169863,1.7242723194193559,134.53215197699677,1499.771542734587,-26.178609655925268,-1.0,38.750512339410676,40.75051233941068,VALID_POLYGON,1134,0,1134,refine_1m
787.2721042074579,-620.2737967813583,787.2721042074579,-620.2737967813583,1002.26590735034,1.60194323490839,134.54276159060277,1499.771542734587,-26.178609655925268,-1.0,38.82197132542678,40.82197132542678,VALID_POLYGON,1134,0,1134,refine_1m
787.2721042074579,620.2737967813584,787.2721042074579,620.2737967813584,1002.2659073503401,1.6019432349082763,134.5427615906036,1499.771542734587,26.178609655925268,1.0,321.1780286745732,40.82197132542678,VALID_POLYGON,1134,0,1134,refine_1m
798.908537073296,604.52855613763,798.908537073296,604.52855613763,1001.8530959149857,2.0760239473382853,134.5489378926604,1499.771542734587,26.178609655925268,1.0,321.47065828360815,40.52934171639187,VALID_POLYGON,1134,0,1134,refine_1m
798.908537073296,-604.52855613763,798.908537073296,-604.52855613763,1001.8530959149857,2.0760239473382853,134.54893789266063,1499.771542734587,-26.178609655925268,-1.0,38.529341716391876,40.52934171639187,VALID_POLYGON,1134,0,1134,refine_1m
801.908537073296,600.52855613763,801.908537073296,600.52855613763,1001.8442237033561,2.1003100376372004,134.54979397477354,1499.771542734587,26.178609655925268,1.0,321.5451941061105,40.4548058938895,VALID_POLYGON,1134,0,1134,refine_1m
801.908537073296,600.52855613763,801.908537073296,600.52855613763,1001.8442237033561,2.1003100376372004,134.54979397477354,1499.771542734587,26.178609655925268,1.0,321.5451941061105,40.4548058938895,VALID_POLYGON,1134,0,1134,refine_0.5m
801.908537073296,-600.52855613763,801.908537073296,-600.52855613763,1001.8442237033561,2.1003100376372004,134.54979397477396,1499.771542734587,-26.178609655925268,-1.0,38.45480589388949,40.4548058938895,VALID_POLYGON,1134,0,1134,refine_1m
801.908537073296,-600.52855613763,801.908537073296,-600.52855613763,1001.8442237033561,2.1003100376372004,134.54979397477396,1499.771542734587,-26.178609655925268,-1.0,38.45480589388949,40.4548058938895,VALID_POLYGON,1134,0,1134,refine_0.5m
832.2721042074579,561.2737967813584,832.2721042074579,561.2737967813584,1003.8451725217745,0.24671406983418365,134.55035353487645,1499.771542734587,26.178609655925268,1.0,322.2828928102343,39.71710718976572,VALID_POLYGON,1134,0,1134,refine_5m
832.2721042074579,-561.2737967813583,832.2721042074579,-561.2737967813583,1003.8451725217745,0.24671406983429733,134.5503535348775,1499.771542734587,-26.178609655925268,-1.0,37.717107189765706,39.71710718976572,VALID_POLYGON,1134,0,1134,refine_5m
795.908537073296,608.52855613763,795.908537073296,608.52855613763,1001.8869212746031,2.0266873635714546,134.55104493306672,1499.771542734587,26.178609655925268,1.0,321.39691548266643,40.60308451733359,VALID_POLYGON,1134,0,1134,refine_1m
795.908537073296,-608.52855613763,795.908537073296,-608.52855613763,1001.8869212746031,2.0266873635714546,134.55104493306695,1499.771542734587,-26.178609655925268,-1.0,38.603084517333585,40.60308451733359,VALID_POLYGON,1134,0,1134,refine_1m
804.908537073296,-596.52855613763,804.908537073296,-596.52855613763,1001.86030530265,2.0995438054924307,134.55367716752602,1499.771542734587,-26.178609655925268,-1.0,38.37946444497726,40.379464444977266,VALID_POLYGON,1134,0,1134,refine_0.5m
804.908537073296,596.52855613763,804.908537073296,596.52855613763,1001.86030530265,2.0995438054924307,134.55367716752684,1499.771542734587,26.178609655925268,1.0,321.62053555502274,40.379464444977266,VALID_POLYGON,1134,0,1134,refine_0.5m
801.2721042074579,-601.2737967813583,801.2721042074579,-601.2737967813583,1001.7819940869957,2.1595319100936194,134.56368177794587,1499.771542734587,-26.178609655925268,-1.0,38.46563364160871,40.46563364160872,VALID_POLYGON,1134,0,1134,refine_1m
801.2721042074579,601.2737967813584,801.2721042074579,601.2737967813584,1001.7819940869957,2.1595319100936194,134.56368177794604,1499.771542734587,26.178609655925268,1.0,321.53436635839125,40.46563364160872,VALID_POLYGON,1134,0,1134,refine_1m
804.2721042074579,597.2737967813584,804.2721042074579,597.2737967813584,1001.793195189462,2.163666485447493,134.56707074139933,1499.771542734587,26.178609655925268,1.0,321.6095685818414,40.3904314181586,VALID_POLYGON,1134,0,1134,refine_1m
804.2721042074579,-597.2737967813583,804.2721042074579,-597.2737967813583,1001.7931951894619,2.1636664854476066,134.56707074139973,1499.771542734587,-26.178609655925268,-1.0,38.390431418158585,40.3904314181586,VALID_POLYGON,1134,0,1134,refine_1m
792.2721042074579,613.2737967813584,792.2721042074579,613.2737967813584,1001.8981170378233,1.99681684563825,134.57135913826846,1499.771542734587,26.178609655925268,1.0,321.31352964508716,40.68647035491284,VALID_POLYGON,1134,0,1134,refine_1m
792.2721042074579,-613.2737967813583,792.2721042074579,-613.2737967813583,1001.8981170378233,1.9968168456383637,134.5713591382691,1499.771542734587,-26.178609655925268,-1.0,38.68647035491283,40.68647035491284,VALID_POLYGON,1134,0,1134,refine_1m
801.408537073296,601.02855613763,801.408537073296,601.02855613763,1001.7439635889226,2.1984176467988163,134.57255385568317,1499.771542734587,26.178609655925268,1.0,321.54086594372313,40.45913405627688,VALID_POLYGON,1134,0,1134,refine_0.5m
801.408537073296,-601.02855613763,801.408537073296,-601.02855613763,1001.7439635889226,2.1984176467988163,134.5725538556838,1499.771542734587,-26.178609655925268,-1.0,38.45913405627687,40.45913405627688,VALID_POLYGON,1134,0,1134,refine_0.5m
807.2721042074579,-593.2737967813583,807.2721042074579,-593.2737967813583,1001.829350827228,2.1427470797003707,134.573541438845,1499.771542734587,-26.178609655925268,-1.0,38.31441305533414,40.31441305533415,VALID_POLYGON,1134,0,1134,refine_1m
807.2721042074579,593.2737967813584,807.2721042074579,593.2737967813584,1001.8293508272282,2.1427470797003707,134.5735414388454,1499.771542734587,26.178609655925268,1.0,321.68558694466583,40.31441305533415,VALID_POLYGON,1134,0,1134,refine_1m
804.408537073296,597.02855613763,804.408537073296,597.02855613763,1001.7565529409744,2.2011590542016393,134.57617567650615,1499.771542734587,26.178609655925268,1.0,321.6161250886842,40.383874911315765,VALID_POLYGON,1134,0,1134,refine_0.5m
804.408537073296,-597.02855613763,804.408537073296,-597.02855613763,1001.7565529409744,2.2011590542016393,134.57617567650698,1499.771542734587,-26.178609655925268,-1.0,38.383874911315765,40.383874911315765,VALID_POLYGON,1134,0,1134,refine_0.5m
789.2721042074579,617.2737967813584,789.2721042074579,617.2737967813584,1001.9867238007408,1.8924883248514561,134.5796600947428,1499.771542734587,26.178609655925268,1.0,321.241466381934,40.75853361806599,VALID_POLYGON,1134,0,1134,refine_1m
789.2721042074579,-617.2737967813583,789.2721042074579,-617.2737967813583,1001.9867238007407,1.8924883248515698,134.57966009474384,1499.771542734587,-26.178609655925268,-1.0,38.75853361806598,40.75853361806598,VALID_POLYGON,1134,0,1134,refine_1m
786.2721042074579,-621.2737967813583,786.2721042074579,-621.2737967813583,1002.1002706425879,1.7631262378278052,134.59073318993066,1499.771542734587,-26.178609655925268,-1.0,38.82984228051314,40.82984228051316,VALID_POLYGON,1134,0,1134,refine_1m
786.2721042074579,621.2737967813584,786.2721042074579,621.2737967813584,1002.100270642588,1.7631262378276915,134.59073318993086,1499.771542734587,26.178609655925268,1.0,321.17015771948684,40.82984228051316,VALID_POLYGON,1134,0,1134,refine_1m
797.908537073296,-605.52855613763,797.908537073296,-605.52855613763,1001.6600550249422,2.2647269842075275,134.5949877158193,1499.771542734587,-26.178609655925268,-1.0,38.53782983957991,40.53782983957991,VALID_POLYGON,1134,0,1134,refine_1m
797.908537073296,605.52855613763,797.908537073296,605.52855613763,1001.6600550249422,2.2647269842075275,134.59498771582014,1499.771542734587,26.178609655925268,1.0,321.4621701604201,40.53782983957991,VALID_POLYGON,1134,0,1134,refine_1m
800.908537073296,601.52855613763,800.908537073296,601.52855613763,1001.6441926182715,2.296033752433914,134.59533415052277,1499.771542734587,26.178609655925268,1.0,321.5365445115173,40.46345548848266,VALID_POLYGON,1134,0,1134,refine_1m
800.908537073296,601.52855613763,800.908537073296,601.52855613763,1001.6441926182715,2.296033752433914,134.59533415052277,1499.771542734587,26.178609655925268,1.0,321.5365445115173,40.46345548848266,VALID_POLYGON,1134,0,1134,refine_0.5m
800.908537073296,-601.52855613763,800.908537073296,-601.52855613763,1001.6441926182715,2.296033752433914,134.5953341505232,1499.771542734587,-26.178609655925268,-1.0,38.46345548848266,40.46345548848266,VALID_POLYGON,1134,0,1134,refine_1m
800.908537073296,-601.52855613763,800.908537073296,-601.52855613763,1001.6441926182715,2.296033752433914,134.5953341505232,1499.771542734587,-26.178609655925268,-1.0,38.46345548848266,40.46345548848266,VALID_POLYGON,1134,0,1134,refine_0.5m
794.908537073296,-609.52855613763,794.908537073296,-609.52855613763,1001.700875041662,2.208365552370765,134.59759227737848,1499.771542734587,-26.178609655925268,-1.0,38.61141407646199,40.611414076462,VALID_POLYGON,1134,0,1134,refine_1m
794.908537073296,609.52855613763,794.908537073296,609.52855613763,1001.700875041662,2.208365552370765,134.59759227737953,1499.771542734587,26.178609655925268,1.0,321.388585923538,40.611414076462,VALID_POLYGON,1134,0,1134,refine_1m
803.908537073296,597.52855613763,803.908537073296,597.52855613763,1001.6532890073529,2.302283498478232,134.59869518876587,1499.771542734587,26.178609655925268,1.0,321.61172151662436,40.38827848337567,VALID_POLYGON,1134,0,1134,refine_0.5m
803.908537073296,-597.52855613763,803.908537073296,-597.52855613763,1001.6532890073529,2.302283498478232,134.59869518876647,1499.771542734587,-26.178609655925268,-1.0,38.388278483375665,40.38827848337567,VALID_POLYGON,1134,0,1134,refine_0.5m
797.2721042074579,606.2737967813584,797.2721042074579,606.2737967813584,1001.604075875828,2.317672091879899,134.60943805150134,1499.771542734587,26.178609655925268,1.0,321.451504845906,40.54849515409399,VALID_POLYGON,1134,0,1134,refine_5m
797.2721042074579,-606.2737967813583,797.2721042074579,-606.2737967813583,1001.604075875828,2.317672091880013,134.60943805150174,1499.771542734587,-26.178609655925268,-1.0,38.54849515409399,40.54849515409399,VALID_POLYGON,1134,0,1134,refine_5m
803.2721042074579,598.2737967813584,803.2721042074579,598.2737967813584,1001.5875445077476,2.365034259559934,134.6121721395145,1499.771542734587,26.178609655925268,1.0,321.6007811029624,40.39921889703762,VALID_POLYGON,1134,0,1134,refine_1m
803.2721042074579,-598.2737967813583,803.2721042074579,-598.2737967813583,1001.5875445077476,2.3650342595600478,134.61217213951494,1499.771542734587,-26.178609655925268,-1.0,38.399218897037606,40.399218897037606,VALID_POLYGON,1134,0,1134,refine_1m
794.2721042074579,-610.2737967813583,794.2721042074579,-610.2737967813583,1001.6497803923672,2.2564063366361324,134.6125133337675,1499.771542734587,-26.178609655925268,-1.0,38.62194523286096,40.621945232860966,VALID_POLYGON,1134,0,1134,refine_1m
794.2721042074579,610.2737967813584,794.2721042074579,610.2737967813584,1001.6497803923673,2.2564063366360188,134.61251333376833,1499.771542734587,26.178609655925268,1.0,321.378054767139,40.62194523286097,VALID_POLYGON,1134,0,1134,refine_1m
806.2721042074579,594.2737967813584,806.2721042074579,594.2737967813584,1001.6167188920386,2.3511271034228685,134.61810995578938,1499.771542734587,26.178609655925268,1.0,321.6766325245968,40.32336747540318,VALID_POLYGON,1134,0,1134,refine_1m
806.2721042074579,-594.2737967813583,806.2721042074579,-594.2737967813583,1001.6167188920385,2.351127103422982,134.6181099557898,1499.771542734587,-26.178609655925268,-1.0,38.323367475403174,40.32336747540318,VALID_POLYGON,1134,0,1134,refine_1m
791.2721042074579,-614.2737967813583,791.2721042074579,-614.2737967813583,1001.7204401973056,2.1700896583616895,134.61846757968186,1499.771542734587,-26.178609655925268,-1.0,38.69461968075166,40.69461968075166,VALID_POLYGON,1134,0,1134,refine_1m
791.2721042074579,614.2737967813584,791.2721042074579,614.2737967813584,1001.7204401973056,2.170089658361576,134.61846757968272,1499.771542734587,26.178609655925268,1.0,321.30538031924834,40.69461968075166,VALID_POLYGON,1134,0,1134,refine_1m
809.2721042074579,-590.2737967813583,809.2721042074579,-590.2737967813583,1001.6708510359314,2.312161888453147,134.6271837632259,1499.771542734587,-26.178609655925268,-1.0,38.24668992313269,40.246689923132706,VALID_POLYGON,1134,0,1134,refine_1m
809.2721042074579,590.2737967813584,809.2721042074579,590.2737967813584,1001.6708510359314,2.3121618884530335,134.62718376322692,1499.771542734587,26.178609655925268,1.0,321.7533100768673,40.246689923132706,VALID_POLYGON,1134,0,1134,refine_1m
788.2721042074579,618.2737967813584,788.2721042074579,618.2737967813584,1001.8160500102251,2.0587285573761847,134.62724103479655,1499.771542734587,26.178609655925268,1.0,321.2334695109872,40.76653048901277,VALID_POLYGON,1134,0,1134,refine_1m
788.2721042074579,-618.2737967813583,788.2721042074579,-618.2737967813583,1001.816050010225,2.0587285573762983,134.6272410347974,1499.771542734587,-26.178609655925268,-1.0,38.766530489012766,40.76653048901277,VALID_POLYGON,1134,0,1134,refine_1m
812.2721042074579,586.2737967813584,812.2721042074579,586.2737967813584,1001.7499368934549,2.248141550428386,134.6394626602371,1499.771542734587,26.178609655925268,1.0,321.8308270510943,40.16917294890575,VALID_POLYGON,1134,0,1134,refine_5m
812.2721042074579,-586.2737967813583,812.2721042074579,-586.2737967813583,1001.7499368934549,2.248141550428386,134.6394626602377,1499.771542734587,-26.178609655925268,-1.0,38.16917294890573,40.169172948905725,VALID_POLYGON,1134,0,1134,refine_5m
799.908537073296,602.52855613763,799.908537073296,602.52855613763,1001.4461186923826,2.4897908766703267,134.64095577989045,1499.771542734587,26.178609655925268,1.0,321.52792177515227,40.47207822484777,VALID_POLYGON,1134,0,1134,refine_1m
799.908537073296,-602.52855613763,799.908537073296,-602.52855613763,1001.4461186923826,2.4897908766703267,134.64095577989087,1499.771542734587,-26.178609655925268,-1.0,38.472078224847756,40.47207822484777,VALID_POLYGON,1134,0,1134,refine_1m
796.908537073296,606.52855613763,796.908537073296,606.52855613763,1001.4689739930533,2.451460800506993,134.6411167205956,1499.771542734587,26.178609655925268,1.0,321.4537082568309,40.54629174316909,VALID_POLYGON,1134,0,1134,refine_1m
796.908537073296,-606.52855613763,796.908537073296,-606.52855613763,1001.4689739930533,2.451460800506993,134.64111672059641,1499.771542734587,-26.178609655925268,-1.0,38.54629174316909,40.54629174316909,VALID_POLYGON,1134,0,1134,refine_1m
801.408537073296,-600.52855613763,801.408537073296,-600.52855613763,1001.4440523717274,2.499557930733431,134.6419971010013,1499.771542734587,-26.178609655925268,-1.0,38.43467236887225,40.43467236887225,VALID_POLYGON,1134,0,1134,refine_0.5m
801.408537073296,600.52855613763,801.408537073296,600.52855613763,1001.4440523717274,2.499557930733431,134.6419971010017,1499.771542734587,26.178609655925268,1.0,321.56532763112773,40.43467236887225,VALID_POLYGON,1134,0,1134,refine_0.5m
802.908537073296,598.52855613763,802.908537073296,598.52855613763,1001.448227027926,2.503059377375507,134.64379701329239,1499.771542734587,26.178609655925268,1.0,321.6029349909871,40.397065009012906,VALID_POLYGON,1134,0,1134,refine_1m
802.908537073296,-598.52855613763,802.908537073296,-598.52855613763,1001.448227027926,2.503059377375507,134.6437970132932,1499.771542734587,-26.178609655925268,-1.0,38.3970650090129,40.397065009012906,VALID_POLYGON,1134,0,1134,refine_1m
804.408537073296,-596.52855613763,804.408537073296,-596.52855613763,1001.4586425829305,2.5002951506156705,134.6463637120929,1499.771542734587,-26.178609655925268,-1.0,38.35925454529972,40.35925454529972,VALID_POLYGON,1134,0,1134,refine_0.5m
804.408537073296,596.52855613763,804.408537073296,596.52855613763,1001.4586425829305,2.5002951506156705,134.64636371209352,1499.771542734587,26.178609655925268,1.0,321.64074545470027,40.35925454529972,VALID_POLYGON,1134,0,1134,refine_0.5m
805.908537073296,594.52855613763,805.908537073296,594.52855613763,1001.475298842021,2.491265302542729,134.64970551347116,1499.771542734587,26.178609655925268,1.0,321.67876063885814,40.321239361141885,VALID_POLYGON,1134,0,1134,refine_5m
805.908537073296,-594.52855613763,805.908537073296,-594.52855613763,1001.475298842021,2.491265302542729,134.64970551347136,1499.771542734587,-26.178609655925268,-1.0,38.32123936114187,40.321239361141885,VALID_POLYGON,1134,0,1134,refine_5m
790.908537073296,-614.52855613763,790.908537073296,-614.52855613763,1001.5895668007038,2.2996293643119543,134.65019400361146,1499.771542734587,-26.178609655925268,-1.0,38.692369335067696,40.6923693350677,VALID_POLYGON,1134,0,1134,refine_5m
790.908537073296,614.52855613763,790.908537073296,614.52855613763,1001.5895668007038,2.2996293643119543,134.65019400361248,1499.771542734587,26.178609655925268,1.0,321.3076306649323,40.6923693350677,VALID_POLYGON,1134,0,1134,refine_5m
802.2721042074579,-599.2737967813583,802.2721042074579,-599.2737967813583,1001.3838488303109,2.5644375429094453,134.65735695208227,1499.771542734587,-26.178609655925268,-1.0,38.40797897486294,40.40797897486294,VALID_POLYGON,1134,0,1134,refine_1m
802.2721042074579,599.2737967813584,802.2721042074579,599.2737967813584,1001.383848830311,2.5644375429093316,134.6573569520833,1499.771542734587,26.178609655925268,1.0,321.59202102513706,40.40797897486296,VALID_POLYGON,1134,0,1134,refine_1m
793.2721042074579,-611.2737967813583,793.2721042074579,-611.2737967813583,1001.4670668300707,2.4347364295168745,134.65921456343472,1499.771542734587,-26.178609655925268,-1.0,38.63022429152747,40.630224291527476,VALID_POLYGON,1134,0,1134,refine_1m
793.2721042074579,611.2737967813584,793.2721042074579,611.2737967813584,1001.4670668300707,2.434736429516761,134.6592145634351,1499.771542734587,26.178609655925268,1.0,321.3697757084725,40.63022429152749,VALID_POLYGON,1134,0,1134,refine_1m
805.2721042074579,595.2737967813584,805.2721042074579,595.2737967813584,1001.4060390017632,2.5575455305832975,134.6627643037557,1499.771542734587,26.178609655925268,1.0,321.6677061734902,40.332293826509776,VALID_POLYGON,1134,0,1134,refine_1m
805.2721042074579,-595.2737967813583,805.2721042074579,-595.2737967813583,1001.4060390017631,2.557545530583411,134.66276430375612,1499.771542734587,-26.178609655925268,-1.0,38.332293826509755,40.332293826509755,VALID_POLYGON,1134,0,1134,refine_1m
800.908537073296,601.02855613763,800.908537073296,601.02855613763,1001.3440018543934,2.5974541600795646,134.6647096071061,1499.771542734587,26.178609655925268,1.0,321.5609856567512,40.43901434324883,VALID_POLYGON,1134,0,1134,refine_0.5m
800.908537073296,-601.02855613763,800.908537073296,-601.02855613763,1001.3440018543934,2.5974541600795646,134.66470960710672,1499.771542734587,-26.178609655925268,-1.0,38.43901434324883,40.43901434324883,VALID_POLYGON,1134,0,1134,refine_0.5m
790.2721042074579,-615.2737967813583,790.2721042074579,-615.2737967813583,1001.5447287536546,2.3413878692942944,134.66565054133437,1499.771542734587,-26.178609655925268,-1.0,38.70274411888982,40.70274411888983,VALID_POLYGON,1134,0,1134,refine_1m
790.2721042074579,615.2737967813584,790.2721042074579,615.2737967813584,1001.5447287536546,2.3413878692942944,134.66565054133457,1499.771542734587,26.178609655925268,1.0,321.2972558811102,40.70274411888983,VALID_POLYGON,1134,0,1134,refine_1m
803.908537073296,-597.02855613763,803.908537073296,-597.02855613763,1001.3550982658999,2.6017005758526466,134.66881402653132,1499.771542734587,-26.178609655925268,-1.0,38.363678918498415,40.36367891849841,VALID_POLYGON,1134,0,1134,refine_0.5m
803.908537073296,597.02855613763,803.908537073296,597.02855613763,1001.3550982658999,2.6017005758526466,134.66881402653195,1499.771542734587,26.178609655925268,1.0,321.6363210815016,40.36367891849841,VALID_POLYGON,1134,0,1134,refine_0.5m
808.2721042074579,-591.2737967813583,808.2721042074579,-591.2737967813583,1001.4531927155631,2.525589951373263,134.6712944881383,1499.771542734587,-26.178609655925268,-1.0,38.255785625809935,40.25578562580995,VALID_POLYGON,1134,0,1134,refine_1m
808.2721042074579,591.2737967813584,808.2721042074579,591.2737967813584,1001.4531927155632,2.5255899513731492,134.6712944881385,1499.771542734587,26.178609655925268,1.0,321.74421437419005,40.255785625809956,VALID_POLYGON,1134,0,1134,refine_1m
787.2721042074579,-619.2737967813583,787.2721042074579,-619.2737967813583,1001.6473438507375,2.2229920294394105,134.67489444995275,1499.771542734587,-26.178609655925268,-1.0,38.77450306317588,40.77450306317588,VALID_POLYGON,1134,0,1134,refine_1m
787.2721042074579,619.2737967813584,787.2721042074579,619.2737967813584,1001.6473438507376,2.2229920294394105,134.67489444995317,1499.771542734587,26.178609655925268,1.0,321.22549693682413,40.77450306317589,VALID_POLYGON,1134,0,1134,refine_1m
798.908537073296,603.52855613763,798.908537073296,603.52855613763,1001.2500030872241,2.6815802641497157,134.68665846043567,1499.771542734587,26.178609655925268,1.0,321.51932577249994,40.48067422750005,VALID_POLYGON,1134,0,1134,refine_1m
798.908537073296,-603.52855613763,798.908537073296,-603.52855613763,1001.2500030872241,2.6815802641497157,134.6866584604361,1499.771542734587,-26.178609655925268,-1.0,38.480674227500046,40.48067422750005,VALID_POLYGON,1134,0,1134,refine_1m
795.908537073296,607.52855613763,795.908537073296,607.52855613763,1001.2798539413582,2.6362242901604986,134.68732451929395,1499.771542734587,26.178609655925268,1.0,321.44527245190784,40.55472754809218,VALID_POLYGON,1134,0,1134,refine_1m
795.908537073296,-607.52855613763,795.908537073296,-607.52855613763,1001.2798539413582,2.6362242901604986,134.68732451929458,1499.771542734587,-26.178609655925268,-1.0,38.55472754809217,40.55472754809218,VALID_POLYGON,1134,0,1134,refine_1m
801.908537073296,-599.52855613763,801.908537073296,-599.52855613763,1001.2451205651416,2.701870256120401,134.68898222328863,1499.771542734587,-26.178609655925268,-1.0,38.40582415009728,40.40582415009728,VALID_POLYGON,1134,0,1134,refine_1m
801.908537073296,599.52855613763,801.908537073296,599.52855613763,1001.2451205651416,2.701870256120401,134.68898222328968,1499.771542734587,26.178609655925268,1.0,321.59417584990274,40.40582415009728,VALID_POLYGON,1134,0,1134,refine_1m
801.2721042074579,600.2737967813584,801.2721042074579,600.2737967813584,1001.1821093504193,2.7618751570634004,134.70262476389343,1499.771542734587,26.178609655925268,1.0,321.5832882208099,40.41671177919011,VALID_POLYGON,1134,0,1134,refine_1m
801.2721042074579,-600.2737967813583,801.2721042074579,-600.2737967813583,1001.1821093504192,2.7618751570634004,134.70262476389405,1499.771542734587,-26.178609655925268,-1.0,38.4167117791901,40.41671177919011,VALID_POLYGON,1134,0,1134,refine_1m
792.2721042074579,-612.2737967813583,792.2721042074579,-612.2737967813583,1001.2863173590125,2.6110931694641977,134.70599205579452,1499.771542734587,-26.178609655925268,-1.0,38.638477973887824,40.63847797388783,VALID_POLYGON,1134,0,1134,refine_1m
792.2721042074579,612.2737967813584,792.2721042074579,612.2737967813584,1001.2863173590126,2.611093169464084,134.70599205579515,1499.771542734587,26.178609655925268,1.0,321.3615220261122,40.63847797388784,VALID_POLYGON,1134,0,1134,refine_1m
804.2721042074579,-596.2737967813583,804.2721042074579,-596.2737967813583,1001.1973123886962,2.7620011430882414,134.70750405161183,1499.771542734587,-26.178609655925268,-1.0,38.3411922399956,40.34119223999561,VALID_POLYGON,1134,0,1134,refine_1m
804.2721042074579,596.2737967813584,804.2721042074579,596.2737967813584,1001.1973123886963,2.7620011430881277,134.70750405161286,1499.771542734587,26.178609655925268,1.0,321.6588077600044,40.34119223999562,VALID_POLYGON,1134,0,1134,refine_1m
789.2721042074579,616.2737967813584,789.2721042074579,616.2737967813584,1001.37098374148,2.5107104611449813,134.7129076654323,1499.771542734587,26.178609655925268,1.0,321.2891562171627,40.71084378283729,VALID_POLYGON,1134,0,1134,refine_1m
789.2721042074579,-616.2737967813583,789.2721042074579,-616.2737967813583,1001.3709837414799,2.510710461145095,134.71290766543314,1499.771542734587,-26.178609655925268,-1.0,38.71084378283728,40.71084378283728,VALID_POLYGON,1134,0,1134,refine_1m
807.2721042074579,-592.2737967813583,807.2721042074579,-592.2737967813583,1001.237484608593,2.7370581997846557,134.7154930964274,1499.771542734587,-26.178609655925268,-1.0,38.264852710124295,40.26485271012431,VALID_POLYGON,1134,0,1134,refine_1m
807.2721042074579,592.2737967813584,807.2721042074579,592.2737967813584,1001.237484608593,2.737058199784542,134.71549309642845,1499.771542734587,26.178609655925268,1.0,321.7351472898757,40.26485271012431,VALID_POLYGON,1134,0,1134,refine_1m
775.908537073296,634.52855613763,775.908537073296,634.52855613763,1002.3275644505281,1.4819063554949707,134.72121156828993,1499.771542734587,26.178609655925268,1.0,320.9555883406475,41.04441165935249,VALID_POLYGON,1134,0,1134,refine_5m
775.908537073296,-634.52855613763,775.908537073296,-634.52855613763,1002.3275644505281,1.4819063554949707,134.72121156829078,1499.771542734587,-26.178609655925268,-1.0,39.04441165935249,41.04441165935249,VALID_POLYGON,1134,0,1134,refine_5m
786.2721042074579,-620.2737967813583,786.2721042074579,-620.2737967813583,1001.4806063166602,2.3852777645831793,134.72261999533887,1499.771542734587,-26.178609655925268,-1.0,38.78245145081092,40.78245145081093,VALID_POLYGON,1134,0,1134,refine_1m
786.2721042074579,620.2737967813584,786.2721042074579,620.2737967813584,1001.4806063166603,2.3852777645831793,134.7226199953393,1499.771542734587,26.178609655925268,1.0,321.2175485491891,40.78245145081093,VALID_POLYGON,1134,0,1134,refine_1m
820.908537073296,574.52855613763,820.908537073296,574.52855613763,1001.9849739678777,2.056453486042642,134.72767465680784,1499.771542734587,26.178609655925268,1.0,322.07054007149884,39.929459928501174,VALID_POLYGON,1134,0,1134,refine_5m
820.908537073296,-574.52855613763,820.908537073296,-574.52855613763,1001.9849739678777,2.056453486042642,134.72767465680846,1499.771542734587,-26.178609655925268,-1.0,37.929459928501174,39.929459928501174,VALID_POLYGON,1134,0,1134,refine_5m
797.908537073296,-604.52855613763,797.908537073296,-604.52855613763,1001.0558469537526,2.871400779439,134.7324417925156,1499.771542734587,-26.178609655925268,-1.0,38.48924362018871,40.48924362018872,VALID_POLYGON,1134,0,1134,refine_1m
797.908537073296,604.52855613763,797.908537073296,604.52855613763,1001.0558469537526,2.871400779439,134.73244179251685,1499.771542734587,26.178609655925268,1.0,321.5107563798113,40.48924362018872,VALID_POLYGON,1134,0,1134,refine_1m
794.908537073296,608.52855613763,794.908537073296,608.52855613763,1001.0926959812244,2.819016357947362,134.7336107268888,1499.771542734587,26.178609655925268,1.0,321.4368626254584,40.56313737454159,VALID_POLYGON,1134,0,1134,refine_1m
794.908537073296,-608.52855613763,794.908537073296,-608.52855613763,1001.0926959812244,2.819016357947362,134.73361072688965,1499.771542734587,-26.178609655925268,-1.0,38.56313737454158,40.56313737454159,VALID_POLYGON,1134,0,1134,refine_1m
800.908537073296,600.52855613763,800.908537073296,600.52855613763,1001.0439708092915,2.898714959315271,134.73425040386232,1499.771542734587,26.178609655925268,1.0,321.5854439659557,40.41455603404434,VALID_POLYGON,1134,0,1134,refine_1m
800.908537073296,600.52855613763,800.908537073296,600.52855613763,1001.0439708092915,2.898714959315271,134.73425040386232,1499.771542734587,26.178609655925268,1.0,321.5854439659557,40.41455603404434,VALID_POLYGON,1134,0,1134,refine_0.5m
800.908537073296,-600.52855613763,800.908537073296,-600.52855613763,1001.0439708092915,2.898714959315271,134.73425040386275,1499.771542734587,-26.178609655925268,-1.0,38.414556034044345,40.41455603404434,VALID_POLYGON,1134,0,1134,refine_1m
800.908537073296,-600.52855613763,800.908537073296,-600.52855613763,1001.0439708092915,2.898714959315271,134.73425040386275,1499.771542734587,-26.178609655925268,-1.0,38.414556034044345,40.41455603404434,VALID_POLYGON,1134,0,1134,refine_0.5m
803.908537073296,596.52855613763,803.908537073296,596.52855613763,1001.0570684366463,2.900956837280205,134.73910087817796,1499.771542734587,26.178609655925268,1.0,321.66093798707135,40.33906201292864,VALID_POLYGON,1134,0,1134,refine_0.5m
803.908537073296,-596.52855613763,803.908537073296,-596.52855613763,1001.0570684366463,2.900956837280205,134.7391008781786,1499.771542734587,-26.178609655925268,-1.0,38.33906201292863,40.33906201292864,VALID_POLYGON,1134,0,1134,refine_0.5m
827.2721042074579,566.2737967813584,827.2721042074579,566.2737967813584,1002.5193999723947,1.552447717466407,134.7515022683851,1499.771542734587,26.178609655925268,1.0,322.23148848212855,39.76851151787143,VALID_POLYGON,1134,0,1134,refine_5m
827.2721042074579,-566.2737967813583,827.2721042074579,-566.2737967813583,1002.5193999723947,1.5524477174665208,134.75150226838554,1499.771542734587,-26.178609655925268,-1.0,37.76851151787142,39.76851151787141,VALID_POLYGON,1134,0,1134,refine_5m
803.2721042074579,597.2737967813584,803.2721042074579,597.2737967813584,1000.9905402747304,2.964492733432394,134.75232877126513,1499.771542734587,26.178609655925268,1.0,321.64993715361305,40.35006284638693,VALID_POLYGON,1134,0,1134,refine_1m
803.2721042074579,-597.2737967813583,803.2721042074579,-597.2737967813583,1000.9905402747303,2.964492733432394,134.75232877126516,1499.771542734587,-26.178609655925268,-1.0,38.35006284638692,40.35006284638692,VALID_POLYGON,1134,0,1134,refine_1m
791.2721042074579,-613.2737967813583,791.2721042074579,-613.2737967813583,1001.1075330430398,2.7854755095196424,134.75284544212033,1499.771542734587,-26.178609655925268,-1.0,38.64670639609462,40.64670639609463,VALID_POLYGON,1134,0,1134,refine_1m
791.2721042074579,613.2737967813584,791.2721042074579,613.2737967813584,1001.1075330430398,2.7854755095195287,134.75284544212118,1499.771542734587,26.178609655925268,1.0,321.3532936039054,40.64670639609463,VALID_POLYGON,1134,0,1134,refine_1m
806.2721042074579,593.2737967813584,806.2721042074579,593.2737967813584,1001.0237279757611,2.946565386697216,134.75977914352936,1499.771542734587,26.178609655925268,1.0,321.72610868952285,40.273891310477154,VALID_POLYGON,1134,0,1134,refine_1m
806.2721042074579,-593.2737967813583,806.2721042074579,-593.2737967813583,1001.023727975761,2.94656538669733,134.75977914352998,1499.771542734587,-26.178609655925268,-1.0,38.27389131047716,40.273891310477154,VALID_POLYGON,1134,0,1134,refine_1m
788.2721042074579,617.2737967813584,788.2721042074579,617.2737967813584,1001.199206184527,2.678056427668139,134.76023859660748,1499.771542734587,26.178609655925268,1.0,321.28108121458325,40.71891878541676,VALID_POLYGON,1134,0,1134,refine_1m
788.2721042074579,-617.2737967813583,788.2721042074579,-617.2737967813583,1001.199206184527,2.6780564276682526,134.7602385966079,1499.771542734587,-26.178609655925268,-1.0,38.71891878541675,40.71891878541676,VALID_POLYGON,1134,0,1134,refine_1m
796.908537073296,-605.52855613763,796.908537073296,-605.52855613763,1000.8636514323135,3.0592512979004596,134.7783053792556,1499.771542734587,-26.178609655925268,-1.0,38.49778652590271,40.49778652590272,VALID_POLYGON,1134,0,1134,refine_1m
796.908537073296,605.52855613763,796.908537073296,605.52855613763,1000.8636514323135,3.0592512979004596,134.77830537925644,1499.771542734587,26.178609655925268,1.0,321.5022134740973,40.49778652590272,VALID_POLYGON,1134,0,1134,refine_1m
799.908537073296,-601.52855613763,799.908537073296,-601.52855613763,1000.8447789401523,3.0935923222634756,134.77960114302402,1499.771542734587,-26.178609655925268,-1.0,38.42326078748291,40.42326078748292,VALID_POLYGON,1134,0,1134,refine_1m
799.908537073296,601.52855613763,799.908537073296,601.52855613763,1000.8447789401523,3.0935923222634756,134.77960114302485,1499.771542734587,26.178609655925268,1.0,321.5767392125171,40.42326078748292,VALID_POLYGON,1134,0,1134,refine_1m
793.2721042074579,610.2737967813584,793.2721042074579,610.2737967813584,1000.8570019496605,3.0472764645153347,134.79473860889766,1499.771542734587,26.178609655925268,1.0,321.4179143409427,40.58208565905732,VALID_POLYGON,1134,0,1134,refine_1m
793.2721042074579,-610.2737967813583,793.2721042074579,-610.2737967813583,1000.8570019496605,3.0472764645154484,134.79473860889829,1499.771542734587,-26.178609655925268,-1.0,38.58208565905731,40.58208565905732,VALID_POLYGON,1134,0,1134,refine_1m
802.2721042074579,598.2737967813584,802.2721042074579,598.2737967813584,1000.7857238713212,3.165019104733801,134.7972380376341,1499.771542734587,26.178609655925268,1.0,321.6410942245992,40.35890577540078,VALID_POLYGON,1134,0,1134,refine_1m
802.2721042074579,-598.2737967813583,802.2721042074579,-598.2737967813583,1000.7857238713211,3.165019104733915,134.79723803763451,1499.771542734587,-26.178609655925268,-1.0,38.35890577540077,40.35890577540078,VALID_POLYGON,1134,0,1134,refine_1m
790.2721042074579,-614.2737967813583,790.2721042074579,-614.2737967813583,1000.930714935189,2.957882413717357,134.79977435619824,1499.771542734587,-26.178609655925268,-1.0,38.65490967359477,40.65490967359478,VALID_POLYGON,1134,0,1134,refine_1m
790.2721042074579,614.2737967813584,790.2721042074579,614.2737967813584,1000.9307149351891,2.9578824137172433,134.79977435619887,1499.771542734587,26.178609655925268,1.0,321.3450903264052,40.65490967359479,VALID_POLYGON,1134,0,1134,refine_1m
805.2721042074579,-594.2737967813583,805.2721042074579,-594.2737967813583,1000.8119240674733,3.1541102756418695,134.80415218803242,1499.771542734587,-26.178609655925268,-1.0,38.28290156043248,40.28290156043248,VALID_POLYGON,1134,0,1134,refine_1m
805.2721042074579,594.2737967813584,805.2721042074579,594.2737967813584,1000.8119240674735,3.154110275641756,134.80415218803302,1499.771542734587,26.178609655925268,1.0,321.7170984395675,40.28290156043248,VALID_POLYGON,1134,0,1134,refine_1m
787.2721042074579,-618.2737967813583,787.2721042074579,-618.2737967813583,1001.0293970956471,2.8434247736933003,134.80764298189357,1499.771542734587,-26.178609655925268,-1.0,38.726969238768845,40.72696923876885,VALID_POLYGON,1134,0,1134,refine_1m
787.2721042074579,618.2737967813584,787.2721042074579,618.2737967813584,1001.0293970956473,2.8434247736933003,134.807642981894,1499.771542734587,26.178609655925268,1.0,321.27303076123115,40.72696923876885,VALID_POLYGON,1134,0,1134,refine_1m
808.2721042074579,-590.2737967813583,808.2721042074579,-590.2737967813583,1000.8631023304996,3.118123053574209,134.8142176261294,1499.771542734587,-26.178609655925268,-1.0,38.20607041302068,40.20607041302069,VALID_POLYGON,1134,0,1134,refine_1m
808.2721042074579,590.2737967813584,808.2721042074579,590.2737967813584,1000.8631023304996,3.118123053574095,134.81421762613022,1499.771542734587,26.178609655925268,1.0,321.7939295869793,40.2060704130207,VALID_POLYGON,1134,0,1134,refine_1m
795.908537073296,-606.52855613763,795.908537073296,-606.52855613763,1000.6734176526087,3.2451307057249323,134.82424882653055,1499.771542734587,-26.178609655925268,-1.0,38.50630306687661,40.50630306687662,VALID_POLYGON,1134,0,1134,refine_1m
795.908537073296,606.52855613763,795.908537073296,606.52855613763,1000.6734176526087,3.2451307057249323,134.82424882653115,1499.771542734587,26.178609655925268,1.0,321.4936969331234,40.50630306687662,VALID_POLYGON,1134,0,1134,refine_1m
798.908537073296,602.52855613763,798.908537073296,602.52855613763,1000.6475461269522,3.2865011910022304,134.8250340316547,1499.771542734587,26.178609655925268,1.0,321.56806146373884,40.43193853626116,VALID_POLYGON,1134,0,1134,refine_1m
798.908537073296,-602.52855613763,798.908537073296,-602.52855613763,1000.6475461269522,3.2865011910022304,134.82503403165512,1499.771542734587,-26.178609655925268,-1.0,38.43193853626115,40.43193853626116,VALID_POLYGON,1134,0,1134,refine_1m
801.908537073296,598.52855613763,801.908537073296,598.52855613763,1000.6466580882733,3.302790234516351,134.82883601132735,1499.771542734587,26.178609655925268,1.0,321.64322649633056,40.35677350366945,VALID_POLYGON,1134,0,1134,refine_1m
801.908537073296,-598.52855613763,801.908537073296,-598.52855613763,1000.6466580882733,3.302790234516351,134.82883601132798,1499.771542734587,-26.178609655925268,-1.0,38.35677350366945,40.35677350366945,VALID_POLYGON,1134,0,1134,refine_1m
792.2721042074579,611.2737967813584,792.2721042074579,611.2737967813584,1000.6751429593975,3.2247448140658435,134.8412579290067,1499.771542734587,26.178609655925268,1.0,321.40958110271447,40.590418897285524,VALID_POLYGON,1134,0,1134,refine_5m
792.2721042074579,611.2737967813584,792.2721042074579,611.2737967813584,1000.6751429593975,3.2247448140658435,134.8412579290067,1499.771542734587,26.178609655925268,1.0,321.40958110271447,40.590418897285524,VALID_POLYGON,1134,0,1134,refine_1m
792.2721042074579,-611.2737967813583,792.2721042074579,-611.2737967813583,1000.6751429593974,3.2247448140658435,134.84125792900755,1499.771542734587,-26.178609655925268,-1.0,38.59041889728552,40.590418897285524,VALID_POLYGON,1134,0,1134,refine_5m
792.2721042074579,-611.2737967813583,792.2721042074579,-611.2737967813583,1000.6751429593974,3.2247448140658435,134.84125792900755,1499.771542734587,-26.178609655925268,-1.0,38.59041889728552,40.590418897285524,VALID_POLYGON,1134,0,1134,refine_1m
801.2721042074579,599.2737967813584,801.2721042074579,599.2737967813584,1000.5828643794537,3.363579070767969,134.84223142862564,1499.771542734587,26.178609655925268,1.0,321.63227884404876,40.36772115595128,VALID_POLYGON,1134,0,1134,refine_1m
801.2721042074579,-599.2737967813583,801.2721042074579,-599.2737967813583,1000.5828643794536,3.3635790707680826,134.84223142862604,1499.771542734587,-26.178609655925268,-1.0,38.367721155951266,40.36772115595127,VALID_POLYGON,1134,0,1134,refine_1m
789.2721042074579,-615.2737967813583,789.2721042074579,-615.2737967813583,1000.7558640776563,3.1283128571147927,134.84677843430472,1499.771542734587,-26.178609655925268,-1.0,38.66308792113479,40.66308792113478,VALID_POLYGON,1134,0,1134,refine_1m
789.2721042074579,615.2737967813584,789.2721042074579,615.2737967813584,1000.7558640776564,3.128312857114679,134.84677843430535,1499.771542734587,26.178609655925268,1.0,321.3369120788652,40.663087921134796,VALID_POLYGON,1134,0,1134,refine_1m
804.2721042074579,595.2737967813584,804.2721042074579,595.2737967813584,1000.6020741237678,3.3596916407047956,134.8486117916489,1499.771542734587,26.178609655925268,1.0,321.70811640727675,40.29188359272327,VALID_POLYGON,1134,0,1134,refine_1m
804.2721042074579,-595.2737967813583,804.2721042074579,-595.2737967813583,1000.6020741237677,3.3596916407049093,134.84861179164952,1499.771542734587,-26.178609655925268,-1.0,38.291883592723245,40.29188359272325,VALID_POLYGON,1134,0,1134,refine_1m
786.2721042074579,619.2737967813584,786.2721042074579,619.2737967813584,1000.8615574767686,3.006814515153792,134.85512047070404,1499.771542734587,26.178609655925268,1.0,321.2650047456427,40.7349952543573,VALID_POLYGON,1134,0,1134,refine_1m
786.2721042074579,-619.2737967813583,786.2721042074579,-619.2737967813583,1000.8615574767684,3.0068145151539056,134.85512047070486,1499.771542734587,-26.178609655925268,-1.0,38.73499525435729,40.734995254357294,VALID_POLYGON,1134,0,1134,refine_1m
807.2721042074579,-591.2737967813583,807.2721042074579,-591.2737967813583,1000.6462676649426,3.330720363874889,134.8581302039337,1499.771542734587,-26.178609655925268,-1.0,38.21522217728859,40.21522217728859,VALID_POLYGON,1134,0,1134,refine_5m
807.2721042074579,-591.2737967813583,807.2721042074579,-591.2737967813583,1000.6462676649426,3.330720363874889,134.8581302039337,1499.771542734587,-26.178609655925268,-1.0,38.21522217728859,40.21522217728859,VALID_POLYGON,1134,0,1134,refine_1m
807.2721042074579,591.2737967813584,807.2721042074579,591.2737967813584,1000.6462676649426,3.330720363874775,134.85813020393434,1499.771542734587,26.178609655925268,1.0,321.7847778227114,40.2152221772886,VALID_POLYGON,1134,0,1134,refine_5m
807.2721042074579,591.2737967813584,807.2721042074579,591.2737967813584,1000.6462676649426,3.330720363874775,134.85813020393434,1499.771542734587,26.178609655925268,1.0,321.7847778227114,40.2152221772886,VALID_POLYGON,1134,0,1134,refine_1m
794.908537073296,607.52855613763,794.908537073296,607.52855613763,1000.4851467336639,3.429037899963646,134.87027174293647,1499.771542734587,26.178609655925268,1.0,321.4852066354037,40.51479336459633,VALID_POLYGON,1134,0,1134,refine_1m
794.908537073296,-607.52855613763,794.908537073296,-607.52855613763,1000.4851467336639,3.429037899963646,134.87027174293686,1499.771542734587,-26.178609655925268,-1.0,38.51479336459632,40.51479336459633,VALID_POLYGON,1134,0,1134,refine_1m
797.908537073296,603.52855613763,797.908537073296,603.52855613763,1000.4522735283376,3.4774404223361444,134.8705486634892,1499.771542734587,26.178609655925268,1.0,321.55941059454744,40.44058940545258,VALID_POLYGON,1134,0,1134,refine_1m
797.908537073296,-603.52855613763,797.908537073296,-603.52855613763,1000.4522735283376,3.4774404223361444,134.8705486634898,1499.771542734587,-26.178609655925268,-1.0,38.44058940545256,40.44058940545258,VALID_POLYGON,1134,0,1134,refine_1m
800.908537073296,599.52855613763,800.908537073296,599.52855613763,1000.4443884501319,3.5007571536016258,134.87382993104507,1499.771542734587,26.178609655925268,1.0,321.634412112918,40.36558788708196,VALID_POLYGON,1134,0,1134,refine_5m
800.908537073296,599.52855613763,800.908537073296,599.52855613763,1000.4443884501319,3.5007571536016258,134.87382993104507,1499.771542734587,26.178609655925268,1.0,321.634412112918,40.36558788708196,VALID_POLYGON,1134,0,1134,refine_1m
800.908537073296,-599.52855613763,800.908537073296,-599.52855613763,1000.4443884501319,3.5007571536016258,134.8738299310459,1499.771542734587,-26.178609655925268,-1.0,38.36558788708195,40.36558788708196,VALID_POLYGON,1134,0,1134,refine_5m
800.908537073296,-599.52855613763,800.908537073296,-599.52855613763,1000.4443884501319,3.5007571536016258,134.8738299310459,1499.771542734587,-26.178609655925268,-1.0,38.36558788708195,40.36558788708196,VALID_POLYGON,1134,0,1134,refine_1m
785.908537073296,-619.52855613763,785.908537073296,-619.52855613763,1000.733661128007,3.1333615962903423,134.88684419336101,1499.771542734587,-26.178609655925268,-1.0,38.732742733012216,40.7327427330122,VALID_POLYGON,1134,0,1134,refine_5m
785.908537073296,619.52855613763,785.908537073296,619.52855613763,1000.733661128007,3.1333615962903423,134.88684419336184,1499.771542734587,26.178609655925268,1.0,321.26725726698777,40.7327427330122,VALID_POLYGON,1134,0,1134,refine_5m
791.2721042074579,-612.2737967813583,791.2721042074579,-612.2737967813583,1000.4952499247352,3.400237940451916,134.8878541678668,1499.771542734587,-26.178609655925268,-1.0,38.598726616211444,40.59872661621144,VALID_POLYGON,1134,0,1134,refine_1m
791.2721042074579,612.2737967813584,791.2721042074579,612.2737967813584,1000.4952499247352,3.4002379404518024,134.8878541678672,1499.771542734587,26.178609655925268,1.0,321.4012733837885,40.59872661621145,VALID_POLYGON,1134,0,1134,refine_1m
803.2721042074579,596.2737967813584,803.2721042074579,596.2737967813584,1000.3941793742774,3.563308266563922,134.89315751918906,1499.771542734587,26.178609655925268,1.0,321.699162460742,40.30083753925798,VALID_POLYGON,1134,0,1134,refine_1m
803.2721042074579,-596.2737967813583,803.2721042074579,-596.2737967813583,1000.3941793742773,3.563308266563922,134.89315751918969,1499.771542734587,-26.178609655925268,-1.0,38.30083753925798,40.30083753925798,VALID_POLYGON,1134,0,1134,refine_1m
788.2721042074579,616.2737967813584,788.2721042074579,616.2737967813584,1000.5829815017665,3.2967658258220354,134.89385731518595,1499.771542734587,26.178609655925268,1.0,321.3287587472339,40.67124125276612,VALID_POLYGON,1134,0,1134,refine_1m
788.2721042074579,-616.2737967813583,788.2721042074579,-616.2737967813583,1000.5829815017664,3.2967658258220354,134.89385731518658,1499.771542734587,-26.178609655925268,-1.0,38.67124125276611,40.67124125276612,VALID_POLYGON,1134,0,1134,refine_1m
806.2721042074579,-592.2737967813583,806.2721042074579,-592.2737967813583,1000.4313851418934,3.5413559226070674,134.90213140751067,1499.771542734587,-26.178609655925268,-1.0,38.22434517377017,40.22434517377019,VALID_POLYGON,1134,0,1134,refine_1m
806.2721042074579,592.2737967813584,806.2721042074579,592.2737967813584,1000.4313851418935,3.5413559226070674,134.9021314075115,1499.771542734587,26.178609655925268,1.0,321.7756548262298,40.22434517377019,VALID_POLYGON,1134,0,1134,refine_1m
796.908537073296,-604.52855613763,796.908537073296,-604.52855613763,1000.2589622923398,3.6664088838703037,134.91614463508515,1499.771542734587,-26.178609655925268,-1.0,38.44921351936191,40.44921351936192,VALID_POLYGON,1134,0,1134,refine_1m
796.908537073296,604.52855613763,796.908537073296,604.52855613763,1000.2589622923398,3.6664088838703037,134.91614463508577,1499.771542734587,26.178609655925268,1.0,321.55078648063807,40.44921351936192,VALID_POLYGON,1134,0,1134,refine_1m
799.908537073296,600.52855613763,799.908537073296,600.52855613763,1000.2440774228494,3.6967559861155905,134.91890752678776,1499.771542734587,26.178609655925268,1.0,321.6256251332442,40.37437486675581,VALID_POLYGON,1134,0,1134,refine_1m
799.908537073296,-600.52855613763,799.908537073296,-600.52855613763,1000.2440774228494,3.6967559861155905,134.9189075267884,1499.771542734587,-26.178609655925268,-1.0,38.374374866755794,40.37437486675581,VALID_POLYGON,1134,0,1134,refine_1m
790.2721042074579,-613.2737967813583,790.2721042074579,-613.2737967813583,1000.3173239063223,3.573754800029519,134.934526953203,1499.771542734587,-26.178609655925268,-1.0,38.60700893253176,40.60700893253177,VALID_POLYGON,1134,0,1134,refine_1m
790.2721042074579,613.2737967813584,790.2721042074579,613.2737967813584,1000.3173239063223,3.573754800029519,134.93452695320448,1499.771542734587,26.178609655925268,1.0,321.39299106746824,40.60700893253177,VALID_POLYGON,1134,0,1134,refine_1m
815.908537073296,-579.52855613763,815.908537073296,-579.52855613763,1000.7797401266935,3.2410586181943017,134.9376467022937,1499.771542734587,-26.178609655925268,-1.0,37.978164194838875,39.97816419483888,VALID_POLYGON,1134,0,1134,refine_5m
815.908537073296,579.52855613763,815.908537073296,579.52855613763,1000.7797401266935,3.2410586181943017,134.93764670229433,1499.771542734587,26.178609655925268,1.0,322.0218358051611,39.97816419483888,VALID_POLYGON,1134,0,1134,refine_5m
802.2721042074579,-597.2737967813583,802.2721042074579,-597.2737967813583,1000.1882410381966,3.7649589485228034,134.93778893853516,1499.771542734587,-26.178609655925268,-1.0,38.30976353112698,40.30976353112699,VALID_POLYGON,1134,0,1134,refine_1m
802.2721042074579,597.2737967813584,802.2721042074579,597.2737967813584,1000.1882410381966,3.7649589485228034,134.9377889385358,1499.771542734587,26.178609655925268,1.0,321.690236468873,40.30976353112699,VALID_POLYGON,1134,0,1134,refine_1m
787.2721042074579,617.2737967813584,787.2721042074579,617.2737967813584,1000.4120682279439,3.4632403170317048,134.941010640038,1499.771542734587,26.178609655925268,1.0,321.32063021814963,40.67936978185033,VALID_POLYGON,1134,0,1134,refine_1m
787.2721042074579,-617.2737967813583,787.2721042074579,-617.2737967813583,1000.4120682279438,3.4632403170318184,134.94101064003885,1499.771542734587,-26.178609655925268,-1.0,38.67936978185033,40.67936978185033,VALID_POLYGON,1134,0,1134,refine_1m
805.2721042074579,593.2737967813584,805.2721042074579,593.2737967813584,1000.2184560195216,3.7500284854608026,134.94622078813438,1499.771542734587,26.178609655925268,1.0,321.76656046256426,40.233439537435764,VALID_POLYGON,1134,0,1134,refine_1m
805.2721042074579,-593.2737967813583,805.2721042074579,-593.2737967813583,1000.2184560195215,3.7500284854608026,134.94622078813498,1499.771542734587,-26.178609655925268,-1.0,38.23343953743576,40.233439537435764,VALID_POLYGON,1134,0,1134,refine_1m
822.2721042074579,-571.2737967813583,822.2721042074579,-571.2737967813583,1001.2418110760003,2.809749049961283,134.9552834634973,1499.771542734587,-26.178609655925268,-1.0,37.81908476849853,39.81908476849853,VALID_POLYGON,200,0,200,refine_20m
822.2721042074579,-571.2737967813583,822.2721042074579,-571.2737967813583,1001.2418110760003,2.809749049961283,134.9552834634973,1499.771542734587,-26.178609655925268,-1.0,37.81908476849853,39.81908476849853,VALID_POLYGON,1134,0,1134,refine_5m
822.2721042074579,571.2737967813584,822.2721042074579,571.2737967813584,1001.2418110760004,2.809749049961283,134.95528346349747,1499.771542734587,26.178609655925268,1.0,322.18091523150144,39.81908476849854,VALID_POLYGON,200,0,200,refine_20m
822.2721042074579,571.2737967813584,822.2721042074579,571.2737967813584,1001.2418110760004,2.809749049961283,134.95528346349747,1499.771542734587,26.178609655925268,1.0,322.18091523150144,39.81908476849854,VALID_POLYGON,1134,0,1134,refine_5m
842.2721042074579,546.2737967813584,842.2721042074579,546.2737967813584,1003.9110312054449,0.23189774908746585,134.9553307419194,1499.771542734587,26.178609655925268,1.0,322.65529923669544,39.34470076330459,VALID_POLYGON,1134,0,1134,refine_5m
842.2721042074579,-546.2737967813583,842.2721042074579,-546.2737967813583,1003.9110312054448,0.23189774908757954,134.95533074191982,1499.771542734587,-26.178609655925268,-1.0,37.34470076330457,39.344700763304566,VALID_POLYGON,1134,0,1134,refine_5m
795.908537073296,605.52855613763,795.908537073296,605.52855613763,1000.067613556342,3.8534054540426723,134.96182154579537,1499.771542734587,26.178609655925268,1.0,321.5421889984689,40.45781100153112,VALID_POLYGON,1134,0,1134,refine_1m
795.908537073296,-605.52855613763,795.908537073296,-605.52855613763,1000.067613556342,3.8534054540426723,134.9618215457962,1499.771542734587,-26.178609655925268,-1.0,38.45781100153111,40.45781100153112,VALID_POLYGON,1134,0,1134,refine_1m
798.908537073296,-601.52855613763,798.908537073296,-601.52855613763,1000.0457261833659,3.890785570309845,134.9640683826705,1499.771542734587,-26.178609655925268,-1.0,38.383134569877704,40.38313456987771,VALID_POLYGON,1134,0,1134,refine_1m
798.908537073296,601.52855613763,798.908537073296,601.52855613763,1000.0457261833659,3.890785570309845,134.96406838267131,1499.771542734587,26.178609655925268,1.0,321.6168654301223,40.38313456987771,VALID_POLYGON,1134,0,1134,refine_1m
770.908537073296,-639.52855613763,770.908537073296,-639.52855613763,1001.6470169915004,2.139564602754831,134.96899271089467,1499.771542734587,-26.178609655925268,-1.0,39.08115086986332,41.08115086986333,VALID_POLYGON,1134,0,1134,refine_5m
770.908537073296,639.52855613763,770.908537073296,639.52855613763,1001.6470169915004,2.139564602754831,134.9689927108953,1499.771542734587,26.178609655925268,1.0,320.91884913013666,41.08115086986333,VALID_POLYGON,1134,0,1134,refine_5m
792.2721042074579,-610.2737967813583,792.2721042074579,-610.2737967813583,1000.0645949853678,3.8377706250065557,134.97716035167582,1499.771542734587,-26.178609655925268,-1.0,38.54229305374446,40.542293053744466,VALID_POLYGON,1134,0,1134,refine_1m
792.2721042074579,610.2737967813584,792.2721042074579,610.2737967813584,1000.0645949853679,3.837770625006442,134.97716035167642,1499.771542734587,26.178609655925268,1.0,321.45770694625554,40.542293053744466,VALID_POLYGON,1134,0,1134,refine_1m
789.2721042074579,-614.2737967813583,789.2721042074579,-614.2737967813583,1000.1413659539604,3.7452943601845163,134.98127591528393,1499.771542734587,-26.178609655925268,-1.0,38.61526596223481,40.61526596223482,VALID_POLYGON,1134,0,1134,refine_1m
789.2721042074579,614.2737967813584,789.2721042074579,614.2737967813584,1000.1413659539605,3.7452943601845163,134.98127591528456,1499.771542734587,26.178609655925268,1.0,321.38473403776516,40.61526596223482,VALID_POLYGON,1134,0,1134,refine_1m
801.2721042074579,598.2737967813584,801.2721042074579,598.2737967813584,999.9842603242461,3.9646424925457495,134.98250562060448,1499.771542734587,26.178609655925268,1.0,321.68133830139124,40.31866169860877,VALID_POLYGON,1134,0,1134,refine_1m
801.2721042074579,-598.2737967813583,801.2721042074579,-598.2737967813583,999.984260324246,3.9646424925457495,134.9825056206053,1499.771542734587,-26.178609655925268,-1.0,38.31866169860876,40.318661698608764,VALID_POLYGON,1134,0,1134,refine_1m
786.2721042074579,-618.2737967813583,786.2721042074579,-618.2737967813583,1000.2431252656826,3.627735339048286,134.9882380524849,1499.771542734587,-26.178609655925268,-1.0,38.6874736210644,40.687473621064406,VALID_POLYGON,1134,0,1134,refine_1m
786.2721042074579,618.2737967813584,786.2721042074579,618.2737967813584,1000.2431252656826,3.627735339048172,134.9882380524855,1499.771542734587,26.178609655925268,1.0,321.3125263789356,40.68747362106442,VALID_POLYGON,1134,0,1134,refine_1m
804.2721042074579,-594.2737967813583,804.2721042074579,-594.2737967813583,1000.0074815456248,3.9567368186842486,134.99039790026325,1499.771542734587,-26.178609655925268,-1.0,38.24250540241556,40.24250540241556,VALID_POLYGON,1134,0,1134,refine_1m
804.2721042074579,594.2737967813584,804.2721042074579,594.2737967813584,1000.007481545625,3.956736818684135,134.99039790026407,1499.771542734587,26.178609655925268,1.0,321.7574945975844,40.24250540241557,VALID_POLYGON,1134,0,1134,refine_1m
807.2721042074579,590.2737967813584,807.2721042074579,590.2737967813584,1000.0557011477997,3.9237324116362515,135.0014567932775,1499.771542734587,26.178609655925268,1.0,321.8344786177418,40.16552138225822,VALID_POLYGON,1134,0,1134,refine_1m
807.2721042074579,-590.2737967813583,807.2721042074579,-590.2737967813583,1000.0557011477996,3.9237324116362515,135.0014567932779,1499.771542734587,-26.178609655925268,-1.0,38.165521382258206,40.16552138225821,VALID_POLYGON,1134,0,1134,refine_1m
794.908537073296,-606.52855613763,794.908537073296,-606.52855613763,999.8782284470473,4.038429022157288,135.00757899775274,1499.771542734587,-26.178609655925268,-1.0,38.46638197474502,40.466381974745026,VALID_POLYGON,1134,0,1134,refine_1m
794.908537073296,606.52855613763,794.908537073296,606.52855613763,999.8782284470473,4.038429022157288,135.00757899775337,1499.771542734587,26.178609655925268,1.0,321.533618025255,40.466381974745026,VALID_POLYGON,1134,0,1134,refine_1m
797.908537073296,602.52855613763,797.908537073296,602.52855613763,999.8493358980364,4.082844755208043,135.0093120857114,1499.771542734587,26.178609655925268,1.0,321.6081328771489,40.39186712285113,VALID_POLYGON,1134,0,1134,refine_1m
797.908537073296,-602.52855613763,797.908537073296,-602.52855613763,999.8493358980364,4.082844755208043,135.00931208571203,1499.771542734587,-26.178609655925268,-1.0,38.391867122851124,40.39186712285113,VALID_POLYGON,1134,0,1134,refine_1m
800.908537073296,598.52855613763,800.908537073296,598.52855613763,999.845446691179,4.102159176401528,135.01407657643404,1499.771542734587,26.178609655925268,1.0,321.6834490255651,40.31655097443493,VALID_POLYGON,1134,0,1134,refine_1m
800.908537073296,-598.52855613763,800.908537073296,-598.52855613763,999.845446691179,4.102159176401528,135.01407657643443,1499.771542734587,-26.178609655925268,-1.0,38.31655097443493,40.31655097443493,VALID_POLYGON,1134,0,1134,refine_1m
791.2721042074579,611.2737967813584,791.2721042074579,611.2737967813584,999.8835919887853,4.014375796758372,135.02349733257222,1499.771542734587,26.178609655925268,1.0,321.44931972998796,40.55068027001206,VALID_POLYGON,1134,0,1134,refine_1m
791.2721042074579,-611.2737967813583,791.2721042074579,-611.2737967813583,999.8835919887852,4.014375796758372,135.02349733257245,1499.771542734587,-26.178609655925268,-1.0,38.550680270012045,40.550680270012045,VALID_POLYGON,1134,0,1134,refine_1m
788.2721042074579,615.2737967813584,788.2721042074579,615.2737967813584,999.9673771065743,3.9148555993623404,135.02810068689053,1499.771542734587,26.178609655925268,1.0,321.37650217939404,40.62349782060598,VALID_POLYGON,1134,0,1134,refine_1m
788.2721042074579,-615.2737967813583,788.2721042074579,-615.2737967813583,999.9673771065742,3.9148555993623404,135.02810068689095,1499.771542734587,-26.178609655925268,-1.0,38.62349782060597,40.62349782060598,VALID_POLYGON,1134,0,1134,refine_1m
803.2721042074579,595.2737967813584,803.2721042074579,595.2737967813584,999.7984629575958,4.161479699119241,135.0346623015111,1499.771542734587,26.178609655925268,1.0,321.7484570979938,40.251542902006186,VALID_POLYGON,1134,0,1134,refine_1m
803.2721042074579,-595.2737967813583,803.2721042074579,-595.2737967813583,999.7984629575958,4.161479699119354,135.03466230151133,1499.771542734587,-26.178609655925268,-1.0,38.25154290200618,40.251542902006186,VALID_POLYGON,1134,0,1134,refine_1m
806.2721042074579,591.2737967813584,806.2721042074579,591.2737967813584,999.8396915422817,4.135497550530545,135.0451707584504,1499.771542734587,26.178609655925268,1.0,321.8252710090028,40.174728990997195,VALID_POLYGON,1134,0,1134,refine_1m
806.2721042074579,-591.2737967813583,806.2721042074579,-591.2737967813583,999.8396915422817,4.135497550530545,135.04517075845104,1499.771542734587,-26.178609655925268,-1.0,38.17472899099719,40.174728990997195,VALID_POLYGON,1134,0,1134,refine_1m
796.908537073296,-603.52855613763,796.908537073296,-603.52855613763,999.6549077225966,4.27293240063841,135.05463822580666,1499.771542734587,-26.178609655925268,-1.0,38.40057265130217,40.40057265130218,VALID_POLYGON,1134,0,1134,refine_1m
796.908537073296,603.52855613763,796.908537073296,603.52855613763,999.6549077225966,4.27293240063841,135.05463822580728,1499.771542734587,26.178609655925268,1.0,321.5994273486978,40.40057265130218,VALID_POLYGON,1134,0,1134,refine_1m
799.908537073296,-599.52855613763,799.908537073296,-599.52855613763,999.6440152910494,4.299280709183108,135.0588787556872,1499.771542734587,-26.178609655925268,-1.0,38.32542038978414,40.32542038978416,VALID_POLYGON,1134,0,1134,refine_1m
799.908537073296,599.52855613763,799.908537073296,599.52855613763,999.6440152910494,4.299280709183108,135.05887875568763,1499.771542734587,26.178609655925268,1.0,321.67457961021586,40.32542038978416,VALID_POLYGON,1134,0,1134,refine_1m
790.2721042074579,-612.2737967813583,790.2721042074579,-612.2737967813583,999.7045568134334,4.18900387388544,135.06991189001369,1499.771542734587,-26.178609655925268,-1.0,38.559041824880794,40.5590418248808,VALID_POLYGON,1134,0,1134,refine_1m
790.2721042074579,612.2737967813584,790.2721042074579,612.2737967813584,999.7045568134334,4.18900387388544,135.0699118900143,1499.771542734587,26.178609655925268,1.0,321.4409581751192,40.5590418248808,VALID_POLYGON,1134,0,1134,refine_1m
787.2721042074579,-616.2737967813583,787.2721042074579,-616.2737967813583,999.7953583921809,4.082437507098234,135.07500090330078,1499.771542734587,-26.178609655925268,-1.0,38.63170462223296,40.63170462223296,VALID_POLYGON,1134,0,1134,refine_5m
787.2721042074579,-616.2737967813583,787.2721042074579,-616.2737967813583,999.7953583921809,4.082437507098234,135.07500090330078,1499.771542734587,-26.178609655925268,-1.0,38.63170462223296,40.63170462223296,VALID_POLYGON,1134,0,1134,refine_1m
787.2721042074579,616.2737967813584,787.2721042074579,616.2737967813584,999.7953583921809,4.082437507098234,135.0750009033016,1499.771542734587,26.178609655925268,1.0,321.368295377767,40.63170462223296,VALID_POLYGON,1134,0,1134,refine_5m
787.2721042074579,616.2737967813584,787.2721042074579,616.2737967813584,999.7953583921809,4.082437507098234,135.0750009033016,1499.771542734587,26.178609655925268,1.0,321.368295377767,40.63170462223296,VALID_POLYGON,1134,0,1134,refine_1m
802.2721042074579,-596.2737967813583,802.2721042074579,-596.2737967813583,999.5914014823851,4.364255914236878,135.0790135526203,1499.771542734587,-26.178609655925268,-1.0,38.26055216867703,40.26055216867704,VALID_POLYGON,1134,0,1134,refine_5m
802.2721042074579,-596.2737967813583,802.2721042074579,-596.2737967813583,999.5914014823851,4.364255914236878,135.0790135526203,1499.771542734587,-26.178609655925268,-1.0,38.26055216867703,40.26055216867704,VALID_POLYGON,1134,0,1134,refine_1m
802.2721042074579,596.2737967813584,802.2721042074579,596.2737967813584,999.5914014823852,4.3642559142367645,135.07901355262155,1499.771542734587,26.178609655925268,1.0,321.739447831323,40.26055216867704,VALID_POLYGON,1134,0,1134,refine_5m
802.2721042074579,596.2737967813584,802.2721042074579,596.2737967813584,999.5914014823852,4.3642559142367645,135.07901355262155,1499.771542734587,26.178609655925268,1.0,321.739447831323,40.26055216867704,VALID_POLYGON,1134,0,1134,refine_1m
830.908537073296,559.52855613763,830.908537073296,559.52855613763,1001.7390888423721,2.3547557093701244,135.0872035433931,1499.771542734587,26.178609655925268,1.0,322.43121584995606,39.56878415004396,VALID_POLYGON,1134,0,1134,refine_5m
830.908537073296,-559.52855613763,830.908537073296,-559.52855613763,1001.7390888423721,2.3547557093701244,135.0872035433941,1499.771542734587,-26.178609655925268,-1.0,37.56878415004397,39.56878415004396,VALID_POLYGON,1134,0,1134,refine_5m
805.2721042074579,-592.2737967813583,805.2721042074579,-592.2737967813583,999.6256360100579,4.345298999149463,135.08897409373796,1499.771542734587,-26.178609655925268,-1.0,38.18390768351704,40.183907683517056,VALID_POLYGON,1134,0,1134,refine_1m
805.2721042074579,592.2737967813584,805.2721042074579,592.2737967813584,999.625636010058,4.345298999149463,135.08897409373816,1499.771542734587,26.178609655925268,1.0,321.8160923164829,40.183907683517056,VALID_POLYGON,1134,0,1134,refine_1m
795.908537073296,-604.52855613763,795.908537073296,-604.52855613763,999.4624428021303,4.46104737726705,135.1000463957017,1499.771542734587,-26.178609655925268,-1.0,38.40925128008563,40.409251280085634,VALID_POLYGON,1134,0,1134,refine_5m
795.908537073296,-604.52855613763,795.908537073296,-604.52855613763,999.4624428021303,4.46104737726705,135.1000463957017,1499.771542734587,-26.178609655925268,-1.0,38.40925128008563,40.409251280085634,VALID_POLYGON,1134,0,1134,refine_1m
795.908537073296,604.52855613763,795.908537073296,604.52855613763,999.4624428021303,4.46104737726705,135.10004639570232,1499.771542734587,26.178609655925268,1.0,321.59074871991436,40.409251280085634,VALID_POLYGON,1134,0,1134,refine_5m
795.908537073296,604.52855613763,795.908537073296,604.52855613763,999.4624428021303,4.46104737726705,135.10004639570232,1499.771542734587,26.178609655925268,1.0,321.59074871991436,40.409251280085634,VALID_POLYGON,1134,0,1134,refine_1m
798.908537073296,-600.52855613763,798.908537073296,-600.52855613763,999.4445444072124,4.494432242895641,135.1037653182667,1499.771542734587,-26.178609655925268,-1.0,38.33426225574442,40.33426225574442,VALID_POLYGON,1134,0,1134,refine_1m
798.908537073296,600.52855613763,798.908537073296,600.52855613763,999.4445444072124,4.494432242895641,135.10376531826734,1499.771542734587,26.178609655925268,1.0,321.6657377442556,40.33426225574442,VALID_POLYGON,1134,0,1134,refine_1m
789.2721042074579,-613.2737967813583,789.2721042074579,-613.2737967813583,999.5274905167397,4.361653816081571,135.1164036481701,1499.771542734587,-26.178609655925268,-1.0,38.567377835586136,40.567377835586136,VALID_POLYGON,1134,0,1134,refine_1m
789.2721042074579,613.2737967813584,789.2721042074579,613.2737967813584,999.5274905167397,4.361653816081457,135.1164036481705,1499.771542734587,26.178609655925268,1.0,321.43262216441383,40.56737783558615,VALID_POLYGON,1134,0,1134,refine_1m
786.2721042074579,617.2737967813584,786.2721042074579,617.2737967813584,999.6253108278609,4.248039084046468,135.12197620226368,1499.771542734587,26.178609655925268,1.0,321.3601135189889,40.639886481011104,VALID_POLYGON,1134,0,1134,refine_1m
786.2721042074579,-617.2737967813583,786.2721042074579,-617.2737967813583,999.6253108278607,4.248039084046468,135.1219762022643,1499.771542734587,-26.178609655925268,-1.0,38.63988648101109,40.63988648101109,VALID_POLYGON,1134,0,1134,refine_1m
801.2721042074579,-597.2737967813583,801.2721042074579,-597.2737967813583,999.3862983364673,4.565064262171404,135.12345121743076,1499.771542734587,-26.178609655925268,-1.0,38.269533334076755,40.26953333407676,VALID_POLYGON,1134,0,1134,refine_1m
801.2721042074579,597.2737967813584,801.2721042074579,597.2737967813584,999.3862983364675,4.5650642621712905,135.12345121743158,1499.771542734587,26.178609655925268,1.0,321.73046666592325,40.26953333407676,VALID_POLYGON,1134,0,1134,refine_1m
780.908537073296,624.52855613763,780.908537073296,624.52855613763,999.927027690175,3.917593791540071,135.12531287470745,1499.771542734587,26.178609655925268,1.0,321.22749175402686,40.77250824597313,VALID_POLYGON,1134,0,1134,refine_5m
780.908537073296,-624.52855613763,780.908537073296,-624.52855613763,999.927027690175,3.917593791540071,135.12531287470807,1499.771542734587,-26.178609655925268,-1.0,38.77250824597313,40.77250824597313,VALID_POLYGON,1134,0,1134,refine_5m
804.2721042074579,-593.2737967813583,804.2721042074579,-593.2737967813583,999.4135358067052,4.553135515884605,135.13286634623964,1499.771542734587,-26.178609655925268,-1.0,38.19305759535109,40.19305759535109,VALID_POLYGON,1134,0,1134,refine_1m
804.2721042074579,593.2737967813584,804.2721042074579,593.2737967813584,999.4135358067053,4.553135515884605,135.13286634624046,1499.771542734587,26.178609655925268,1.0,321.8069424046489,40.19305759535109,VALID_POLYGON,1134,0,1134,refine_1m
837.2721042074579,-551.2737967813583,837.2721042074579,-551.2737967813583,1002.4606603262388,1.6628123678806332,135.142187816347,1499.771542734587,-26.178609655925268,-1.0,37.40024446776348,39.40024446776349,VALID_POLYGON,1134,0,1134,refine_5m
837.2721042074579,551.2737967813584,837.2721042074579,551.2737967813584,1002.4606603262388,1.6628123678805196,135.1421878163474,1499.771542734587,26.178609655925268,1.0,322.5997555322365,39.40024446776349,VALID_POLYGON,1134,0,1134,refine_5m
794.908537073296,-605.52855613763,794.908537073296,-605.52855613763,999.2719422710369,4.647188566630575,135.1455361909708,1499.771542734587,-26.178609655925268,-1.0,38.41790313329081,40.41790313329079,VALID_POLYGON,1134,0,1134,refine_1m
794.908537073296,605.52855613763,794.908537073296,605.52855613763,999.2719422710369,4.647188566630575,135.14553619097165,1499.771542734587,26.178609655925268,1.0,321.5820968667092,40.41790313329079,VALID_POLYGON,1134,0,1134,refine_1m
797.908537073296,-601.52855613763,797.908537073296,-601.52855613763,999.2470352137499,4.687612618762159,135.1487358443845,1499.771542734587,-26.178609655925268,-1.0,38.34307670005474,40.34307670005474,VALID_POLYGON,1134,0,1134,refine_1m
797.908537073296,601.52855613763,797.908537073296,601.52855613763,999.2470352137499,4.687612618762159,135.14873584438533,1499.771542734587,26.178609655925268,1.0,321.6569232999453,40.34307670005474,VALID_POLYGON,1134,0,1134,refine_1m
810.908537073296,584.52855613763,810.908537073296,584.52855613763,999.6230731824348,4.376852207472552,135.1500345678579,1499.771542734587,26.178609655925268,1.0,321.9739040207928,40.02609597920722,VALID_POLYGON,1134,0,1134,refine_5m
810.908537073296,-584.52855613763,810.908537073296,-584.52855613763,999.6230731824348,4.376852207472552,135.1500345678587,1499.771542734587,-26.178609655925268,-1.0,38.02609597920721,40.02609597920722,VALID_POLYGON,1134,0,1134,refine_5m
791.2721042074579,-610.2737967813583,791.2721042074579,-610.2737967813583,999.2725603832183,4.6278879223641525,135.15977853835534,1499.771542734587,-26.178609655925268,-1.0,38.50256728658343,40.502567286583435,VALID_POLYGON,1134,0,1134,refine_1m
791.2721042074579,610.2737967813584,791.2721042074579,610.2737967813584,999.2725603832184,4.627887922364039,135.15977853835597,1499.771542734587,26.178609655925268,1.0,321.4974327134166,40.502567286583435,VALID_POLYGON,1134,0,1134,refine_1m
817.2721042074579,576.2737967813584,817.2721042074579,576.2737967813584,1000.0125905069838,4.018434648200923,135.16162765228475,1499.771542734587,26.178609655925268,1.0,322.1311531422799,39.86884685772005,VALID_POLYGON,1134,0,1134,refine_5m
817.2721042074579,-576.2737967813583,817.2721042074579,-576.2737967813583,1000.0125905069837,4.018434648201037,135.16162765228518,1499.771542734587,-26.178609655925268,-1.0,37.86884685772006,39.86884685772005,VALID_POLYGON,1134,0,1134,refine_5m
788.2721042074579,614.2737967813584,788.2721042074579,614.2737967813584,999.352394145248,4.532324594107081,135.16297223377856,1499.771542734587,26.178609655925268,1.0,321.4243115813474,40.575688418652625,VALID_POLYGON,1134,0,1134,refine_1m
788.2721042074579,-614.2737967813583,788.2721042074579,-614.2737967813583,999.3523941452479,4.532324594107195,135.1629722337796,1499.771542734587,-26.178609655925268,-1.0,38.575688418652604,40.57568841865262,VALID_POLYGON,1134,0,1134,refine_1m
803.2721042074579,594.2737967813584,803.2721042074579,594.2737967813584,999.2033921773927,4.759005869723751,135.17684706627392,1499.771542734587,26.178609655925268,1.0,321.7978211388101,40.20217886118991,VALID_POLYGON,1134,0,1134,refine_1m
803.2721042074579,-594.2737967813583,803.2721042074579,-594.2737967813583,999.2033921773926,4.759005869723751,135.17684706627455,1499.771542734587,-26.178609655925268,-1.0,38.20217886118989,40.20217886118991,VALID_POLYGON,1134,0,1134,refine_1m
806.2721042074579,-590.2737967813583,806.2721042074579,-590.2737967813583,999.2486483302353,4.728989108342375,135.1889012378159,1499.771542734587,-26.178609655925268,-1.0,38.12504268808322,40.12504268808324,VALID_POLYGON,1134,0,1134,refine_1m
806.2721042074579,590.2737967813584,806.2721042074579,590.2737967813584,999.2486483302354,4.728989108342262,135.18890123781654,1499.771542734587,26.178609655925268,1.0,321.8749573119168,40.12504268808324,VALID_POLYGON,1134,0,1134,refine_1m
796.908537073296,-602.52855613763,796.908537073296,-602.52855613763,999.051488874121,4.8788206888148125,135.19378991718173,1499.771542734587,-26.178609655925268,-1.0,38.35186384966818,40.351863849668185,VALID_POLYGON,1134,0,1134,refine_1m
796.908537073296,602.52855613763,796.908537073296,602.52855613763,999.051488874121,4.8788206888148125,135.19378991718236,1499.771542734587,26.178609655925268,1.0,321.6481361503318,40.351863849668185,VALID_POLYGON,1134,0,1134,refine_1m
799.908537073296,-598.52855613763,799.908537073296,-598.52855613763,999.0445936968663,4.901165330844947,135.1995186831148,1499.771542734587,-26.178609655925268,-1.0,38.276397283881515,40.27639728388152,VALID_POLYGON,1134,0,1134,refine_1m
799.908537073296,598.52855613763,799.908537073296,598.52855613763,999.0445936968663,4.901165330844947,135.199518683115,1499.771542734587,26.178609655925268,1.0,321.7236027161185,40.27639728388152,VALID_POLYGON,1134,0,1134,refine_1m
790.2721042074579,-611.2737967813583,790.2721042074579,-611.2737967813583,999.0924148045468,4.8036284792545985,135.20593275057675,1499.771542734587,-26.178609655925268,-1.0,38.51100827999762,40.51100827999762,VALID_POLYGON,1134,0,1134,refine_1m
790.2721042074579,611.2737967813584,790.2721042074579,611.2737967813584,999.0924148045468,4.8036284792545985,135.20593275057715,1499.771542734587,26.178609655925268,1.0,321.4889917200024,40.511008279997625,VALID_POLYGON,1134,0,1134,refine_1m
787.2721042074579,615.2737967813584,787.2721042074579,615.2737967813584,999.1792687345884,4.701015189819486,135.2096172761188,1499.771542734587,26.178609655925268,1.0,321.4160263101008,40.58397368989924,VALID_POLYGON,1134,0,1134,refine_1m
787.2721042074579,-615.2737967813583,787.2721042074579,-615.2737967813583,999.1792687345884,4.7010151898196,135.20961727611942,1499.771542734587,-26.178609655925268,-1.0,38.583973689899224,40.583973689899224,VALID_POLYGON,1134,0,1134,refine_1m
802.2721042074579,595.2737967813584,802.2721042074579,595.2737967813584,998.9952063568454,4.962908840286332,135.2209158073451,1499.771542734587,26.178609655925268,1.0,321.7887283851122,40.2112716148878,VALID_POLYGON,1134,0,1134,refine_1m
802.2721042074579,-595.2737967813583,802.2721042074579,-595.2737967813583,998.9952063568454,4.962908840286445,135.2209158073455,1499.771542734587,-26.178609655925268,-1.0,38.211271614887785,40.211271614887785,VALID_POLYGON,1134,0,1134,refine_1m
805.2721042074579,-591.2737967813583,805.2721042074579,-591.2737967813583,999.0334651927081,4.939920654302455,135.23241612504796,1499.771542734587,-26.178609655925268,-1.0,38.13430592488217,40.13430592488218,VALID_POLYGON,1134,0,1134,refine_1m
805.2721042074579,591.2737967813584,805.2721042074579,591.2737967813584,999.0334651927081,4.939920654302341,135.2324161250486,1499.771542734587,26.178609655925268,1.0,321.8656940751178,40.134305924882185,VALID_POLYGON,1134,0,1134,refine_1m
795.908537073296,603.52855613763,795.908537073296,603.52855613763,998.8579065411288,5.0680553159284045,135.23892712270614,1499.771542734587,26.178609655925268,1.0,321.6393761692421,40.36062383075794,VALID_POLYGON,1134,0,1134,refine_1m
795.908537073296,-603.52855613763,795.908537073296,-603.52855613763,998.8579065411288,5.0680553159284045,135.23892712270634,1499.771542734587,-26.178609655925268,-1.0,38.360623830757916,40.36062383075794,VALID_POLYGON,1134,0,1134,refine_1m
798.908537073296,599.52855613763,798.908537073296,599.52855613763,998.8440019507877,5.097440047993928,135.24412867191725,1499.771542734587,26.178609655925268,1.0,321.7146784785497,40.2853215214503,VALID_POLYGON,1134,0,1134,refine_1m
798.908537073296,-599.52855613763,798.908537073296,-599.52855613763,998.8440019507877,5.097440047993928,135.2441286719179,1499.771542734587,-26.178609655925268,-1.0,38.28532152145031,40.2853215214503,VALID_POLYGON,1134,0,1134,refine_1m
789.2721042074579,612.2737967813584,789.2721042074579,612.2737967813584,998.9142389139963,4.977390068838076,135.25216519886922,1499.771542734587,26.178609655925268,1.0,321.480576529188,40.51942347081198,VALID_POLYGON,1134,0,1134,refine_1m
789.2721042074579,-612.2737967813583,789.2721042074579,-612.2737967813583,998.9142389139962,4.977390068838076,135.25216519887007,1499.771542734587,-26.178609655925268,-1.0,38.51942347081197,40.51942347081198,VALID_POLYGON,1134,0,1134,refine_1m
786.2721042074579,-616.2737967813583,786.2721042074579,-616.2737967813583,999.0081153094476,4.867724596202493,135.2563384069885,1499.771542734587,-26.178609655925268,-1.0,38.592233764444806,40.59223376444482,VALID_POLYGON,1134,0,1134,refine_1m
786.2721042074579,616.2737967813584,786.2721042074579,616.2737967813584,999.0081153094476,4.867724596202493,135.25633840698913,1499.771542734587,26.178609655925268,1.0,321.4077662355552,40.59223376444482,VALID_POLYGON,1134,0,1134,refine_1m
801.2721042074579,596.2737967813584,801.2721042074579,596.2737967813584,998.7889795693103,5.164843217858447,135.26507212611295,1499.771542734587,26.178609655925268,1.0,321.77966401053067,40.22033598946932,VALID_POLYGON,1134,0,1134,refine_1m
801.2721042074579,-596.2737967813583,801.2721042074579,-596.2737967813583,998.7889795693102,5.164843217858561,135.265072126114,1499.771542734587,-26.178609655925268,-1.0,38.22033598946931,40.22033598946932,VALID_POLYGON,1134,0,1134,refine_1m
804.2721042074579,-592.2737967813583,804.2721042074579,-592.2737967813583,998.8202380609324,5.148886569638648,135.2760211286794,1499.771542734587,-26.178609655925268,-1.0,38.14354009801519,40.1435400980152,VALID_POLYGON,1134,0,1134,refine_1m
804.2721042074579,592.2737967813584,804.2721042074579,592.2737967813584,998.8202380609325,5.148886569638648,135.2760211286802,1499.771542734587,26.178609655925268,1.0,321.8564599019848,40.1435400980152,VALID_POLYGON,1134,0,1134,refine_1m
825.908537073296,564.52855613763,825.908537073296,564.52855613763,1000.408617668495,3.6651674003193193,135.28391718345952,1499.771542734587,26.178609655925268,1.0,322.3786014013874,39.62139859861256,VALID_POLYGON,1134,0,1134,refine_5m
825.908537073296,-564.52855613763,825.908537073296,-564.52855613763,1000.408617668495,3.6651674003193193,135.28391718346037,1499.771542734587,-26.178609655925268,-1.0,37.62139859861256,39.62139859861256,VALID_POLYGON,1134,0,1134,refine_5m
794.908537073296,-604.52855613763,794.908537073296,-604.52855613763,998.6662893568878,5.255315373852795,135.28414704988342,1499.771542734587,-26.178609655925268,-1.0,38.369356768723215,40.36935676872321,VALID_POLYGON,1134,0,1134,refine_1m
794.908537073296,604.52855613763,794.908537073296,604.52855613763,998.6662893568878,5.255315373852795,135.28414704988447,1499.771542734587,26.178609655925268,1.0,321.6306432312768,40.36935676872321,VALID_POLYGON,1134,0,1134,refine_1m
797.908537073296,-600.52855613763,797.908537073296,-600.52855613763,998.6453726279384,5.2917428521066086,135.28882375320572,1499.771542734587,-26.178609655925268,-1.0,38.2942180649266,40.29421806492662,VALID_POLYGON,1134,0,1134,refine_1m
797.908537073296,600.52855613763,797.908537073296,600.52855613763,998.6453726279384,5.2917428521066086,135.28882375320634,1499.771542734587,26.178609655925268,1.0,321.7057819350734,40.29421806492662,VALID_POLYGON,1134,0,1134,refine_1m
788.2721042074579,613.2737967813584,788.2721042074579,613.2737967813584,998.73803376575,5.14917165416955,135.29847550384378,1499.771542734587,26.178609655925268,1.0,321.4721870232046,40.527812976795424,VALID_POLYGON,1134,0,1134,refine_1m
788.2721042074579,-613.2737967813583,788.2721042074579,-613.2737967813583,998.73803376575,5.14917165416955,135.2984755038444,1499.771542734587,-26.178609655925268,-1.0,38.52781297679541,40.5278129767954,VALID_POLYGON,1134,0,1134,refine_1m
797.2721042074579,601.2737967813584,797.2721042074579,601.2737967813584,998.5854930066118,5.348595319933111,135.30205739742536,1499.771542734587,26.178609655925268,1.0,321.69482041243776,40.30517958756222,VALID_POLYGON,1134,0,1134,refine_5m
797.2721042074579,-601.2737967813583,797.2721042074579,-601.2737967813583,998.5854930066117,5.348595319933224,135.3020573974264,1499.771542734587,-26.178609655925268,-1.0,38.305179587562215,40.30517958756222,VALID_POLYGON,1134,0,1134,refine_5m
782.2721042074579,-621.2737967813583,782.2721042074579,-621.2737967813583,998.9648520284827,4.890622487848532,135.31062106402405,1499.771542734587,-26.178609655925268,-1.0,38.67236674159718,40.67236674159719,VALID_POLYGON,1134,0,1134,refine_5m
782.2721042074579,621.2737967813584,782.2721042074579,621.2737967813584,998.9648520284828,4.890622487848532,135.31062106402467,1499.771542734587,26.178609655925268,1.0,321.3276332584028,40.67236674159719,VALID_POLYGON,1134,0,1134,refine_5m
803.2721042074579,593.2737967813584,803.2721042074579,593.2737967813584,998.6089681878717,5.3558856154662635,135.31971579162743,1499.771542734587,26.178609655925268,1.0,321.8472546564273,40.1527453435727,VALID_POLYGON,1134,0,1134,refine_1m
803.2721042074579,-593.2737967813583,803.2721042074579,-593.2737967813583,998.6089681878716,5.3558856154662635,135.31971579162786,1499.771542734587,-26.178609655925268,-1.0,38.15274534357269,40.15274534357269,VALID_POLYGON,1134,0,1134,refine_1m
790.908537073296,-609.52855613763,790.908537073296,-609.52855613763,998.5296063525834,5.3719934644453815,135.32830363481182,1499.771542734587,-26.178609655925268,-1.0,38.452245245649216,40.452245245649216,VALID_POLYGON,200,0,200,refine_20m
790.908537073296,-609.52855613763,790.908537073296,-609.52855613763,998.5296063525834,5.3719934644453815,135.32830363481182,1499.771542734587,-26.178609655925268,-1.0,38.452245245649216,40.452245245649216,VALID_POLYGON,1134,0,1134,refine_5m
790.908537073296,609.52855613763,790.908537073296,609.52855613763,998.5296063525834,5.3719934644453815,135.3283036348124,1499.771542734587,26.178609655925268,1.0,321.54775475435076,40.452245245649216,VALID_POLYGON,200,0,200,refine_20m
790.908537073296,609.52855613763,790.908537073296,609.52855613763,998.5296063525834,5.3719934644453815,135.3283036348124,1499.771542734587,26.178609655925268,1.0,321.54775475435076,40.452245245649216,VALID_POLYGON,1134,0,1134,refine_5m
832.2721042074579,556.2737967813584,832.2721042074579,556.2737967813584,1001.0581363874217,3.045626851444922,135.33202194567684,1499.771542734587,26.178609655925268,1.0,322.5451272628899,39.454872737110136,VALID_POLYGON,1134,0,1134,refine_5m
832.2721042074579,-556.2737967813583,832.2721042074579,-556.2737967813583,1001.0581363874217,3.0456268514450358,135.33202194567727,1499.771542734587,-26.178609655925268,-1.0,37.45487273711012,39.45487273711012,VALID_POLYGON,1134,0,1134,refine_5m
796.908537073296,601.52855613763,796.908537073296,601.52855613763,998.4487068995195,5.484072587399737,135.33360350327197,1499.771542734587,26.178609655925268,1.0,321.696912957404,40.303087042596005,VALID_POLYGON,1134,0,1134,refine_1m
796.908537073296,-601.52855613763,796.908537073296,-601.52855613763,998.4487068995195,5.484072587399737,135.3336035032724,1499.771542734587,-26.178609655925268,-1.0,38.30308704259601,40.303087042596005,VALID_POLYGON,1134,0,1134,refine_1m
790.2721042074579,610.2737967813584,790.2721042074579,610.2737967813584,998.4808990293294,5.417627458423908,135.34259314536737,1499.771542734587,26.178609655925268,1.0,321.5370917725843,40.46290822741571,VALID_POLYGON,1134,0,1134,refine_1m
790.2721042074579,-610.2737967813583,790.2721042074579,-610.2737967813583,998.4808990293294,5.417627458424022,135.342593145368,1499.771542734587,-26.178609655925268,-1.0,38.4629082274157,40.46290822741571,VALID_POLYGON,1134,0,1134,refine_1m
787.2721042074579,-614.2737967813583,787.2721042074579,-614.2737967813583,998.5638004030709,5.318972209407889,135.3448632886957,1499.771542734587,-26.178609655925268,-1.0,38.53617691500342,40.536176915003416,VALID_POLYGON,1134,0,1134,refine_1m
787.2721042074579,614.2737967813584,787.2721042074579,614.2737967813584,998.5638004030709,5.318972209407889,135.34486328869653,1499.771542734587,26.178609655925268,1.0,321.4638230849966,40.53617691500343,VALID_POLYGON,1134,0,1134,refine_1m
802.2721042074579,-594.2737967813583,802.2721042074579,-594.2737967813583,998.3996568160435,5.560916563534761,135.3634996600569,1499.771542734587,-26.178609655925268,-1.0,38.161921796799724,40.16192179679973,VALID_POLYGON,1134,0,1134,refine_1m
802.2721042074579,594.2737967813584,802.2721042074579,594.2737967813584,998.3996568160435,5.560916563534647,135.36349966005776,1499.771542734587,26.178609655925268,1.0,321.83807820320027,40.16192179679973,VALID_POLYGON,1134,0,1134,refine_1m
805.908537073296,589.52855613763,805.908537073296,589.52855613763,998.5151419128999,5.463667020644266,135.3647763262237,1499.771542734587,26.178609655925268,1.0,321.9267265503996,40.07327344960037,VALID_POLYGON,1134,0,1134,refine_5m
805.908537073296,-589.52855613763,805.908537073296,-589.52855613763,998.5151419128999,5.463667020644266,135.36477632622436,1499.771542734587,-26.178609655925268,-1.0,38.07327344960035,40.07327344960037,VALID_POLYGON,1134,0,1134,refine_5m
775.908537073296,629.52855613763,775.908537073296,629.52855613763,999.1697858201835,4.652208947164809,135.36555741134435,1499.771542734587,26.178609655925268,1.0,321.18832053709593,40.81167946290407,VALID_POLYGON,1134,0,1134,refine_5m
775.908537073296,-629.52855613763,775.908537073296,-629.52855613763,999.1697858201835,4.652208947164809,135.36555741134518,1499.771542734587,-26.178609655925268,-1.0,38.81167946290407,40.81167946290407,VALID_POLYGON,1134,0,1134,refine_5m
812.2721042074579,581.2737967813584,812.2721042074579,581.2737967813584,998.8319168399793,5.178327311151406,135.3704679016485,1499.771542734587,26.178609655925268,1.0,322.08218292729146,39.91781707270852,VALID_POLYGON,1134,0,1134,refine_5m
812.2721042074579,-581.2737967813583,812.2721042074579,-581.2737967813583,998.8319168399793,5.17832731115152,135.37046790164894,1499.771542734587,-26.178609655925268,-1.0,37.917817072708516,39.91781707270852,VALID_POLYGON,1134,0,1134,refine_5m
805.2721042074579,-590.2737967813583,805.2721042074579,-590.2737967813583,998.4419447225698,5.533892287002686,135.37655093309175,1499.771542734587,-26.178609655925268,-1.0,38.08463418794766,40.08463418794767,VALID_POLYGON,1134,0,1134,refine_1m
805.2721042074579,590.2737967813584,805.2721042074579,590.2737967813584,998.4419447225699,5.533892287002573,135.3765509330926,1499.771542734587,26.178609655925268,1.0,321.91536581205236,40.08463418794767,VALID_POLYGON,1134,0,1134,refine_1m
795.908537073296,602.52855613763,795.908537073296,602.52855613763,998.2540059260725,5.6744281089372635,135.3784675013719,1499.771542734587,26.178609655925268,1.0,321.68807141804433,40.31192858195566,VALID_POLYGON,1134,0,1134,refine_1m
795.908537073296,-602.52855613763,795.908537073296,-602.52855613763,998.2540059260725,5.6744281089372635,135.3784675013725,1499.771542734587,-26.178609655925268,-1.0,38.31192858195565,40.31192858195566,VALID_POLYGON,1134,0,1134,refine_1m
798.908537073296,598.52855613763,798.908537073296,598.52855613763,998.2440999679337,5.699807823253309,135.3851623060583,1499.771542734587,26.178609655925268,1.0,321.7636877052191,40.23631229478088,VALID_POLYGON,1134,0,1134,refine_1m
798.908537073296,-598.52855613763,798.908537073296,-598.52855613763,998.2440999679337,5.699807823253309,135.38516230605873,1499.771542734587,-26.178609655925268,-1.0,38.23631229478088,40.23631229478088,VALID_POLYGON,1134,0,1134,refine_1m
789.2721042074579,-611.2737967813583,789.2721042074579,-611.2737967813583,998.3016122953852,5.592501960793697,135.38856415963977,1499.771542734587,-26.178609655925268,-1.0,38.471402797711896,40.47140279771189,VALID_POLYGON,1134,0,1134,refine_1m
789.2721042074579,611.2737967813584,789.2721042074579,611.2737967813584,998.3016122953853,5.592501960793584,135.38856415964082,1499.771542734587,26.178609655925268,1.0,321.5285972022881,40.4714027977119,VALID_POLYGON,1134,0,1134,refine_1m
786.2721042074579,-615.2737967813583,786.2721042074579,-615.2737967813583,998.3915398582722,5.486790719845544,135.39132817918804,1499.771542734587,-26.178609655925268,-1.0,38.5445154017835,40.54451540178352,VALID_POLYGON,1134,0,1134,refine_1m
786.2721042074579,615.2737967813584,786.2721042074579,615.2737967813584,998.3915398582722,5.48679071984543,135.39132817918866,1499.771542734587,26.178609655925268,1.0,321.4554845982165,40.54451540178352,VALID_POLYGON,1134,0,1134,refine_1m
801.2721042074579,-595.2737967813583,801.2721042074579,-595.2737967813583,998.192305177485,5.7639781962631105,135.4073722833497,1499.771542734587,-26.178609655925268,-1.0,38.17106959210252,40.171069592102526,VALID_POLYGON,1134,0,1134,refine_1m
801.2721042074579,595.2737967813584,801.2721042074579,595.2737967813584,998.192305177485,5.763978196262997,135.4073722833501,1499.771542734587,26.178609655925268,1.0,321.8289304078975,40.17106959210253,VALID_POLYGON,1134,0,1134,refine_1m
804.2721042074579,591.2737967813584,804.2721042074579,591.2737967813584,998.227589463713,5.743988815756438,135.41986627728596,1499.771542734587,26.178609655925268,1.0,321.9060471628977,40.09395283710229,VALID_POLYGON,1134,0,1134,refine_1m
804.2721042074579,-591.2737967813583,804.2721042074579,-591.2737967813583,998.227589463713,5.743988815756438,135.4198662772864,1499.771542734587,-26.178609655925268,-1.0,38.09395283710228,40.093952837102286,VALID_POLYGON,1134,0,1134,refine_1m
794.908537073296,-603.52855613763,794.908537073296,-603.52855613763,998.0612708574458,5.862808282662854,135.4234153296946,1499.771542734587,-26.178609655925268,-1.0,38.32074280972022,40.320742809720215,VALID_POLYGON,1134,0,1134,refine_1m
794.908537073296,603.52855613763,794.908537073296,603.52855613763,998.0612708574458,5.862808282662854,135.4234153296952,1499.771542734587,26.178609655925268,1.0,321.67925719027977,40.320742809720215,VALID_POLYGON,1134,0,1134,refine_1m
797.908537073296,-599.52855613763,797.908537073296,-599.52855613763,998.0443492946185,5.89523429275323,135.42957965463322,1499.771542734587,-26.178609655925268,-1.0,38.245291145524895,40.2452911455249,VALID_POLYGON,1134,0,1134,refine_1m
797.908537073296,599.52855613763,797.908537073296,599.52855613763,998.0443492946185,5.89523429275323,135.42957965463341,1499.771542734587,26.178609655925268,1.0,321.7547088544751,40.2452911455249,VALID_POLYGON,1134,0,1134,refine_1m
788.2721042074579,-612.2737967813583,788.2721042074579,-612.2737967813583,998.1242971177054,5.76539562196001,135.43461407124803,1499.771542734587,-26.178609655925268,-1.0,38.4798714250988,40.47987142509881,VALID_POLYGON,1134,0,1134,refine_1m
788.2721042074579,612.2737967813584,788.2721042074579,612.2737967813584,998.1242971177055,5.765395621959897,135.4346140712489,1499.771542734587,26.178609655925268,1.0,321.5201285749012,40.479871425098814,VALID_POLYGON,1134,0,1134,refine_1m
803.2721042074579,-592.2737967813583,803.2721042074579,-592.2737967813583,998.0151921447302,5.952117771902181,135.46327248610848,1499.771542734587,-26.178609655925268,-1.0,38.10324227612558,40.10324227612559,VALID_POLYGON,1134,0,1134,refine_1m
803.2721042074579,592.2737967813584,803.2721042074579,592.2737967813584,998.0151921447303,5.952117771902067,135.4632724861091,1499.771542734587,26.178609655925268,1.0,321.89675772387443,40.10324227612559,VALID_POLYGON,1134,0,1134,refine_1m
796.908537073296,600.52855613763,796.908537073296,600.52855613763,997.8465629529659,6.088686933786448,135.47408280670078,1499.771542734587,26.178609655925268,1.0,321.7457578415848,40.254242158415224,VALID_POLYGON,1134,0,1134,refine_1m
796.908537073296,-600.52855613763,796.908537073296,-600.52855613763,997.8465629529659,6.088686933786448,135.4740828067012,1499.771542734587,-26.178609655925268,-1.0,38.254242158415224,40.254242158415224,VALID_POLYGON,1134,0,1134,refine_1m
787.2721042074579,613.2737967813584,787.2721042074579,613.2737967813584,997.948954547206,5.936307408362495,135.48074249722322,1499.771542734587,26.178609655925268,1.0,321.5116857721264,40.48831422787359,VALID_POLYGON,1134,0,1134,refine_1m
787.2721042074579,-613.2737967813583,787.2721042074579,-613.2737967813583,997.948954547206,5.936307408362495,135.48074249722384,1499.771542734587,-26.178609655925268,-1.0,38.48831422787359,40.48831422787359,VALID_POLYGON,1134,0,1134,refine_1m
820.908537073296,-569.52855613763,820.908537073296,-569.52855613763,999.1264196767256,4.927056016918527,135.48335673249596,1499.771542734587,-26.178609655925268,-1.0,37.67316261824267,39.67316261824267,VALID_POLYGON,1134,0,1134,refine_5m
820.908537073296,569.52855613763,820.908537073296,569.52855613763,999.1264196767256,4.927056016918527,135.48335673249682,1499.771542734587,26.178609655925268,1.0,322.32683738175734,39.67316261824267,VALID_POLYGON,1134,0,1134,refine_5m
802.2721042074579,593.2737967813584,802.2721042074579,593.2737967813584,997.8047540159502,6.1582779193006445,135.50676909827914,1499.771542734587,26.178609655925268,1.0,321.88749735834085,40.11250264165916,VALID_POLYGON,1134,0,1134,refine_1m
802.2721042074579,-593.2737967813583,802.2721042074579,-593.2737967813583,997.80475401595,6.1582779193006445,135.50676909827976,1499.771542734587,-26.178609655925268,-1.0,38.112502641659155,40.11250264165916,VALID_POLYGON,1134,0,1134,refine_1m
795.908537073296,601.52855613763,795.908537073296,601.52855613763,997.6507421112741,6.280164593586619,135.51867133463034,1499.771542734587,26.178609655925268,1.0,321.7368345377215,40.263165462278515,VALID_POLYGON,1134,0,1134,refine_1m
795.908537073296,-601.52855613763,795.908537073296,-601.52855613763,997.6507421112741,6.280164593586619,135.51867133463097,1499.771542734587,-26.178609655925268,-1.0,38.263165462278494,40.263165462278515,VALID_POLYGON,1134,0,1134,refine_1m
827.2721042074579,561.2737967813584,827.2721042074579,561.2737967813584,999.7036607681282,4.38014078120807,135.52475172764167,1499.771542734587,26.178609655925268,1.0,322.4913920791336,39.50860792086639,VALID_POLYGON,1134,0,1134,refine_5m
827.2721042074579,-561.2737967813583,827.2721042074579,-561.2737967813583,999.7036607681281,4.38014078120807,135.5247517276421,1499.771542734587,-26.178609655925268,-1.0,37.508607920866375,39.50860792086637,VALID_POLYGON,1134,0,1134,refine_5m
789.2721042074579,610.2737967813584,789.2721042074579,610.2737967813584,997.6896118122124,6.206988332596893,135.52560414932339,1499.771542734587,26.178609655925268,1.0,321.5766842537362,40.42331574626384,VALID_POLYGON,1134,0,1134,refine_1m
789.2721042074579,-610.2737967813583,789.2721042074579,-610.2737967813583,997.6896118122123,6.206988332597007,135.52560414932378,1499.771542734587,-26.178609655925268,-1.0,38.42331574626383,40.42331574626382,VALID_POLYGON,1134,0,1134,refine_1m
786.2721042074579,614.2737967813584,786.2721042074579,614.2737967813584,997.7755856238462,6.105236297581996,135.52694905721611,1499.771542734587,26.178609655925268,1.0,321.50326867638245,40.496731323617574,VALID_POLYGON,1134,0,1134,refine_1m
786.2721042074579,-614.2737967813583,786.2721042074579,-614.2737967813583,997.7755856238462,6.105236297581996,135.52694905721694,1499.771542734587,-26.178609655925268,-1.0,38.49673132361756,40.49673132361757,VALID_POLYGON,1134,0,1134,refine_1m
792.2721042074579,-606.2737967813583,792.2721042074579,-606.2737967813583,997.6286903297222,6.283592385207385,135.52720834994656,1499.771542734587,-26.178609655925268,-1.0,38.34912058925132,40.34912058925133,VALID_POLYGON,1134,0,1134,refine_5m
792.2721042074579,606.2737967813584,792.2721042074579,606.2737967813584,997.6286903297223,6.283592385207271,135.5272083499472,1499.771542734587,26.178609655925268,1.0,321.65087941074864,40.34912058925134,VALID_POLYGON,1134,0,1134,refine_5m
801.2721042074579,594.2737967813584,801.2721042074579,594.2737967813584,997.5962763172178,6.362468032485253,135.5503556557999,1499.771542734587,26.178609655925268,1.0,321.8782659305033,40.12173406949673,VALID_POLYGON,1134,0,1134,refine_1m
801.2721042074579,-594.2737967813583,801.2721042074579,-594.2737967813583,997.5962763172176,6.362468032485367,135.5503556558001,1499.771542734587,-26.178609655925268,-1.0,38.12173406949673,40.12173406949673,VALID_POLYGON,1134,0,1134,refine_1m
785.908537073296,614.52855613763,785.908537073296,614.52855613763,997.6460168583286,6.233459719731627,135.55855212749202,1499.771542734587,26.178609655925268,1.0,321.5054149856294,40.49458501437062,VALID_POLYGON,1134,0,1134,refine_5m
785.908537073296,-614.52855613763,785.908537073296,-614.52855613763,997.6460168583286,6.233459719731627,135.55855212749245,1499.771542734587,-26.178609655925268,-1.0,38.494585014370614,40.49458501437062,VALID_POLYGON,1134,0,1134,refine_5m
794.908537073296,-602.52855613763,794.908537073296,-602.52855613763,997.4568879271447,6.469666130271662,135.56334481377812,1499.771542734587,-26.178609655925268,-1.0,38.272061185150356,40.27206118515036,VALID_POLYGON,1134,0,1134,refine_1m
794.908537073296,602.52855613763,794.908537073296,602.52855613763,997.4568879271447,6.469666130271662,135.5633448137794,1499.771542734587,26.178609655925268,1.0,321.72793881484967,40.27206118515036,VALID_POLYGON,1134,0,1134,refine_1m
804.2721042074579,590.2737967813584,804.2721042074579,590.2737967813584,997.6355911719331,6.3384410885286115,135.56440585265756,1499.771542734587,26.178609655925268,1.0,321.95570426048187,40.04429573951812,VALID_POLYGON,1134,0,1134,refine_1m
804.2721042074579,-590.2737967813583,804.2721042074579,-590.2737967813583,997.635591171933,6.3384410885286115,135.5644058526582,1499.771542734587,-26.178609655925268,-1.0,38.044295739518105,40.04429573951812,VALID_POLYGON,1134,0,1134,refine_1m
797.908537073296,598.52855613763,797.908537073296,598.52855613763,997.4439663693612,6.498085776619973,135.57100742015373,1499.771542734587,26.178609655925268,1.0,321.8037041298951,40.196295870104905,VALID_POLYGON,1134,0,1134,refine_1m
797.908537073296,-598.52855613763,797.908537073296,-598.52855613763,997.4439663693612,6.498085776619973,135.5710074201546,1499.771542734587,-26.178609655925268,-1.0,38.19629587010489,40.196295870104905,VALID_POLYGON,1134,0,1134,refine_1m
788.2721042074579,611.2737967813584,788.2721042074579,611.2737967813584,997.5111853524004,6.3809953381875175,135.57139153656058,1499.771542734587,26.178609655925268,1.0,321.56813630619575,40.431863693804225,VALID_POLYGON,1134,0,1134,refine_1m
788.2721042074579,-611.2737967813583,788.2721042074579,-611.2737967813583,997.5111853524003,6.380995338187631,135.57139153656144,1499.771542734587,-26.178609655925268,-1.0,38.43186369380422,40.431863693804225,VALID_POLYGON,1134,0,1134,refine_1m
807.2721042074579,-586.2737967813583,807.2721042074579,-586.2737967813583,997.6999624255612,6.28925618052358,135.5817396972777,1499.771542734587,-26.178609655925268,-1.0,37.966014096270904,39.966014096270904,VALID_POLYGON,1134,0,1134,refine_5m
807.2721042074579,586.2737967813584,807.2721042074579,586.2737967813584,997.6999624255612,6.289256180523466,135.58173969727835,1499.771542734587,26.178609655925268,1.0,322.0339859037291,39.966014096270904,VALID_POLYGON,1134,0,1134,refine_5m
800.908537073296,594.52855613763,800.908537073296,594.52855613763,997.4561087185651,6.501342320108165,135.5818122513358,1499.771542734587,26.178609655925268,1.0,321.88028578925764,40.11971421074237,VALID_POLYGON,1134,0,1134,refine_5m
800.908537073296,-594.52855613763,800.908537073296,-594.52855613763,997.4561087185651,6.501342320108165,135.581812251336,1499.771542734587,-26.178609655925268,-1.0,38.11971421074236,40.11971421074237,VALID_POLYGON,1134,0,1134,refine_5m
803.2721042074579,-591.2737967813583,803.2721042074579,-591.2737967813583,997.4220652051569,6.547701173056225,135.6075211889299,1499.771542734587,-26.178609655925268,-1.0,38.053669586029265,40.05366958602927,VALID_POLYGON,1134,0,1134,refine_1m
803.2721042074579,591.2737967813584,803.2721042074579,591.2737967813584,997.422065205157,6.547701173056112,135.60752118893052,1499.771542734587,26.178609655925268,1.0,321.9463304139707,40.05366958602928,VALID_POLYGON,1134,0,1134,refine_1m
770.908537073296,634.52855613763,770.908537073296,634.52855613763,998.4620478949587,5.337097128136861,135.6075365680943,1499.771542734587,26.178609655925268,1.0,321.1497304281795,40.850269571820526,VALID_POLYGON,1134,0,1134,refine_5m
770.908537073296,-634.52855613763,770.908537073296,-634.52855613763,998.4620478949587,5.337097128136861,135.60753656809493,1499.771542734587,-26.178609655925268,-1.0,38.850269571820505,40.850269571820526,VALID_POLYGON,1134,0,1134,refine_5m
796.908537073296,-599.52855613763,796.908537073296,-599.52855613763,997.2450581901983,6.692662563763633,135.6152316789197,1499.771542734587,-26.178609655925268,-1.0,38.205329125650984,40.205329125650984,VALID_POLYGON,1134,0,1134,refine_1m
796.908537073296,599.52855613763,796.908537073296,599.52855613763,997.2450581901983,6.692662563763633,135.61523167892054,1499.771542734587,26.178609655925268,1.0,321.79467087434904,40.205329125650984,VALID_POLYGON,1134,0,1134,refine_1m
787.2721042074579,612.2737967813584,787.2721042074579,612.2737967813584,997.3347323182417,6.553019627471713,135.61725848413082,1499.771542734587,26.178609655925268,1.0,321.5596144409866,40.44038555901342,VALID_POLYGON,1134,0,1134,refine_1m
787.2721042074579,-612.2737967813583,787.2721042074579,-612.2737967813583,997.3347323182415,6.553019627471826,135.6172584841314,1499.771542734587,-26.178609655925268,-1.0,38.44038555901342,40.44038555901342,VALID_POLYGON,1134,0,1134,refine_1m
802.2721042074579,592.2737967813584,802.2721042074579,592.2737967813584,997.2104991140377,6.754991741361437,135.65072813999686,1499.771542734587,26.178609655925268,1.0,321.93698592307953,40.0630140769205,VALID_POLYGON,1134,0,1134,refine_1m
802.2721042074579,-592.2737967813583,802.2721042074579,-592.2737967813583,997.2104991140376,6.754991741361437,135.65072813999748,1499.771542734587,-26.178609655925268,-1.0,38.06301407692049,40.0630140769205,VALID_POLYGON,1134,0,1134,refine_1m
795.908537073296,-600.52855613763,795.908537073296,-600.52855613763,997.0481162526213,6.885263605554201,135.65954245403992,1499.771542734587,-26.178609655925268,-1.0,38.214334400520244,40.21433440052025,VALID_POLYGON,1134,0,1134,refine_1m
795.908537073296,600.52855613763,795.908537073296,600.52855613763,997.0481162526213,6.885263605554201,135.65954245404077,1499.771542734587,26.178609655925268,1.0,321.7856655994798,40.21433440052025,VALID_POLYGON,1134,0,1134,refine_1m
786.2721042074579,613.2737967813584,786.2721042074579,613.2737967813584,997.1602537573619,6.723060170297572,135.66320460547968,1499.771542734587,26.178609655925268,1.0,321.55111853928827,40.448881460711725,VALID_POLYGON,1134,0,1134,refine_1m
786.2721042074579,-613.2737967813583,786.2721042074579,-613.2737967813583,997.1602537573619,6.723060170297572,135.6632046054801,1499.771542734587,-26.178609655925268,-1.0,38.4488814607117,40.44888146071171,VALID_POLYGON,1134,0,1134,refine_1m
815.908537073296,-574.52855613763,815.908537073296,-574.52855613763,997.8926809465414,6.140236732123412,135.68544981857642,1499.771542734587,-26.178609655925268,-1.0,37.72409657989223,39.724096579892226,VALID_POLYGON,1134,0,1134,refine_5m
815.908537073296,574.52855613763,815.908537073296,574.52855613763,997.8926809465414,6.140236732123412,135.68544981857724,1499.771542734587,26.178609655925268,1.0,322.27590342010774,39.724096579892226,VALID_POLYGON,1134,0,1134,refine_5m
801.2721042074579,-593.2737967813583,801.2721042074579,-593.2737967813583,997.0008941462469,6.960311560073251,135.69402624037608,1499.771542734587,-26.178609655925268,-1.0,38.07232934937877,40.07232934937877,VALID_POLYGON,1134,0,1134,refine_1m
801.2721042074579,593.2737967813584,801.2721042074579,593.2737967813584,997.000894146247,6.960311560073251,135.6940262403767,1499.771542734587,26.178609655925268,1.0,321.9276706506212,40.072329349378776,VALID_POLYGON,1134,0,1134,refine_1m
794.908537073296,601.52855613763,794.908537073296,601.52855613763,996.8531417220038,7.07588775226418,135.70393931394298,1499.771542734587,26.178609655925268,1.0,321.7766881759252,40.223311824074784,VALID_POLYGON,1134,0,1134,refine_1m
794.908537073296,-601.52855613763,794.908537073296,-601.52855613763,996.8531417220038,7.07588775226418,135.7039393139438,1499.771542734587,-26.178609655925268,-1.0,38.223311824074784,40.223311824074784,VALID_POLYGON,1134,0,1134,refine_1m
788.2721042074579,-610.2737967813583,788.2721042074579,-610.2737967813583,996.8986996227792,6.995969641863098,135.70881152700724,1499.771542734587,-26.178609655925268,-1.0,38.38378971333208,40.38378971333208,VALID_POLYGON,1134,0,1134,refine_1m
788.2721042074579,610.2737967813584,788.2721042074579,610.2737967813584,996.8986996227792,6.995969641863098,135.70881152700787,1499.771542734587,26.178609655925268,1.0,321.6162102866679,40.383789713332085,VALID_POLYGON,1134,0,1134,refine_1m
822.2721042074579,566.2737967813584,822.2721042074579,566.2737967813584,998.3974290225991,5.666159681937756,135.72029882422547,1499.771542734587,26.178609655925268,1.0,322.4385283499913,39.56147165000867,VALID_POLYGON,1134,0,1134,refine_5m
822.2721042074579,-566.2737967813583,822.2721042074579,-566.2737967813583,998.397429022599,5.666159681937756,135.72029882422632,1499.771542734587,-26.178609655925268,-1.0,37.561471650008656,39.56147165000866,VALID_POLYGON,1134,0,1134,refine_5m
803.2721042074579,-590.2737967813583,803.2721042074579,-590.2737967813583,996.8295885278272,7.142634651425851,135.75246597027294,1499.771542734587,-26.178609655925268,-1.0,38.00402720067643,40.00402720067644,VALID_POLYGON,1134,0,1134,refine_1m
803.2721042074579,590.2737967813584,803.2721042074579,590.2737967813584,996.8295885278274,7.1426346514257375,135.75246597027356,1499.771542734587,26.178609655925268,1.0,321.99597279932357,40.00402720067645,VALID_POLYGON,1134,0,1134,refine_1m
787.2721042074579,-611.2737967813583,787.2721042074579,-611.2737967813583,996.7211348690946,7.169107705815122,135.7544148583137,1499.771542734587,-26.178609655925268,-1.0,38.39239083910426,40.39239083910426,VALID_POLYGON,1134,0,1134,refine_5m
787.2721042074579,-611.2737967813583,787.2721042074579,-611.2737967813583,996.7211348690946,7.169107705815122,135.7544148583137,1499.771542734587,-26.178609655925268,-1.0,38.39239083910426,40.39239083910426,VALID_POLYGON,1134,0,1134,refine_1m
787.2721042074579,611.2737967813584,787.2721042074579,611.2737967813584,996.7211348690946,7.169107705815009,135.75441485831473,1499.771542734587,26.178609655925268,1.0,321.6076091608957,40.39239083910426,VALID_POLYGON,1134,0,1134,refine_5m
787.2721042074579,611.2737967813584,787.2721042074579,611.2737967813584,996.7211348690946,7.169107705815009,135.75441485831473,1499.771542734587,26.178609655925268,1.0,321.6076091608957,40.39239083910426,VALID_POLYGON,1134,0,1134,refine_1m
796.908537073296,-598.52855613763,796.908537073296,-598.52855613763,996.6441937685167,7.295998311518133,135.7570540004782,1499.771542734587,-26.178609655925268,-1.0,38.156347873026206,40.156347873026206,VALID_POLYGON,1134,0,1134,refine_1m
796.908537073296,598.52855613763,796.908537073296,598.52855613763,996.6441937685167,7.295998311518133,135.75705400047883,1499.771542734587,26.178609655925268,1.0,321.8436521269738,40.156347873026206,VALID_POLYGON,1134,0,1134,refine_1m
842.2721042074579,-541.2737967813583,842.2721042074579,-541.2737967813583,1001.1990913939975,2.955543774373382,135.77526193078702,1499.771542734587,-26.178609655925268,-1.0,37.07569584519508,39.07569584519508,VALID_POLYGON,1134,0,1134,refine_5m
842.2721042074579,541.2737967813584,842.2721042074579,541.2737967813584,1001.1990913939975,2.955543774373382,135.77526193078765,1499.771542734587,26.178609655925268,1.0,322.92430415480493,39.075695845195085,VALID_POLYGON,1134,0,1134,refine_5m
780.908537073296,619.52855613763,780.908537073296,619.52855613763,996.811805279177,7.045317360184185,135.79074402918195,1499.771542734587,26.178609655925268,1.0,321.4637146402912,40.536285359708806,VALID_POLYGON,1134,0,1134,refine_5m
780.908537073296,-619.52855613763,780.908537073296,-619.52855613763,996.811805279177,7.045317360184185,135.790744029183,1499.771542734587,-26.178609655925268,-1.0,38.5362853597088,40.536285359708806,VALID_POLYGON,1134,0,1134,refine_5m
802.2721042074579,591.2737967813584,802.2721042074579,591.2737967813584,996.6168932692769,7.35105686195584,135.79538083394448,1499.771542734587,26.178609655925268,1.0,321.98654396975155,40.01345603024848,VALID_POLYGON,200,0,200,refine_20m
802.2721042074579,591.2737967813584,802.2721042074579,591.2737967813584,996.6168932692769,7.35105686195584,135.79538083394448,1499.771542734587,26.178609655925268,1.0,321.98654396975155,40.01345603024848,VALID_POLYGON,1134,0,1134,refine_5m
802.2721042074579,591.2737967813584,802.2721042074579,591.2737967813584,996.6168932692769,7.35105686195584,135.79538083394448,1499.771542734587,26.178609655925268,1.0,321.98654396975155,40.01345603024848,VALID_POLYGON,1134,0,1134,refine_1m
802.2721042074579,-591.2737967813583,802.2721042074579,-591.2737967813583,996.6168932692769,7.3510568619559535,135.79538083394507,1499.771542734587,-26.178609655925268,-1.0,38.01345603024847,40.01345603024848,VALID_POLYGON,200,0,200,refine_20m
802.2721042074579,-591.2737967813583,802.2721042074579,-591.2737967813583,996.6168932692769,7.3510568619559535,135.79538083394507,1499.771542734587,-26.178609655925268,-1.0,38.01345603024847,40.01345603024848,VALID_POLYGON,1134,0,1134,refine_5m
802.2721042074579,-591.2737967813583,802.2721042074579,-591.2737967813583,996.6168932692769,7.3510568619559535,135.79538083394507,1499.771542734587,-26.178609655925268,-1.0,38.01345603024847,40.01345603024848,VALID_POLYGON,1134,0,1134,refine_1m
786.2721042074579,-612.2737967813583,786.2721042074579,-612.2737967813583,996.5455454116905,7.340261177158936,135.80009841467907,1499.771542734587,-26.178609655925268,-1.0,38.400965744006974,40.40096574400698,VALID_POLYGON,1134,0,1134,refine_1m
786.2721042074579,612.2737967813584,786.2721042074579,612.2737967813584,996.5455454116906,7.340261177158823,135.80009841467992,1499.771542734587,26.178609655925268,1.0,321.59903425599305,40.40096574400698,VALID_POLYGON,1134,0,1134,refine_1m
795.908537073296,599.52855613763,795.908537073296,599.52855613763,996.4461295075743,7.48972397890509,135.80108472005412,1499.771542734587,26.178609655925268,1.0,321.83456467432904,40.16543532567095,VALID_POLYGON,1134,0,1134,refine_5m
795.908537073296,599.52855613763,795.908537073296,599.52855613763,996.4461295075743,7.48972397890509,135.80108472005412,1499.771542734587,26.178609655925268,1.0,321.83456467432904,40.16543532567095,VALID_POLYGON,1134,0,1134,refine_1m
795.908537073296,-599.52855613763,795.908537073296,-599.52855613763,996.4461295075743,7.48972397890509,135.80108472005497,1499.771542734587,-26.178609655925268,-1.0,38.16543532567093,40.16543532567095,VALID_POLYGON,1134,0,1134,refine_5m
795.908537073296,-599.52855613763,795.908537073296,-599.52855613763,996.4461295075743,7.48972397890509,135.80108472005497,1499.771542734587,-26.178609655925268,-1.0,38.16543532567093,40.16543532567095,VALID_POLYGON,1134,0,1134,refine_1m
801.2721042074579,-592.2737967813583,801.2721042074579,-592.2737967813583,996.4061598238205,7.557507611025585,135.83838806452056,1499.771542734587,-26.178609655925268,-1.0,38.02285535968419,40.0228553596842,VALID_POLYGON,1134,0,1134,refine_1m
801.2721042074579,592.2737967813584,801.2721042074579,592.2737967813584,996.4061598238206,7.557507611025471,135.83838806452138,1499.771542734587,26.178609655925268,1.0,321.9771446403158,40.0228553596842,VALID_POLYGON,1134,0,1134,refine_1m
794.908537073296,-600.52855613763,794.908537073296,-600.52855613763,996.2500333996251,7.681471982602488,135.8452026706968,1499.771542734587,-26.178609655925268,-1.0,38.17449465574939,40.1744946557494,VALID_POLYGON,1134,0,1134,refine_1m
794.908537073296,600.52855613763,794.908537073296,600.52855613763,996.2500333996251,7.681471982602488,135.84520267069723,1499.771542734587,26.178609655925268,1.0,321.8255053442506,40.1744946557494,VALID_POLYGON,1134,0,1134,refine_1m
765.908537073296,-639.52855613763,765.908537073296,-639.52855613763,997.803919253296,5.972155548344631,135.85121045270947,1499.771542734587,-26.178609655925268,-1.0,38.888291374438445,40.88829137443844,VALID_POLYGON,1134,0,1134,refine_5m
765.908537073296,639.52855613763,765.908537073296,639.52855613763,997.803919253296,5.972155548344631,135.8512104527101,1499.771542734587,26.178609655925268,1.0,321.11170862556156,40.88829137443844,VALID_POLYGON,1134,0,1134,refine_5m
810.908537073296,-579.52855613763,810.908537073296,-579.52855613763,996.7075814286351,7.3045309670227425,135.8901267223675,1499.771542734587,-26.178609655925268,-1.0,37.774220211652434,39.77422021165244,VALID_POLYGON,1134,0,1134,refine_5m
810.908537073296,579.52855613763,810.908537073296,579.52855613763,996.7075814286351,7.3045309670227425,135.89012672236794,1499.771542734587,26.178609655925268,1.0,322.22577978834755,39.77422021165244,VALID_POLYGON,1134,0,1134,refine_5m
787.2721042074579,-610.2737967813583,787.2721042074579,-610.2737967813583,996.1081633543483,7.784570480764842,135.89221525538184,1499.771542734587,-26.178609655925268,-1.0,38.344329999007,40.34432999900701,VALID_POLYGON,1134,0,1134,refine_1m
787.2721042074579,610.2737967813584,787.2721042074579,610.2737967813584,996.1081633543484,7.784570480764842,135.89221525538227,1499.771542734587,26.178609655925268,1.0,321.655670000993,40.34432999900701,VALID_POLYGON,1134,0,1134,refine_1m
817.2721042074579,-571.2737967813583,817.2721042074579,-571.2737967813583,997.1396307462032,6.903495156445388,135.91858781728334,1499.771542734587,-26.178609655925268,-1.0,37.61348486549095,39.61348486549095,VALID_POLYGON,1134,0,1134,refine_5m
817.2721042074579,571.2737967813584,817.2721042074579,571.2737967813584,997.1396307462034,6.903495156445274,135.9185878172842,1499.771542734587,26.178609655925268,1.0,322.38651513450907,39.61348486549097,VALID_POLYGON,1134,0,1134,refine_5m
759.5449699391339,-647.7833154939017,759.5449699391339,-647.7833154939017,998.2643864188042,5.477226960814164,135.92539552621292,1499.771542734587,-26.178609655925268,-1.0,39.02183469297547,41.02183469297547,VALID_POLYGON,200,0,200,refine_20m
759.5449699391339,647.7833154939019,759.5449699391339,647.7833154939019,998.2643864188043,5.4772269608140505,135.92539552621398,1499.771542734587,26.178609655925268,1.0,320.97816530702454,41.02183469297549,VALID_POLYGON,200,0,200,refine_20m
786.2721042074579,611.2737967813584,786.2721042074579,611.2737967813584,995.9314617413796,7.956838155615287,135.9376341020439,1499.771542734587,26.178609655925268,1.0,321.64701589537736,40.35298410462265,VALID_POLYGON,1134,0,1134,refine_1m
786.2721042074579,-611.2737967813583,786.2721042074579,-611.2737967813583,995.9314617413795,7.956838155615287,135.9376341020443,1499.771542734587,-26.178609655925268,-1.0,38.352984104622635,40.352984104622635,VALID_POLYGON,1134,0,1134,refine_1m
802.2721042074579,590.2737967813584,802.2721042074579,590.2737967813584,996.0239376421345,7.946472111787216,135.94073125989527,1499.771542734587,26.178609655925268,1.0,322.03617157047955,39.963828429520454,VALID_POLYGON,1134,0,1134,refine_1m
802.2721042074579,-590.2737967813583,802.2721042074579,-590.2737967813583,996.0239376421345,7.94647211178733,135.9407312598957,1499.771542734587,-26.178609655925268,-1.0,37.96382842952043,39.96382842952045,VALID_POLYGON,1134,0,1134,refine_1m
795.908537073296,598.52855613763,795.908537073296,598.52855613763,995.8447830351627,8.093544546094677,135.94330202229847,1499.771542734587,26.178609655925268,1.0,321.88353183308107,40.11646816691894,VALID_POLYGON,1134,0,1134,refine_1m
795.908537073296,-598.52855613763,795.908537073296,-598.52855613763,995.8447830351627,8.093544546094677,135.9433020222991,1499.771542734587,-26.178609655925268,-1.0,38.116468166918935,40.11646816691894,VALID_POLYGON,1134,0,1134,refine_1m
837.2721042074579,-546.2737967813583,837.2721042074579,-546.2737967813583,999.7197795051896,4.415483436451723,135.95291254880954,1499.771542734587,-26.178609655925268,-1.0,37.13368630691049,39.13368630691049,VALID_POLYGON,1134,0,1134,refine_5m
837.2721042074579,546.2737967813584,837.2721042074579,546.2737967813584,999.7197795051898,4.415483436451609,135.9529125488104,1499.771542734587,26.178609655925268,1.0,322.8663136930895,39.13368630691049,VALID_POLYGON,1134,0,1134,refine_5m
801.2721042074579,-591.2737967813583,801.2721042074579,-591.2737967813583,995.8120745106932,8.154055015794029,135.983445186499,1499.771542734587,-26.178609655925268,-1.0,37.973312028559505,39.97331202855951,VALID_POLYGON,1134,0,1134,refine_1m
801.2721042074579,591.2737967813584,801.2721042074579,591.2737967813584,995.8120745106933,8.154055015794029,135.9834451864992,1499.771542734587,26.178609655925268,1.0,322.0266879714405,39.97331202855951,VALID_POLYGON,1134,0,1134,refine_1m
782.2721042074579,616.2737967813584,782.2721042074579,616.2737967813584,995.8629612654921,8.005008770464542,135.98362712764037,1499.771542734587,26.178609655925268,1.0,321.5649944690925,40.435005530907524,VALID_POLYGON,1134,0,1134,refine_5m
782.2721042074579,-616.2737967813583,782.2721042074579,-616.2737967813583,995.862961265492,8.005008770464542,135.983627127641,1499.771542734587,-26.178609655925268,-1.0,38.435005530907524,40.435005530907524,VALID_POLYGON,1134,0,1134,refine_5m
794.908537073296,-599.52855613763,794.908537073296,-599.52855613763,995.6475641191912,8.286417653627723,135.98713875350592,1499.771542734587,-26.178609655925268,-1.0,38.12560960962696,40.125609609626956,VALID_POLYGON,1134,0,1134,refine_1m
794.908537073296,599.52855613763,794.908537073296,599.52855613763,995.6475641191912,8.286417653627723,135.98713875350674,1499.771542734587,26.178609655925268,1.0,321.87439039037304,40.125609609626956,VALID_POLYGON,1134,0,1134,refine_1m
850.908537073296,-529.52855613763,850.908537073296,-529.52855613763,1002.2204499157956,1.9742206188147975,136.00738080140502,1499.771542734587,-26.178609655925268,-1.0,36.802216605396964,38.802216605396964,VALID_POLYGON,200,0,200,refine_20m
850.908537073296,529.52855613763,850.908537073296,529.52855613763,1002.2204499157956,1.9742206188147975,136.00738080140584,1499.771542734587,26.178609655925268,1.0,323.19778339460305,38.802216605396964,VALID_POLYGON,200,0,200,refine_20m
797.2721042074579,-596.2737967813583,797.2721042074579,-596.2737967813583,995.5828689142076,8.363571542526188,136.01133131173026,1499.771542734587,-26.178609655925268,-1.0,38.06016041784167,40.06016041784168,VALID_POLYGON,1134,0,1134,refine_5m
797.2721042074579,596.2737967813584,797.2721042074579,596.2737967813584,995.5828689142077,8.363571542526188,136.0113313117307,1499.771542734587,26.178609655925268,1.0,321.9398395821583,40.060160417841686,VALID_POLYGON,1134,0,1134,refine_5m
790.908537073296,604.52855613763,790.908537073296,604.52855613763,995.4853535845059,8.428664591804022,136.02253811907434,1499.771542734587,26.178609655925268,1.0,321.78954666366025,40.21045333633977,VALID_POLYGON,1134,0,1134,refine_5m
790.908537073296,-604.52855613763,790.908537073296,-604.52855613763,995.4853535845059,8.428664591804022,136.02253811907474,1499.771542734587,-26.178609655925268,-1.0,38.21045333633976,40.21045333633977,VALID_POLYGON,1134,0,1134,refine_5m
775.908537073296,-624.52855613763,775.908537073296,-624.52855613763,996.0270956829313,7.80744460963615,136.0248331001061,1499.771542734587,-26.178609655925268,-1.0,38.57736061495472,40.57736061495471,VALID_POLYGON,1134,0,1134,refine_5m
775.908537073296,624.52855613763,775.908537073296,624.52855613763,996.0270956829313,7.80744460963615,136.02483310010734,1499.771542734587,26.178609655925268,1.0,321.4226393850453,40.57736061495471,VALID_POLYGON,1134,0,1134,refine_5m
825.908537073296,-559.52855613763,825.908537073296,-559.52855613763,997.595667965741,6.490090401844327,136.06700819263045,1499.771542734587,-26.178609655925268,-1.0,37.36095482726706,39.36095482726706,VALID_POLYGON,1134,0,1134,refine_5m
825.908537073296,559.52855613763,825.908537073296,559.52855613763,997.595667965741,6.490090401844327,136.06700819263108,1499.771542734587,26.178609655925268,1.0,322.63904517273295,39.36095482726706,VALID_POLYGON,1134,0,1134,refine_5m
786.2721042074579,610.2737967813584,786.2721042074579,610.2737967813584,995.3180039026514,8.572789941401197,136.0758153115842,1499.771542734587,26.178609655925268,1.0,321.6950635261419,40.30493647385815,VALID_POLYGON,1134,0,1134,refine_1m
786.2721042074579,-610.2737967813583,786.2721042074579,-610.2737967813583,995.3180039026513,8.572789941401197,136.0758153115846,1499.771542734587,-26.178609655925268,-1.0,38.304936473858135,40.30493647385813,VALID_POLYGON,1134,0,1134,refine_1m
805.908537073296,584.52855613763,805.908537073296,584.52855613763,995.571294819192,8.419766516936988,136.0973202552364,1499.771542734587,26.178609655925268,1.0,322.1764473761925,39.8235526238075,VALID_POLYGON,1134,0,1134,refine_5m
805.908537073296,-584.52855613763,805.908537073296,-584.52855613763,995.571294819192,8.419766516936988,136.09732025523724,1499.771542734587,-26.178609655925268,-1.0,37.823552623807494,39.8235526238075,VALID_POLYGON,1134,0,1134,refine_5m
812.2721042074579,576.2737967813584,812.2721042074579,576.2737967813584,995.9304494443444,8.091965017268762,136.11954607224095,1499.771542734587,26.178609655925268,1.0,322.3353321545743,39.664667845425726,VALID_POLYGON,1134,0,1134,refine_5m
812.2721042074579,-576.2737967813583,812.2721042074579,-576.2737967813583,995.9304494443443,8.091965017268876,136.11954607224177,1499.771542734587,-26.178609655925268,-1.0,37.66466784542571,39.66466784542571,VALID_POLYGON,1134,0,1134,refine_5m
801.2721042074579,590.2737967813584,801.2721042074579,590.2737967813584,995.2186393691226,8.749952603287056,136.12920169569017,1499.771542734587,26.178609655925268,1.0,322.07630071563557,39.92369928436445,VALID_POLYGON,1134,0,1134,refine_1m
801.2721042074579,-590.2737967813583,801.2721042074579,-590.2737967813583,995.2186393691226,8.74995260328717,136.129201695691,1499.771542734587,-26.178609655925268,-1.0,37.92369928436443,39.923699284364446,VALID_POLYGON,1134,0,1134,refine_1m
794.908537073296,-598.52855613763,794.908537073296,-598.52855613763,995.0457350414621,8.89072359606314,136.12975146107817,1499.771542734587,-26.178609655925268,-1.0,38.076656615359205,40.0766566153592,VALID_POLYGON,1134,0,1134,refine_1m
794.908537073296,598.52855613763,794.908537073296,598.52855613763,995.0457350414621,8.89072359606314,136.12975146107922,1499.771542734587,26.178609655925268,1.0,321.9233433846408,40.0766566153592,VALID_POLYGON,1134,0,1134,refine_1m
832.2721042074579,-551.2737967813583,832.2721042074579,-551.2737967813583,998.2883623781478,5.827272778068618,136.1337498630621,1499.771542734587,-26.178609655925268,-1.0,37.190718045201294,39.190718045201315,VALID_POLYGON,1134,0,1134,refine_5m
832.2721042074579,551.2737967813584,832.2721042074579,551.2737967813584,998.2883623781478,5.8272727780685045,136.1337498630627,1499.771542734587,26.178609655925268,1.0,322.8092819547987,39.190718045201315,VALID_POLYGON,1134,0,1134,refine_5m
777.2721042074579,621.2737967813584,777.2721042074579,621.2737967813584,995.0542972854365,8.791170057840532,136.2147970445811,1499.771542734587,26.178609655925268,1.0,321.52302059556985,40.47697940443018,VALID_POLYGON,1134,0,1134,refine_5m
777.2721042074579,-621.2737967813583,777.2721042074579,-621.2737967813583,995.0542972854365,8.791170057840532,136.21479704458193,1499.771542734587,-26.178609655925268,-1.0,38.476979404430175,40.47697940443018,VALID_POLYGON,1134,0,1134,refine_5m
792.2721042074579,-601.2737967813583,792.2721042074579,-601.2737967813583,994.5980423272425,9.326649104401668,136.22953323780544,1499.771542734587,-26.178609655925268,-1.0,38.106144264917354,40.10614426491737,VALID_POLYGON,1134,0,1134,refine_5m
792.2721042074579,601.2737967813584,792.2721042074579,601.2737967813584,994.5980423272425,9.326649104401668,136.22953323780544,1499.771542734587,26.178609655925268,1.0,321.89385573508264,40.10614426491737,VALID_POLYGON,1134,0,1134,refine_5m
785.908537073296,609.52855613763,785.908537073296,609.52855613763,994.573923543098,9.318023582281967,136.24611875676413,1499.771542734587,26.178609655925268,1.0,321.7452157167089,40.25478428329108,VALID_POLYGON,1134,0,1134,refine_5m
785.908537073296,-609.52855613763,785.908537073296,-609.52855613763,994.573923543098,9.318023582281967,136.2461187567654,1499.771542734587,-26.178609655925268,-1.0,38.25478428329108,40.25478428329108,VALID_POLYGON,1134,0,1134,refine_5m
820.908537073296,-564.52855613763,820.908537073296,-564.52855613763,996.2847569518748,7.78076733745047,136.2580404633355,1499.771542734587,-26.178609655925268,-1.0,37.4150168439693,39.4150168439693,VALID_POLYGON,1134,0,1134,refine_5m
820.908537073296,564.52855613763,820.908537073296,564.52855613763,996.2847569518748,7.78076733745047,136.25804046333633,1499.771542734587,26.178609655925268,1.0,322.5849831560307,39.4150168439693,VALID_POLYGON,1134,0,1134,refine_5m
770.908537073296,-629.52855613763,770.908537073296,-629.52855613763,995.2920051548784,8.51972678838274,136.2607746373734,1499.771542734587,-26.178609655925268,-1.0,38.617824689454125,40.61782468945413,VALID_POLYGON,200,0,200,refine_20m
770.908537073296,-629.52855613763,770.908537073296,-629.52855613763,995.2920051548784,8.51972678838274,136.2607746373734,1499.771542734587,-26.178609655925268,-1.0,38.617824689454125,40.61782468945413,VALID_POLYGON,1134,0,1134,refine_5m
770.908537073296,629.52855613763,770.908537073296,629.52855613763,995.2920051548784,8.51972678838274,136.26077463737403,1499.771542734587,26.178609655925268,1.0,321.3821753105459,40.61782468945413,VALID_POLYGON,200,0,200,refine_20m
770.908537073296,629.52855613763,770.908537073296,629.52855613763,995.2920051548784,8.51972678838274,136.26077463737403,1499.771542734587,26.178609655925268,1.0,321.3821753105459,40.61782468945413,VALID_POLYGON,1134,0,1134,refine_5m
800.908537073296,-589.52855613763,800.908537073296,-589.52855613763,994.4839884375242,9.485777674016049,136.30696564404823,1499.771542734587,-26.178609655925268,-1.0,37.872112332735924,39.87211233273593,VALID_POLYGON,1134,0,1134,refine_5m
800.908537073296,589.52855613763,800.908537073296,589.52855613763,994.4839884375242,9.485777674016049,136.30696564404886,1499.771542734587,26.178609655925268,1.0,322.1278876672641,39.87211233273593,VALID_POLYGON,1134,0,1134,refine_5m
827.2721042074579,556.2737967813584,827.2721042074579,556.2737967813584,996.9050463235619,7.190706387822161,136.3176854936837,1499.771542734587,26.178609655925268,1.0,322.75318547006987,39.24681452993013,VALID_POLYGON,1134,0,1134,refine_5m
827.2721042074579,-556.2737967813583,827.2721042074579,-556.2737967813583,996.9050463235619,7.190706387822161,136.31768549368434,1499.771542734587,-26.178609655925268,-1.0,37.24681452993012,39.24681452993012,VALID_POLYGON,1134,0,1134,refine_5m
807.2721042074579,-581.2737967813583,807.2721042074579,-581.2737967813583,994.7700624044496,9.231393415131606,136.32310360938803,1499.771542734587,-26.178609655925268,-1.0,37.71504023099549,39.7150402309955,VALID_POLYGON,1134,0,1134,refine_5m
807.2721042074579,581.2737967813584,807.2721042074579,581.2737967813584,994.7700624044497,9.231393415131492,136.32310360938928,1499.771542734587,26.178609655925268,1.0,322.2849597690045,39.71504023099551,VALID_POLYGON,1134,0,1134,refine_5m
787.2721042074579,-606.2737967813583,787.2721042074579,-606.2737967813583,993.6625597892487,10.240145234445322,136.44993073343144,1499.771542734587,-26.178609655925268,-1.0,38.151424060351644,40.15142406035166,VALID_POLYGON,1134,0,1134,refine_5m
787.2721042074579,606.2737967813584,787.2721042074579,606.2737967813584,993.6625597892488,10.240145234445208,136.44993073343187,1499.771542734587,26.178609655925268,1.0,321.84857593964836,40.15142406035166,VALID_POLYGON,1134,0,1134,refine_5m
815.908537073296,569.52855613763,815.908537073296,569.52855613763,995.0223701632539,9.022668845961107,136.45191009668739,1499.771542734587,26.178609655925268,1.0,322.531790699032,39.468209300968,VALID_POLYGON,1134,0,1134,refine_5m
815.908537073296,-569.52855613763,815.908537073296,-569.52855613763,995.0223701632539,9.022668845961107,136.451910096688,1499.771542734587,-26.178609655925268,-1.0,37.46820930096799,39.468209300968,VALID_POLYGON,1134,0,1134,refine_5m
780.908537073296,614.52855613763,780.908537073296,614.52855613763,993.711975163103,10.157667305222276,136.47177477961583,1499.771542734587,26.178609655925268,1.0,321.7015562755534,40.29844372444662,VALID_POLYGON,1134,0,1134,refine_5m
780.908537073296,-614.52855613763,780.908537073296,-614.52855613763,993.711975163103,10.157667305222276,136.47177477961603,1499.771542734587,-26.178609655925268,-1.0,38.29844372444662,40.29844372444662,VALID_POLYGON,1134,0,1134,refine_5m
765.908537073296,634.52855613763,765.908537073296,634.52855613763,994.6066437119057,9.18205639809571,136.4985254105202,1499.771542734587,26.178609655925268,1.0,321.3423089158798,40.65769108412022,VALID_POLYGON,1134,0,1134,refine_5m
765.908537073296,-634.52855613763,765.908537073296,-634.52855613763,994.6066437119057,9.18205639809571,136.4985254105204,1499.771542734587,-26.178609655925268,-1.0,38.657691084120216,40.65769108412022,VALID_POLYGON,1134,0,1134,refine_5m
822.2721042074579,561.2737967813584,822.2721042074579,561.2737967813584,995.5700318466412,8.505584779455035,136.50463442612593,1499.771542734587,26.178609655925268,1.0,322.6980015253601,39.3019984746399,VALID_POLYGON,1134,0,1134,refine_5m
822.2721042074579,-561.2737967813583,822.2721042074579,-561.2737967813583,995.5700318466411,8.505584779455148,136.50463442612698,1499.771542734587,-26.178609655925268,-1.0,37.30199847463989,39.30199847463989,VALID_POLYGON,1134,0,1134,refine_5m
795.908537073296,-594.52855613763,795.908537073296,-594.52855613763,993.4458231072539,10.502405346141359,136.51900042219205,1499.771542734587,-26.178609655925268,-1.0,37.91991728371508,39.919917283715094,VALID_POLYGON,1134,0,1134,refine_5m
795.908537073296,594.52855613763,795.908537073296,594.52855613763,993.4458231072539,10.502405346141359,136.51900042219225,1499.771542734587,26.178609655925268,1.0,322.0800827162849,39.919917283715094,VALID_POLYGON,1134,0,1134,refine_5m
802.2721042074579,-586.2737967813583,802.2721042074579,-586.2737967813583,993.6586405712435,10.321610963975672,136.5291929822415,1499.771542734587,-26.178609655925268,-1.0,37.76462105116344,39.76462105116343,VALID_POLYGON,1134,0,1134,refine_5m
802.2721042074579,586.2737967813584,802.2721042074579,586.2737967813584,993.6586405712436,10.321610963975559,136.5291929822417,1499.771542734587,26.178609655925268,1.0,322.23537894883657,39.76462105116345,VALID_POLYGON,1134,0,1134,refine_5m
810.908537073296,574.52855613763,810.908537073296,574.52855613763,993.8086925137769,10.21561132895988,136.64854148372592,1499.771542734587,26.178609655925268,1.0,322.4794470790052,39.52055292099482,VALID_POLYGON,1134,0,1134,refine_5m
810.908537073296,-574.52855613763,810.908537073296,-574.52855613763,993.8086925137769,10.21561132895988,136.64854148372677,1499.771542734587,-26.178609655925268,-1.0,37.5205529209948,39.52055292099482,VALID_POLYGON,1134,0,1134,refine_5m
782.2721042074579,611.2737967813584,782.2721042074579,611.2737967813584,992.7765607893155,11.103922529596275,136.67246984584955,1499.771542734587,26.178609655925268,1.0,321.8039842045411,40.1960157954589,VALID_POLYGON,200,0,200,refine_20m
782.2721042074579,-611.2737967813583,782.2721042074579,-611.2737967813583,992.7765607893155,11.103922529596389,136.67246984584955,1499.771542734587,-26.178609655925268,-1.0,38.196015795458905,40.19601579545889,VALID_POLYGON,200,0,200,refine_20m
782.2721042074579,611.2737967813584,782.2721042074579,611.2737967813584,992.7765607893155,11.103922529596275,136.67246984584955,1499.771542734587,26.178609655925268,1.0,321.8039842045411,40.1960157954589,VALID_POLYGON,1134,0,1134,refine_5m
782.2721042074579,-611.2737967813583,782.2721042074579,-611.2737967813583,992.7765607893155,11.103922529596389,136.67246984584955,1499.771542734587,-26.178609655925268,-1.0,38.196015795458905,40.19601579545889,VALID_POLYGON,1134,0,1134,refine_5m
830.908537073296,-549.52855613763,830.908537073296,-549.52855613763,996.1880500146511,7.929580577913612,136.6909286412667,1499.771542734587,-26.178609655925268,-1.0,37.04130159365447,39.041301593654474,VALID_POLYGON,200,0,200,refine_20m
830.908537073296,549.52855613763,830.908537073296,549.52855613763,996.1880500146511,7.929580577913612,136.69092864126756,1499.771542734587,26.178609655925268,1.0,322.95869840634555,39.041301593654474,VALID_POLYGON,200,0,200,refine_20m
817.2721042074579,566.2737967813584,817.2721042074579,566.2737967813584,994.2835135095328,9.77171453025585,136.69451485093975,1499.771542734587,26.178609655925268,1.0,322.64370813336564,39.356291866634386,VALID_POLYGON,1134,0,1134,refine_5m
817.2721042074579,-566.2737967813583,817.2721042074579,-566.2737967813583,994.2835135095327,9.771714530255963,136.69451485093995,1499.771542734587,-26.178609655925268,-1.0,37.35629186663438,39.35629186663438,VALID_POLYGON,1134,0,1134,refine_5m
775.908537073296,619.52855613763,775.908537073296,619.52855613763,992.8996373114448,10.947469145161108,136.69945609302619,1499.771542734587,26.178609655925268,1.0,321.6585532469373,40.341446753062684,VALID_POLYGON,1134,0,1134,refine_5m
775.908537073296,-619.52855613763,775.908537073296,-619.52855613763,992.8996373114448,10.947469145161108,136.699456093027,1499.771542734587,-26.178609655925268,-1.0,38.34144675306269,40.341446753062684,VALID_POLYGON,1134,0,1134,refine_5m
790.908537073296,599.52855613763,790.908537073296,599.52855613763,992.4569530412352,11.469497171941157,136.73336432648404,1499.771542734587,26.178609655925268,1.0,322.0330151273129,39.96698487268707,VALID_POLYGON,1134,0,1134,refine_5m
790.908537073296,-599.52855613763,790.908537073296,-599.52855613763,992.4569530412352,11.469497171941157,136.73336432648466,1499.771542734587,-26.178609655925268,-1.0,37.96698487268707,39.96698487268707,VALID_POLYGON,1134,0,1134,refine_5m
797.2721042074579,591.2737967813584,797.2721042074579,591.2737967813584,992.5963484254971,11.3624548623701,136.7377491625506,1499.771542734587,26.178609655925268,1.0,322.18657125375296,39.81342874624704,VALID_POLYGON,1134,0,1134,refine_5m
797.2721042074579,-591.2737967813583,797.2721042074579,-591.2737967813583,992.596348425497,11.3624548623701,136.73774916255144,1499.771542734587,-26.178609655925268,-1.0,37.81342874624704,39.81342874624704,VALID_POLYGON,1134,0,1134,refine_5m
760.908537073296,639.52855613763,760.908537073296,639.52855613763,993.9711142213868,9.794333201819427,136.7380436002752,1499.771542734587,26.178609655925268,1.0,321.3030270937278,40.69697290627218,VALID_POLYGON,1134,0,1134,refine_5m
760.908537073296,-639.52855613763,760.908537073296,-639.52855613763,993.9711142213868,9.794333201819427,136.73804360027586,1499.771542734587,-26.178609655925268,-1.0,38.69697290627218,40.69697290627218,VALID_POLYGON,1134,0,1134,refine_5m
837.2721042074579,541.2737967813584,837.2721042074579,541.2737967813584,996.9964390939878,7.150606067093918,136.78474364087552,1499.771542734587,26.178609655925268,1.0,323.1348332688096,38.86516673119043,VALID_POLYGON,1134,0,1134,refine_5m
837.2721042074579,-541.2737967813583,837.2721042074579,-541.2737967813583,996.9964390939876,7.1506060670940315,136.78474364087592,1499.771542734587,-26.178609655925268,-1.0,36.865166731190406,38.865166731190406,VALID_POLYGON,1134,0,1134,refine_5m
805.908537073296,-579.52855613763,805.908537073296,-579.52855613763,992.6439026693239,11.35941755730687,136.84786179120624,1499.771542734587,-26.178609655925268,-1.0,37.57206777630731,39.572067776307314,VALID_POLYGON,1134,0,1134,refine_5m
805.908537073296,579.52855613763,805.908537073296,579.52855613763,992.6439026693239,11.35941755730687,136.84786179120684,1499.771542734587,26.178609655925268,1.0,322.42793222369266,39.572067776307314,VALID_POLYGON,1134,0,1134,refine_5m
862.2721042074579,-511.2737967813583,862.2721042074579,-511.2737967813583,1002.4540273596505,1.798167307477911,136.88724767414544,1499.771542734587,-26.178609655925268,-1.0,36.26875080988817,38.26875080988818,VALID_POLYGON,200,0,200,refine_20m
862.2721042074579,511.27379678135844,862.2721042074579,511.27379678135844,1002.4540273596506,1.798167307477911,136.8872476741463,1499.771542734587,26.178609655925268,1.0,323.73124919011184,38.26875080988818,VALID_POLYGON,200,0,200,refine_20m
812.2721042074579,-571.2737967813583,812.2721042074579,-571.2737967813583,993.045679796554,10.988908416509389,136.8872480126381,1499.771542734587,-26.178609655925268,-1.0,37.409715995641236,39.40971599564124,VALID_POLYGON,1134,0,1134,refine_5m
812.2721042074579,571.2737967813584,812.2721042074579,571.2737967813584,993.045679796554,10.988908416509389,136.8872480126385,1499.771542734587,26.178609655925268,1.0,322.59028400435875,39.40971599564125,VALID_POLYGON,1134,0,1134,refine_5m
777.2721042074579,-616.2737967813583,777.2721042074579,-616.2737967813583,991.9401779232456,11.917850597851725,136.89709846477757,1499.771542734587,-26.178609655925268,-1.0,38.23993498255415,40.239934982554146,VALID_POLYGON,1134,0,1134,refine_5m
777.2721042074579,616.2737967813584,777.2721042074579,616.2737967813584,991.9401779232458,11.917850597851611,136.8970984647782,1499.771542734587,26.178609655925268,1.0,321.76006501744587,40.23993498255416,VALID_POLYGON,1134,0,1134,refine_5m
770.908537073296,624.52855613763,770.908537073296,624.52855613763,992.1370318478401,11.687309609916497,136.92911428616262,1499.771542734587,26.178609655925268,1.0,321.61619198510766,40.38380801489236,VALID_POLYGON,1134,0,1134,refine_5m
770.908537073296,-624.52855613763,770.908537073296,-624.52855613763,992.1370318478401,11.687309609916497,136.92911428616324,1499.771542734587,-26.178609655925268,-1.0,38.38380801489235,40.38380801489236,VALID_POLYGON,1134,0,1134,refine_5m
739.5449699391339,667.7833154939019,739.5449699391339,667.7833154939019,996.4242665723787,7.221807282179611,136.93236376494673,1499.771542734587,26.178609655925268,1.0,320.8368015369473,41.163198463052694,VALID_POLYGON,200,0,200,refine_20m
739.5449699391339,-667.7833154939017,739.5449699391339,-667.7833154939017,996.4242665723784,7.221807282179839,136.93236376494758,1499.771542734587,-26.178609655925268,-1.0,39.16319846305267,41.16319846305269,VALID_POLYGON,200,0,200,refine_20m
792.2721042074579,596.2737967813584,792.2721042074579,596.2737967813584,991.5833438664497,12.353769011100894,136.94870943153418,1499.771542734587,26.178609655925268,1.0,322.13851880958464,39.86148119041537,VALID_POLYGON,1134,0,1134,refine_5m
792.2721042074579,-596.2737967813583,792.2721042074579,-596.2737967813583,991.5833438664496,12.353769011100894,136.94870943153438,1499.771542734587,-26.178609655925268,-1.0,37.861481190415354,39.86148119041537,VALID_POLYGON,1134,0,1134,refine_5m
785.908537073296,604.52855613763,785.908537073296,604.52855613763,991.5175257304007,12.386907631729514,136.94999919955472,1499.771542734587,26.178609655925268,1.0,321.98666803295947,40.01333196704051,VALID_POLYGON,1134,0,1134,refine_5m
785.908537073296,-604.52855613763,785.908537073296,-604.52855613763,991.5175257304007,12.386907631729514,136.94999919955578,1499.771542734587,-26.178609655925268,-1.0,38.013331967040514,40.01333196704051,VALID_POLYGON,1134,0,1134,refine_5m
832.2721042074579,-546.2737967813583,832.2721042074579,-546.2737967813583,995.5359945736922,8.591506510178533,136.95617852688915,1499.771542734587,-26.178609655925268,-1.0,36.92463329820165,38.924633298201655,VALID_POLYGON,1134,0,1134,refine_5m
832.2721042074579,546.2737967813584,832.2721042074579,546.2737967813584,995.5359945736923,8.59150651017842,136.95617852688997,1499.771542734587,26.178609655925268,1.0,323.0753667017983,38.924633298201655,VALID_POLYGON,1134,0,1134,refine_5m
800.908537073296,-584.52855613763,800.908537073296,-584.52855613763,991.5281729215915,12.453916797625766,137.04980083396072,1499.771542734587,-26.178609655925268,-1.0,37.622773313903785,39.6227733139038,VALID_POLYGON,1134,0,1134,refine_5m
800.908537073296,584.52855613763,800.908537073296,584.52855613763,991.5281729215915,12.453916797625766,137.04980083396157,1499.771542734587,26.178609655925268,1.0,322.3772266860962,39.6227733139038,VALID_POLYGON,1134,0,1134,refine_5m
820.908537073296,559.52855613763,820.908537073296,559.52855613763,993.460130741682,10.61744128787052,137.05231794358215,1499.771542734587,26.178609655925268,1.0,322.8449868695394,39.15501313046059,VALID_POLYGON,1134,0,1134,refine_5m
820.908537073296,-559.52855613763,820.908537073296,-559.52855613763,993.460130741682,10.61744128787052,137.05231794358278,1499.771542734587,-26.178609655925268,-1.0,37.15501313046058,39.15501313046059,VALID_POLYGON,1134,0,1134,refine_5m
807.2721042074579,576.2737967813584,807.2721042074579,576.2737967813584,991.8567129824445,12.156985545787052,137.08275806703875,1499.771542734587,26.178609655925268,1.0,322.53770851886566,39.46229148113432,VALID_POLYGON,1134,0,1134,refine_5m
807.2721042074579,-576.2737967813583,807.2721042074579,-576.2737967813583,991.8567129824444,12.156985545787052,137.0827580670396,1499.771542734587,-26.178609655925268,-1.0,37.46229148113431,39.46229148113431,VALID_POLYGON,1134,0,1134,refine_5m
772.2721042074579,621.2737967813584,772.2721042074579,621.2737967813584,991.153536796464,12.681806154678384,137.1237662432173,1499.771542734587,26.178609655925268,1.0,321.71680332730654,40.283196672693464,VALID_POLYGON,1134,0,1134,refine_5m
772.2721042074579,-621.2737967813583,772.2721042074579,-621.2737967813583,991.1535367964639,12.681806154678384,137.12376624321752,1499.771542734587,-26.178609655925268,-1.0,38.283196672693464,40.283196672693464,VALID_POLYGON,1134,0,1134,refine_5m
827.2721042074579,-551.2737967813583,827.2721042074579,-551.2737967813583,994.1237012653754,9.983998667407377,137.1309267205281,1499.771542734587,-26.178609655925268,-1.0,36.98312170923283,38.98312170923283,VALID_POLYGON,1134,0,1134,refine_5m
827.2721042074579,551.2737967813584,827.2721042074579,551.2737967813584,994.1237012653755,9.983998667407263,137.13092672052852,1499.771542734587,26.178609655925268,1.0,323.0168782907672,38.98312170923285,VALID_POLYGON,1134,0,1134,refine_5m
765.908537073296,629.52855613763,765.908537073296,629.52855613763,991.4242735350418,12.377076419442233,137.1607025606498,1499.771542734587,26.178609655925268,1.0,321.5744582754051,40.42554172459489,VALID_POLYGON,1134,0,1134,refine_5m
765.908537073296,-629.52855613763,765.908537073296,-629.52855613763,991.4242735350418,12.377076419442233,137.16070256065066,1499.771542734587,-26.178609655925268,-1.0,38.425541724594886,40.42554172459489,VALID_POLYGON,1134,0,1134,refine_5m
787.2721042074579,601.2737967813584,787.2721042074579,601.2737967813584,990.6197780980899,13.295404126748508,137.16201327692292,1499.771542734587,26.178609655925268,1.0,322.0912042868337,39.90879571316626,VALID_POLYGON,1134,0,1134,refine_5m
787.2721042074579,-601.2737967813583,787.2721042074579,-601.2737967813583,990.6197780980898,13.295404126748508,137.16201327692355,1499.771542734587,-26.178609655925268,-1.0,37.90879571316626,39.908795713166256,VALID_POLYGON,1134,0,1134,refine_5m
780.908537073296,-609.52855613763,780.908537073296,-609.52855613763,990.6276818367127,13.254498154189264,137.16884889738867,1499.771542734587,-26.178609655925268,-1.0,38.05897492545954,40.05897492545954,VALID_POLYGON,1134,0,1134,refine_5m
780.908537073296,609.52855613763,780.908537073296,609.52855613763,990.6276818367127,13.254498154189264,137.1688488973893,1499.771542734587,26.178609655925268,1.0,321.94102507454045,40.05897492545954,VALID_POLYGON,1134,0,1134,refine_5m
750.908537073296,649.52855613763,750.908537073296,649.52855613763,992.8499263674203,10.868364194797664,137.22222166223355,1499.771542734587,26.178609655925268,1.0,321.22616662107913,40.77383337892088,VALID_POLYGON,200,0,200,refine_20m
750.908537073296,-649.52855613763,750.908537073296,-649.52855613763,992.8499263674203,10.868364194797664,137.22222166223398,1499.771542734587,-26.178609655925268,-1.0,38.77383337892088,40.77383337892088,VALID_POLYGON,200,0,200,refine_20m
815.908537073296,-564.52855613763,815.908537073296,-564.52855613763,992.1689531344564,11.888208409856361,137.2376034037849,1499.771542734587,-26.178609655925268,-1.0,37.210493056757116,39.210493056757116,VALID_POLYGON,1134,0,1134,refine_5m
815.908537073296,564.52855613763,815.908537073296,564.52855613763,992.1689531344564,11.888208409856361,137.23760340378553,1499.771542734587,26.178609655925268,1.0,322.7895069432429,39.210493056757116,VALID_POLYGON,1134,0,1134,refine_5m
795.908537073296,589.52855613763,795.908537073296,589.52855613763,990.4616690654277,13.498944935144209,137.2542909542457,1499.771542734587,26.178609655925268,1.0,322.3273116204207,39.67268837957934,VALID_POLYGON,1134,0,1134,refine_5m
795.908537073296,-589.52855613763,795.908537073296,-589.52855613763,990.4616690654277,13.498944935144209,137.2542909542461,1499.771542734587,-26.178609655925268,-1.0,37.672688379579334,39.67268837957934,VALID_POLYGON,1134,0,1134,refine_5m
802.2721042074579,581.2737967813584,802.2721042074579,581.2737967813584,990.7167890038395,13.275771485869996,137.2809719465404,1499.771542734587,26.178609655925268,1.0,322.4859617016123,39.51403829838768,VALID_POLYGON,1134,0,1134,refine_5m
802.2721042074579,-581.2737967813583,802.2721042074579,-581.2737967813583,990.7167890038394,13.275771485869996,137.28097194654103,1499.771542734587,-26.178609655925268,-1.0,37.514038298387675,39.51403829838768,VALID_POLYGON,1134,0,1134,refine_5m
822.2721042074579,556.2737967813584,822.2721042074579,556.2737967813584,992.7597646678216,11.327877997263045,137.3088960312921,1499.771542734587,26.178609655925268,1.0,322.9593442172387,39.04065578276127,VALID_POLYGON,1134,0,1134,refine_5m
822.2721042074579,-556.2737967813583,822.2721042074579,-556.2737967813583,992.7597646678216,11.327877997263045,137.30889603129273,1499.771542734587,-26.178609655925268,-1.0,37.04065578276127,39.04065578276126,VALID_POLYGON,1134,0,1134,refine_5m
782.2721042074579,-606.2737967813583,782.2721042074579,-606.2737967813583,989.7057955194805,14.18721785106925,137.37760229549457,1499.771542734587,-26.178609655925268,-1.0,37.955389119837335,39.95538911983735,VALID_POLYGON,1134,0,1134,refine_5m
782.2721042074579,606.2737967813584,782.2721042074579,606.2737967813584,989.7057955194805,14.18721785106925,137.3776022954952,1499.771542734587,26.178609655925268,1.0,322.0446108801627,39.95538911983735,VALID_POLYGON,1134,0,1134,refine_5m
775.908537073296,614.52855613763,775.908537073296,614.52855613763,989.7875550903954,14.072137218617854,137.3898592017098,1499.771542734587,26.178609655925268,1.0,321.89607038311175,40.103929616888266,VALID_POLYGON,1134,0,1134,refine_5m
775.908537073296,-614.52855613763,775.908537073296,-614.52855613763,989.7875550903954,14.072137218617854,137.3898592017102,1499.771542734587,-26.178609655925268,-1.0,38.10392961688826,40.103929616888266,VALID_POLYGON,1134,0,1134,refine_5m
760.908537073296,634.52855613763,760.908537073296,634.52855613763,990.7614699538577,13.016664589755464,137.39417566286963,1499.771542734587,26.178609655925268,1.0,321.533338318569,40.466661681430985,VALID_POLYGON,1134,0,1134,refine_5m
760.908537073296,-634.52855613763,760.908537073296,-634.52855613763,990.7614699538577,13.016664589755464,137.39417566287005,1499.771542734587,-26.178609655925268,-1.0,38.46666168143096,40.466661681430985,VALID_POLYGON,1134,0,1134,refine_5m
810.908537073296,569.52855613763,810.908537073296,569.52855613763,990.9265521493339,13.109946409831082,137.42583909780987,1499.771542734587,26.178609655925268,1.0,322.73491502392545,39.26508497607455,VALID_POLYGON,200,0,200,refine_20m
810.908537073296,569.52855613763,810.908537073296,569.52855613763,990.9265521493339,13.109946409831082,137.42583909780987,1499.771542734587,26.178609655925268,1.0,322.73491502392545,39.26508497607455,VALID_POLYGON,1134,0,1134,refine_5m
810.908537073296,-569.52855613763,810.908537073296,-569.52855613763,990.9265521493339,13.109946409831082,137.42583909781072,1499.771542734587,-26.178609655925268,-1.0,37.26508497607454,39.26508497607455,VALID_POLYGON,200,0,200,refine_20m
810.908537073296,-569.52855613763,810.908537073296,-569.52855613763,990.9265521493339,13.109946409831082,137.42583909781072,1499.771542734587,-26.178609655925268,-1.0,37.26508497607454,39.26508497607455,VALID_POLYGON,1134,0,1134,refine_5m
790.908537073296,-594.52855613763,790.908537073296,-594.52855613763,989.4445502798609,14.494344592687412,137.46126690764007,1499.771542734587,-26.178609655925268,-1.0,37.72183124088429,39.7218312408843,VALID_POLYGON,1134,0,1134,refine_5m
790.908537073296,594.52855613763,790.908537073296,594.52855613763,989.4445502798609,14.494344592687412,137.46126690764092,1499.771542734587,26.178609655925268,1.0,322.2781687591157,39.7218312408843,VALID_POLYGON,1134,0,1134,refine_5m
842.2721042074579,-531.2737967813583,842.2721042074579,-531.2737967813583,995.828371092398,8.349645029063367,137.48040758607448,1499.771542734587,-26.178609655925268,-1.0,36.531695429684135,38.53169542968415,VALID_POLYGON,200,0,200,refine_20m
842.2721042074579,531.2737967813584,842.2721042074579,531.2737967813584,995.8283710923981,8.349645029063367,137.48040758607468,1499.771542734587,26.178609655925268,1.0,323.46830457031587,38.53169542968415,VALID_POLYGON,200,0,200,refine_20m
797.2721042074579,586.2737967813584,797.2721042074579,586.2737967813584,989.6260773341703,14.345098390098883,137.4818192328121,1499.771542734587,26.178609655925268,1.0,322.4350241966709,39.564975803329126,VALID_POLYGON,1134,0,1134,refine_5m
797.2721042074579,-586.2737967813583,797.2721042074579,-586.2737967813583,989.6260773341702,14.345098390098997,137.4818192328127,1499.771542734587,-26.178609655925268,-1.0,37.56497580332912,39.56497580332912,VALID_POLYGON,1134,0,1134,refine_5m
817.2721042074579,561.2737967813584,817.2721042074579,561.2737967813584,991.4443843549913,12.622946004813457,137.48999778404556,1499.771542734587,26.178609655925268,1.0,322.9027414260204,39.09725857397964,VALID_POLYGON,1134,0,1134,refine_5m
817.2721042074579,-561.2737967813583,817.2721042074579,-561.2737967813583,991.4443843549911,12.622946004813457,137.48999778404578,1499.771542734587,-26.178609655925268,-1.0,37.09725857397962,39.097258573979616,VALID_POLYGON,1134,0,1134,refine_5m
777.2721042074579,-611.2737967813583,777.2721042074579,-611.2737967813583,988.8415336193088,15.029074855996669,137.5954201007249,1499.771542734587,-26.178609655925268,-1.0,38.001277711200224,40.00127771120023,VALID_POLYGON,1134,0,1134,refine_5m
777.2721042074579,611.2737967813584,777.2721042074579,611.2737967813584,988.8415336193088,15.029074855996555,137.59542010072553,1499.771542734587,26.178609655925268,1.0,321.99872228879974,40.00127771120023,VALID_POLYGON,1134,0,1134,refine_5m
770.908537073296,619.52855613763,770.908537073296,619.52855613763,988.9972721916203,14.839700452567513,137.6129777369162,1499.771542734587,26.178609655925268,1.0,321.8517885613437,40.14821143865626,VALID_POLYGON,1134,0,1134,refine_5m
770.908537073296,-619.52855613763,770.908537073296,-619.52855613763,988.9972721916203,14.839700452567513,137.61297773691726,1499.771542734587,-26.178609655925268,-1.0,38.14821143865626,40.14821143865626,VALID_POLYGON,1134,0,1134,refine_5m
805.908537073296,-574.52855613763,805.908537073296,-574.52855613763,989.7331114725878,14.282472981772798,137.61694613622547,1499.771542734587,-26.178609655925268,-1.0,37.31880994240444,39.31880994240446,VALID_POLYGON,1134,0,1134,refine_5m
805.908537073296,574.52855613763,805.908537073296,574.52855613763,989.7331114725878,14.282472981772798,137.61694613622672,1499.771542734587,26.178609655925268,1.0,322.6811900575956,39.31880994240446,VALID_POLYGON,1134,0,1134,refine_5m
785.908537073296,599.52855613763,785.908537073296,599.52855613763,988.4769690130163,15.439965245633289,137.67066575507016,1499.771542734587,26.178609655925268,1.0,322.2297803909568,39.770219609043174,VALID_POLYGON,1134,0,1134,refine_5m
785.908537073296,-599.52855613763,785.908537073296,-599.52855613763,988.4769690130163,15.439965245633289,137.6706657550708,1499.771542734587,-26.178609655925268,-1.0,37.77021960904318,39.770219609043174,VALID_POLYGON,1134,0,1134,refine_5m
812.2721042074579,-566.2737967813583,812.2721042074579,-566.2737967813583,990.1777538375554,13.869010380957434,137.6741466515461,1499.771542734587,-26.178609655925268,-1.0,37.152952404976745,39.15295240497674,VALID_POLYGON,1134,0,1134,refine_5m
812.2721042074579,566.2737967813584,812.2721042074579,566.2737967813584,990.1777538375554,13.869010380957434,137.67414665154652,1499.771542734587,26.178609655925268,1.0,322.84704759502324,39.15295240497676,VALID_POLYGON,1134,0,1134,refine_5m
792.2721042074579,591.2737967813584,792.2721042074579,591.2737967813584,988.5847408621864,15.364805118950471,137.68523203644145,1499.771542734587,26.178609655925268,1.0,322.3848772437432,39.61512275625683,VALID_POLYGON,1134,0,1134,refine_5m
792.2721042074579,-591.2737967813583,792.2721042074579,-591.2737967813583,988.5847408621863,15.364805118950471,137.68523203644168,1499.771542734587,-26.178609655925268,-1.0,37.615122756256824,39.61512275625683,VALID_POLYGON,1134,0,1134,refine_5m
832.2721042074579,541.2737967813584,832.2721042074579,541.2737967813584,992.8011777410505,11.338181997695415,137.79997615262658,1499.771542734587,26.178609655925268,1.0,323.3433911306728,38.656608869327215,VALID_POLYGON,1134,0,1134,refine_5m
832.2721042074579,-541.2737967813583,832.2721042074579,-541.2737967813583,992.8011777410504,11.338181997695415,137.7999761526274,1499.771542734587,-26.178609655925268,-1.0,36.656608869327194,38.65660886932721,VALID_POLYGON,1134,0,1134,refine_5m
800.908537073296,579.52855613763,800.908537073296,579.52855613763,988.5888084213037,15.405612312027984,137.810848530152,1499.771542734587,26.178609655925268,1.0,322.6283116475926,39.371688352407354,VALID_POLYGON,1134,0,1134,refine_5m
800.908537073296,-579.52855613763,800.908537073296,-579.52855613763,988.5888084213037,15.405612312027984,137.81084853015304,1499.771542734587,-26.178609655925268,-1.0,37.371688352407354,39.371688352407354,VALID_POLYGON,1134,0,1134,refine_5m
772.2721042074579,-616.2737967813583,772.2721042074579,-616.2737967813583,988.0271228748358,15.820846944087862,137.81541223527503,1499.771542734587,-26.178609655925268,-1.0,38.04647730218599,40.04647730218599,VALID_POLYGON,1134,0,1134,refine_5m
772.2721042074579,616.2737967813584,772.2721042074579,616.2737967813584,988.0271228748358,15.820846944087748,137.81541223527566,1499.771542734587,26.178609655925268,1.0,321.953522697814,40.04647730218599,VALID_POLYGON,1134,0,1134,refine_5m
765.908537073296,624.52855613763,765.908537073296,624.52855613763,988.256952716807,15.55707072471182,137.83815389128756,1499.771542734587,26.178609655925268,1.0,321.80816466619217,40.191835333807845,VALID_POLYGON,1134,0,1134,refine_5m
765.908537073296,-624.52855613763,765.908537073296,-624.52855613763,988.256952716807,15.55707072471182,137.838153891288,1499.771542734587,-26.178609655925268,-1.0,38.19183533380785,40.191835333807845,VALID_POLYGON,1134,0,1134,refine_5m
807.2721042074579,-571.2737967813583,807.2721042074579,-571.2737967813583,988.9600604273792,15.065885138579006,137.86126049645756,1499.771542734587,-26.178609655925268,-1.0,37.20775889350487,39.20775889350488,VALID_POLYGON,1134,0,1134,refine_5m
807.2721042074579,571.2737967813584,807.2721042074579,571.2737967813584,988.9600604273793,15.065885138579006,137.8612604964584,1499.771542734587,26.178609655925268,1.0,322.7922411064951,39.20775889350488,VALID_POLYGON,1134,0,1134,refine_5m
780.908537073296,604.52855613763,780.908537073296,604.52855613763,987.5590708711063,16.335663332637296,137.88242676060474,1499.771542734587,26.178609655925268,1.0,322.18212934011194,39.81787065988805,VALID_POLYGON,1134,0,1134,refine_5m
780.908537073296,-604.52855613763,780.908537073296,-604.52855613763,987.5590708711063,16.335663332637296,137.882426760606,1499.771542734587,-26.178609655925268,-1.0,37.81787065988804,39.81787065988805,VALID_POLYGON,1134,0,1134,refine_5m
787.2721042074579,-596.2737967813583,787.2721042074579,-596.2737967813583,987.5929357742972,16.334737357641075,137.89114488308914,1499.771542734587,-26.178609655925268,-1.0,37.664497344479216,39.66449734447921,VALID_POLYGON,1134,0,1134,refine_5m
787.2721042074579,596.2737967813584,787.2721042074579,596.2737967813584,987.5929357742973,16.33473735764096,137.89114488308974,1499.771542734587,26.178609655925268,1.0,322.33550265552077,39.66449734447922,VALID_POLYGON,1134,0,1134,refine_5m
873.63567134162,493.0190374250867,873.63567134162,493.0190374250867,1003.1485719992239,1.159134262952989,137.90868665198929,1499.771542734587,26.178609655925268,1.0,324.2921693052125,37.707830694787496,VALID_POLYGON,200,0,200,refine_20m
873.63567134162,-493.0190374250866,873.63567134162,-493.0190374250866,1003.1485719992238,1.1591342629531027,137.9086866519895,1499.771542734587,-26.178609655925268,-1.0,35.70783069478749,37.707830694787496,VALID_POLYGON,200,0,200,refine_20m
719.5449699391339,687.7833154939019,719.5449699391339,687.7833154939019,995.3847762732225,8.16254669498835,137.9623395038016,1499.771542734587,26.178609655925268,1.0,320.70322707822095,41.29677292177904,VALID_POLYGON,200,0,200,refine_20m
719.5449699391339,-687.7833154939017,719.5449699391339,-687.7833154939017,995.3847762732224,8.162546694988578,137.96233950380244,1499.771542734587,-26.178609655925268,-1.0,39.29677292177903,41.29677292177903,VALID_POLYGON,200,0,200,refine_20m
827.2721042074579,-546.2737967813583,827.2721042074579,-546.2737967813583,991.3597709458236,12.759871000757698,137.96512452291245,1499.771542734587,-26.178609655925268,-1.0,36.717520004479994,38.71752000447999,VALID_POLYGON,1134,0,1134,refine_5m
827.2721042074579,546.2737967813584,827.2721042074579,546.2737967813584,991.3597709458237,12.759871000757585,137.96512452291245,1499.771542734587,26.178609655925268,1.0,323.28247999552,38.71752000448,VALID_POLYGON,1134,0,1134,refine_5m
795.908537073296,584.52855613763,795.908537073296,584.52855613763,987.4938138168242,16.479195206133113,138.00747305778802,1499.771542734587,26.178609655925268,1.0,322.5762600292493,39.42373997075072,VALID_POLYGON,1134,0,1134,refine_5m
795.908537073296,-584.52855613763,795.908537073296,-584.52855613763,987.4938138168242,16.479195206133113,138.00747305778845,1499.771542734587,-26.178609655925268,-1.0,37.4237399707507,39.42373997075072,VALID_POLYGON,1134,0,1134,refine_5m
815.908537073296,559.52855613763,815.908537073296,559.52855613763,989.3325760342408,14.736708032931347,138.04312899531763,1499.771542734587,26.178609655925268,1.0,323.04906129145064,38.95093870854936,VALID_POLYGON,1134,0,1134,refine_5m
815.908537073296,-559.52855613763,815.908537073296,-559.52855613763,989.3325760342408,14.736708032931347,138.04312899531868,1499.771542734587,-26.178609655925268,-1.0,36.95093870854936,38.95093870854936,VALID_POLYGON,1134,0,1134,refine_5m
802.2721042074579,-576.2737967813583,802.2721042074579,-576.2737967813583,987.7914851051635,16.213390745396737,138.0512602222432,1499.771542734587,-26.178609655925268,-1.0,37.26169898040936,39.26169898040938,VALID_POLYGON,1134,0,1134,refine_5m
802.2721042074579,576.2737967813584,802.2721042074579,576.2737967813584,987.7914851051636,16.213390745396623,138.05126022224363,1499.771542734587,26.178609655925268,1.0,322.7383010195906,39.26169898040938,VALID_POLYGON,1134,0,1134,refine_5m
760.908537073296,-629.52855613763,760.908537073296,-629.52855613763,987.5667090297002,16.224138232781684,138.06533874221023,1499.771542734587,-26.178609655925268,-1.0,38.23481580767549,40.23481580767549,VALID_POLYGON,1134,0,1134,refine_5m
760.908537073296,629.52855613763,760.908537073296,629.52855613763,987.5667090297002,16.224138232781684,138.06533874221086,1499.771542734587,26.178609655925268,1.0,321.7651841923245,40.23481580767549,VALID_POLYGON,1134,0,1134,refine_5m
775.908537073296,609.52855613763,775.908537073296,609.52855613763,986.690994511679,17.18130236194338,138.09649129464088,1499.771542734587,26.178609655925268,1.0,322.1351989461425,39.8648010538575,VALID_POLYGON,1134,0,1134,refine_5m
775.908537073296,-609.52855613763,775.908537073296,-609.52855613763,986.690994511679,17.18130236194338,138.0964912946417,1499.771542734587,-26.178609655925268,-1.0,37.86480105385749,39.8648010538575,VALID_POLYGON,1134,0,1134,refine_5m
782.2721042074579,601.2737967813584,782.2721042074579,601.2737967813584,986.6508114409243,17.254747729565565,138.09949460575015,1499.771542734587,26.178609655925268,1.0,322.2868827960656,39.71311720393439,VALID_POLYGON,1134,0,1134,refine_5m
782.2721042074579,-601.2737967813583,782.2721042074579,-601.2737967813583,986.6508114409241,17.254747729565565,138.099494605751,1499.771542734587,-26.178609655925268,-1.0,37.71311720393438,39.71311720393438,VALID_POLYGON,1134,0,1134,refine_5m
822.2721042074579,-551.2737967813583,822.2721042074579,-551.2737967813583,989.9667733694373,14.132892202372318,138.13371439577486,1499.771542734587,-26.178609655925268,-1.0,36.77743428911309,38.7774342891131,VALID_POLYGON,200,0,200,refine_20m
822.2721042074579,-551.2737967813583,822.2721042074579,-551.2737967813583,989.9667733694373,14.132892202372318,138.13371439577486,1499.771542734587,-26.178609655925268,-1.0,36.77743428911309,38.7774342891131,VALID_POLYGON,1134,0,1134,refine_5m
822.2721042074579,551.2737967813584,822.2721042074579,551.2737967813584,989.9667733694374,14.132892202372204,138.13371439577548,1499.771542734587,26.178609655925268,1.0,323.2225657108869,38.7774342891131,VALID_POLYGON,200,0,200,refine_20m
822.2721042074579,551.2737967813584,822.2721042074579,551.2737967813584,989.9667733694374,14.132892202372204,138.13371439577548,1499.771542734587,26.178609655925268,1.0,323.2225657108869,38.7774342891131,VALID_POLYGON,1134,0,1134,refine_5m
790.908537073296,-589.52855613763,790.908537073296,-589.52855613763,986.448291861839,17.50305921183724,138.2067491382359,1499.771542734587,-26.178609655925268,-1.0,37.47498395428903,39.47498395428903,VALID_POLYGON,200,0,200,refine_20m
790.908537073296,-589.52855613763,790.908537073296,-589.52855613763,986.448291861839,17.50305921183724,138.2067491382359,1499.771542734587,-26.178609655925268,-1.0,37.47498395428903,39.47498395428903,VALID_POLYGON,1134,0,1134,refine_5m
790.908537073296,589.52855613763,790.908537073296,589.52855613763,986.448291861839,17.50305921183724,138.20674913823652,1499.771542734587,26.178609655925268,1.0,322.52501604571097,39.47498395428903,VALID_POLYGON,200,0,200,refine_20m
790.908537073296,589.52855613763,790.908537073296,589.52855613763,986.448291861839,17.50305921183724,138.20674913823652,1499.771542734587,26.178609655925268,1.0,322.52501604571097,39.47498395428903,VALID_POLYGON,1134,0,1134,refine_5m
730.908537073296,669.52855613763,730.908537073296,669.52855613763,991.2092498813583,12.412204544037763,138.21009033854912,1499.771542734587,26.178609655925268,1.0,321.07892431288127,40.92107568711872,VALID_POLYGON,200,0,200,refine_20m
730.908537073296,-669.52855613763,730.908537073296,-669.52855613763,991.2092498813583,12.412204544037763,138.21009033855017,1499.771542734587,-26.178609655925268,-1.0,38.92107568711871,40.92107568711872,VALID_POLYGON,200,0,200,refine_20m
810.908537073296,564.52855613763,810.908537073296,564.52855613763,988.0613069001287,15.987388447938542,138.2226023514145,1499.771542734587,26.178609655925268,1.0,322.99219259797167,39.00780740202835,VALID_POLYGON,1134,0,1134,refine_5m
810.908537073296,-564.52855613763,810.908537073296,-564.52855613763,988.0613069001287,15.987388447938542,138.22260235141533,1499.771542734587,-26.178609655925268,-1.0,37.00780740202833,39.00780740202835,VALID_POLYGON,1134,0,1134,refine_5m
797.2721042074579,-581.2737967813583,797.2721042074579,-581.2737967813583,986.6722023914546,17.31135425329751,138.24406963233662,1499.771542734587,-26.178609655925268,-1.0,37.314792955792846,39.314792955792846,VALID_POLYGON,1134,0,1134,refine_5m
797.2721042074579,581.2737967813584,797.2721042074579,581.2737967813584,986.6722023914547,17.311354253297395,138.24406963233702,1499.771542734587,26.178609655925268,1.0,322.6852070442071,39.314792955792846,VALID_POLYGON,1134,0,1134,refine_5m
817.2721042074579,-556.2737967813583,817.2721042074579,-556.2737967813583,988.6223896418865,15.457041989493518,138.30564971996483,1499.771542734587,-26.178609655925268,-1.0,36.836375867898155,38.83637586789816,VALID_POLYGON,1134,0,1134,refine_5m
817.2721042074579,556.2737967813584,817.2721042074579,556.2737967813584,988.6223896418865,15.457041989493405,138.30564971996526,1499.771542734587,26.178609655925268,1.0,323.16362413210186,38.83637586789816,VALID_POLYGON,1134,0,1134,refine_5m
777.2721042074579,606.2737967813584,777.2721042074579,606.2737967813584,985.7585103070494,18.124695905382055,138.31022024274708,1499.771542734587,26.178609655925268,1.0,322.23900056015793,39.76099943984206,VALID_POLYGON,1134,0,1134,refine_5m
777.2721042074579,-606.2737967813583,777.2721042074579,-606.2737967813583,985.7585103070494,18.124695905382055,138.3102202427475,1499.771542734587,-26.178609655925268,-1.0,37.76099943984203,39.760999439842045,VALID_POLYGON,1134,0,1134,refine_5m
770.908537073296,614.52855613763,770.908537073296,614.52855613763,985.8728715413005,17.976753013102666,138.3128027421602,1499.771542734587,26.178609655925268,1.0,322.08897304489045,39.91102695510956,VALID_POLYGON,1134,0,1134,refine_5m
770.908537073296,-614.52855613763,770.908537073296,-614.52855613763,985.8728715413005,17.976753013102666,138.3128027421606,1499.771542734587,-26.178609655925268,-1.0,37.911026955109556,39.91102695510956,VALID_POLYGON,1134,0,1134,refine_5m
853.63567134162,-513.0190374250866,853.63567134162,-513.0190374250866,995.9329255263231,8.30353951927873,138.39834359714737,1499.771542734587,-26.178609655925268,-1.0,35.996726547965906,37.99672654796589,VALID_POLYGON,200,0,200,refine_20m
853.63567134162,513.0190374250867,853.63567134162,513.0190374250867,995.9329255263232,8.303539519278615,138.3983435971476,1499.771542734587,26.178609655925268,1.0,324.0032734520341,37.99672654796592,VALID_POLYGON,200,0,200,refine_20m
805.908537073296,-569.52855613763,805.908537073296,-569.52855613763,986.8390681280478,17.188784715380166,138.405140224668,1499.771542734587,-26.178609655925268,-1.0,37.06377030768734,39.063770307687356,VALID_POLYGON,1134,0,1134,refine_5m
805.908537073296,569.52855613763,805.908537073296,569.52855613763,986.8390681280478,17.188784715380166,138.40514022466843,1499.771542734587,26.178609655925268,1.0,322.9362296923127,39.063770307687356,VALID_POLYGON,1134,0,1134,refine_5m
785.908537073296,594.52855613763,785.908537073296,594.52855613763,985.4524000213218,18.477048738124722,138.4086087121842,1499.771542734587,26.178609655925268,1.0,322.47456112485247,39.525438875147536,VALID_POLYGON,1134,0,1134,refine_5m
785.908537073296,-594.52855613763,785.908537073296,-594.52855613763,985.4524000213218,18.477048738124722,138.40860871218482,1499.771542734587,-26.178609655925268,-1.0,37.52543887514753,39.525438875147536,VALID_POLYGON,1134,0,1134,refine_5m
792.2721042074579,-586.2737967813583,792.2721042074579,-586.2737967813583,985.6023802212242,18.359609423946495,138.43961529708534,1499.771542734587,-26.178609655925268,-1.0,37.367060483980666,39.367060483980666,VALID_POLYGON,1134,0,1134,refine_5m
792.2721042074579,586.2737967813584,792.2721042074579,586.2737967813584,985.6023802212242,18.35960942394638,138.4396152970862,1499.771542734587,26.178609655925268,1.0,322.63293951601935,39.36706048398069,VALID_POLYGON,1134,0,1134,refine_5m
812.2721042074579,-561.2737967813583,812.2721042074579,-561.2737967813583,987.3268183468799,16.732122919244034,138.48083811168777,1499.771542734587,-26.178609655925268,-1.0,36.89436811608413,38.89436811608414,VALID_POLYGON,1134,0,1134,refine_5m
812.2721042074579,561.2737967813584,812.2721042074579,561.2737967813584,987.32681834688,16.73212291924392,138.4808381116884,1499.771542734587,26.178609655925268,1.0,323.10563188391586,38.89436811608414,VALID_POLYGON,1134,0,1134,refine_5m
772.2721042074579,-611.2737967813583,772.2721042074579,-611.2737967813583,984.9161677871432,18.94444870755808,138.5232629410858,1499.771542734587,-26.178609655925268,-1.0,37.80816064643787,39.80816064643787,VALID_POLYGON,1134,0,1134,refine_5m
772.2721042074579,611.2737967813584,772.2721042074579,611.2737967813584,984.9161677871433,18.94444870755808,138.52326294108641,1499.771542734587,26.178609655925268,1.0,322.1918393535621,39.80816064643787,VALID_POLYGON,1134,0,1134,refine_5m
765.908537073296,619.52855613763,765.908537073296,619.52855613763,985.1048264178452,18.721893233925357,138.5313064157605,1499.771542734587,26.178609655925268,1.0,322.0434359502065,39.956564049793464,VALID_POLYGON,1134,0,1134,refine_5m
765.908537073296,-619.52855613763,765.908537073296,-619.52855613763,985.1048264178452,18.721893233925357,138.53130641576132,1499.771542734587,-26.178609655925268,-1.0,37.95656404979347,39.956564049793464,VALID_POLYGON,1134,0,1134,refine_5m
759.5449699391339,-627.7833154939017,759.5449699391339,-627.7833154939017,985.4037003037666,18.388710847054085,138.55161476633748,1499.771542734587,-26.178609655925268,-1.0,38.10181275351726,40.10181275351727,VALID_POLYGON,200,0,200,refine_20m
759.5449699391339,627.7833154939019,759.5449699391339,627.7833154939019,985.4037003037668,18.38871084705397,138.5516147663381,1499.771542734587,26.178609655925268,1.0,321.89818724648273,40.10181275351728,VALID_POLYGON,200,0,200,refine_20m
800.908537073296,574.52855613763,800.908537073296,574.52855613763,985.6660421128837,18.340715887149372,138.59066040194674,1499.771542734587,26.178609655925268,1.0,322.88115120904666,39.11884879095333,VALID_POLYGON,1134,0,1134,refine_5m
800.908537073296,-574.52855613763,800.908537073296,-574.52855613763,985.6660421128837,18.340715887149372,138.59066040194713,1499.771542734587,-26.178609655925268,-1.0,37.11884879095333,39.11884879095333,VALID_POLYGON,1134,0,1134,refine_5m
780.908537073296,-599.52855613763,780.908537073296,-599.52855613763,984.5062889075044,19.401015170041774,138.61298612901123,1499.771542734587,-26.178609655925268,-1.0,37.57512274276618,39.57512274276618,VALID_POLYGON,1134,0,1134,refine_5m
780.908537073296,599.52855613763,780.908537073296,599.52855613763,984.5062889075044,19.401015170041774,138.61298612901143,1499.771542734587,26.178609655925268,1.0,322.4248772572338,39.57512274276618,VALID_POLYGON,1134,0,1134,refine_5m
787.2721042074579,591.2737967813584,787.2721042074579,591.2737967813584,984.5821798222237,19.357996850468567,138.6378264279559,1499.771542734587,26.178609655925268,1.0,322.5814793726487,39.41852062735129,VALID_POLYGON,1134,0,1134,refine_5m
787.2721042074579,-591.2737967813583,787.2721042074579,-591.2737967813583,984.5821798222237,19.357996850468567,138.63782642795672,1499.771542734587,-26.178609655925268,-1.0,37.41852062735128,39.41852062735127,VALID_POLYGON,1134,0,1134,refine_5m
807.2721042074579,566.2737967813584,807.2721042074579,566.2737967813584,986.0802518825291,17.957943858963063,138.6591906797703,1499.771542734587,26.178609655925268,1.0,323.0485663302571,38.95143366974291,VALID_POLYGON,1134,0,1134,refine_5m
807.2721042074579,-566.2737967813583,807.2721042074579,-566.2737967813583,986.0802518825291,17.957943858963176,138.65919067977094,1499.771542734587,-26.178609655925268,-1.0,36.9514336697429,38.95143366974289,VALID_POLYGON,1134,0,1134,refine_5m
760.908537073296,624.52855613763,760.908537073296,624.52855613763,984.3869763575584,19.416608332501482,138.7519494731531,1499.771542734587,26.178609655925268,1.0,321.9985724364767,40.0014275635233,VALID_POLYGON,1134,0,1134,refine_5m
760.908537073296,-624.52855613763,760.908537073296,-624.52855613763,984.3869763575584,19.416608332501482,138.75194947315373,1499.771542734587,-26.178609655925268,-1.0,38.001427563523286,40.0014275635233,VALID_POLYGON,1134,0,1134,refine_5m
795.908537073296,579.52855613763,795.908537073296,579.52855613763,984.5424047572152,19.44300763256126,138.77908369721882,1499.771542734587,26.178609655925268,1.0,322.8269364462171,39.17306355378294,VALID_POLYGON,1134,0,1134,refine_5m
795.908537073296,-579.52855613763,795.908537073296,-579.52855613763,984.5424047572152,19.44300763256126,138.77908369721965,1499.771542734587,-26.178609655925268,-1.0,37.173063553782924,39.17306355378294,VALID_POLYGON,1134,0,1134,refine_5m
775.908537073296,604.52855613763,775.908537073296,604.52855613763,983.610102169081,20.274816979134926,138.8198180398999,1499.771542734587,26.178609655925268,1.0,322.3759469750416,39.62405302495842,VALID_POLYGON,1134,0,1134,refine_5m
775.908537073296,-604.52855613763,775.908537073296,-604.52855613763,983.610102169081,20.274816979134926,138.81981803990013,1499.771542734587,-26.178609655925268,-1.0,37.624053024958435,39.62405302495842,VALID_POLYGON,1134,0,1134,refine_5m
827.2721042074579,541.2737967813584,827.2721042074579,541.2737967813584,988.613401427445,15.518176034567205,138.82095532793605,1499.771542734587,26.178609655925268,1.0,323.5499998478296,38.45000015217041,VALID_POLYGON,1134,0,1134,refine_5m
827.2721042074579,-541.2737967813583,827.2721042074579,-541.2737967813583,988.6134014274448,15.518176034567318,138.8209553279369,1499.771542734587,-26.178609655925268,-1.0,36.4500001521704,38.4500001521704,VALID_POLYGON,1134,0,1134,refine_5m
782.2721042074579,596.2737967813584,782.2721042074579,596.2737967813584,983.6117555973092,20.306364075001056,138.83863475855114,1499.771542734587,26.178609655925268,1.0,322.5308081309091,39.46919186909085,VALID_POLYGON,1134,0,1134,refine_5m
782.2721042074579,-596.2737967813583,782.2721042074579,-596.2737967813583,983.6117555973091,20.30636407500117,138.8386347585518,1499.771542734587,-26.178609655925268,-1.0,37.46919186909085,39.46919186909085,VALID_POLYGON,1134,0,1134,refine_5m
802.2721042074579,-571.2737967813583,802.2721042074579,-571.2737967813583,984.8828763251247,19.13432012301803,138.84062186073842,1499.771542734587,-26.178609655925268,-1.0,37.00759445460698,39.00759445460699,VALID_POLYGON,200,0,200,refine_20m
802.2721042074579,-571.2737967813583,802.2721042074579,-571.2737967813583,984.8828763251247,19.13432012301803,138.84062186073842,1499.771542734587,-26.178609655925268,-1.0,37.00759445460698,39.00759445460699,VALID_POLYGON,1134,0,1134,refine_5m
802.2721042074579,571.2737967813584,802.2721042074579,571.2737967813584,984.8828763251248,19.134320123017915,138.84062186073928,1499.771542734587,26.178609655925268,1.0,322.992405545393,39.007594454607,VALID_POLYGON,200,0,200,refine_20m
802.2721042074579,571.2737967813584,802.2721042074579,571.2737967813584,984.8828763251248,19.134320123017915,138.84062186073928,1499.771542734587,26.178609655925268,1.0,322.992405545393,39.007594454607,VALID_POLYGON,1134,0,1134,refine_5m
790.908537073296,584.52855613763,790.908537073296,584.52855613763,983.4683253444229,20.4954923654509,138.97033381214226,1499.771542734587,26.178609655925268,1.0,322.7735653399067,39.226434660093275,VALID_POLYGON,1134,0,1134,refine_5m
790.908537073296,-584.52855613763,790.908537073296,-584.52855613763,983.4683253444229,20.4954923654509,138.9703338121431,1499.771542734587,-26.178609655925268,-1.0,37.22643466009326,39.226434660093275,VALID_POLYGON,1134,0,1134,refine_5m
822.2721042074579,-546.2737967813583,822.2721042074579,-546.2737967813583,987.1912045838341,16.920479488498472,138.97974655819192,1499.771542734587,-26.178609655925268,-1.0,36.512324891685694,38.5123248916857,VALID_POLYGON,1134,0,1134,refine_5m
822.2721042074579,546.2737967813584,822.2721042074579,546.2737967813584,987.1912045838341,16.92047948849836,138.97974655819235,1499.771542734587,26.178609655925268,1.0,323.4876751083143,38.51232489168571,VALID_POLYGON,1134,0,1134,refine_5m
699.5449699391339,707.7833154939019,699.5449699391339,707.7833154939019,995.1484244366185,8.297157601592517,139.01344152469815,1499.771542734587,26.178609655925268,1.0,320.57681673126314,41.42318326873688,VALID_POLYGON,200,0,200,refine_20m
699.5449699391339,-707.7833154939017,699.5449699391339,-707.7833154939017,995.1484244366183,8.297157601592744,139.01344152469878,1499.771542734587,-26.178609655925268,-1.0,39.423183268736864,41.42318326873688,VALID_POLYGON,200,0,200,refine_20m
797.2721042074579,-576.2737967813583,797.2721042074579,-576.2737967813583,983.7348712962197,20.26107360616072,139.02504926315123,1499.771542734587,-26.178609655925268,-1.0,37.06287171357467,39.062871713574665,VALID_POLYGON,1134,0,1134,refine_5m
797.2721042074579,576.2737967813584,797.2721042074579,576.2737967813584,983.7348712962198,20.26107360616072,139.02504926315225,1499.771542734587,26.178609655925268,1.0,322.9371282864253,39.06287171357469,VALID_POLYGON,1134,0,1134,refine_5m
770.908537073296,609.52855613763,770.908537073296,609.52855613763,982.7639763848252,21.098319829314732,139.029043296618,1499.771542734587,26.178609655925268,1.0,322.3277533319648,39.672246668035235,VALID_POLYGON,200,0,200,refine_20m
770.908537073296,609.52855613763,770.908537073296,609.52855613763,982.7639763848252,21.098319829314732,139.029043296618,1499.771542734587,26.178609655925268,1.0,322.3277533319648,39.672246668035235,VALID_POLYGON,1134,0,1134,refine_5m
770.908537073296,-609.52855613763,770.908537073296,-609.52855613763,982.7639763848252,21.098319829314732,139.0290432966182,1499.771542734587,-26.178609655925268,-1.0,37.67224666803522,39.672246668035235,VALID_POLYGON,200,0,200,refine_20m
770.908537073296,-609.52855613763,770.908537073296,-609.52855613763,982.7639763848252,21.098319829314732,139.0290432966182,1499.771542734587,-26.178609655925268,-1.0,37.67224666803522,39.672246668035235,VALID_POLYGON,1134,0,1134,refine_5m
810.908537073296,559.52855613763,810.908537073296,559.52855613763,985.2131041717898,18.84778881571583,139.03943770492103,1499.771542734587,26.178609655925268,1.0,323.2512886116954,38.74871138830462,VALID_POLYGON,1134,0,1134,refine_5m
810.908537073296,-559.52855613763,810.908537073296,-559.52855613763,985.2131041717898,18.84778881571583,139.03943770492165,1499.771542734587,-26.178609655925268,-1.0,36.748711388304606,38.74871138830462,VALID_POLYGON,1134,0,1134,refine_5m
777.2721042074579,-601.2737967813583,777.2721042074579,-601.2737967813583,982.6912550109314,21.204565701922093,139.0419744320066,1499.771542734587,-26.178609655925268,-1.0,37.519092134928044,39.51909213492805,VALID_POLYGON,1134,0,1134,refine_5m
777.2721042074579,601.2737967813584,777.2721042074579,601.2737967813584,982.6912550109315,21.20456570192198,139.0419744320066,1499.771542734587,26.178609655925268,1.0,322.48090786507197,39.51909213492805,VALID_POLYGON,1134,0,1134,refine_5m
817.2721042074579,551.2737967813584,817.2721042074579,551.2737967813584,985.8176765170223,18.273854081525087,139.14210906375277,1499.771542734587,26.178609655925268,1.0,323.4263651951785,38.57363480482152,VALID_POLYGON,1134,0,1134,refine_5m
817.2721042074579,-551.2737967813583,817.2721042074579,-551.2737967813583,985.8176765170223,18.2738540815252,139.14210906375297,1499.771542734587,-26.178609655925268,-1.0,36.573634804821516,38.57363480482152,VALID_POLYGON,1134,0,1134,refine_5m
785.908537073296,589.52855613763,785.908537073296,589.52855613763,982.4439664155951,21.498009367316968,139.16433720430308,1499.771542734587,26.178609655925268,1.0,322.7210184399624,39.278981560037586,VALID_POLYGON,1134,0,1134,refine_5m
785.908537073296,-589.52855613763,785.908537073296,-589.52855613763,982.4439664155951,21.498009367316968,139.1643372043037,1499.771542734587,-26.178609655925268,-1.0,37.2789815600376,39.278981560037586,VALID_POLYGON,1134,0,1134,refine_5m
792.2721042074579,581.2737967813584,792.2721042074579,581.2737967813584,982.6364098332247,21.338032913217035,139.2123935206067,1499.771542734587,26.178609655925268,1.0,322.8827139670464,39.11728603295358,VALID_POLYGON,1134,0,1134,refine_5m
792.2721042074579,-581.2737967813583,792.2721042074579,-581.2737967813583,982.6364098332245,21.338032913217035,139.21239352060755,1499.771542734587,-26.178609655925268,-1.0,37.117286032953565,39.11728603295358,VALID_POLYGON,1134,0,1134,refine_5m
805.908537073296,564.52855613763,805.908537073296,564.52855613763,983.9619204128061,20.078203779743944,139.21303380493626,1499.771542734587,26.178609655925268,1.0,323.19305978427684,38.80694021572315,VALID_POLYGON,1134,0,1134,refine_5m
805.908537073296,-564.52855613763,805.908537073296,-564.52855613763,983.9619204128061,20.078203779743944,139.21303380493688,1499.771542734587,-26.178609655925268,-1.0,36.80694021572314,38.80694021572315,VALID_POLYGON,1134,0,1134,refine_5m
710.908537073296,-689.52855613763,710.908537073296,-689.52855613763,990.37395856966,13.147470735135812,139.22213376502845,1499.771542734587,-26.178609655925268,-1.0,39.06026852608754,41.06026852608754,VALID_POLYGON,200,0,200,refine_20m
710.908537073296,689.52855613763,710.908537073296,689.52855613763,990.37395856966,13.147470735135812,139.2221337650297,1499.771542734587,26.178609655925268,1.0,320.93973147391245,41.06026852608754,VALID_POLYGON,200,0,200,refine_20m
765.908537073296,-614.52855613763,765.908537073296,-614.52855613763,981.9680409618006,21.871396677965663,139.24060285559017,1499.771542734587,-26.178609655925268,-1.0,37.719720116042176,39.719720116042176,VALID_POLYGON,1134,0,1134,refine_5m
765.908537073296,614.52855613763,765.908537073296,614.52855613763,981.9680409618006,21.871396677965663,139.24060285559077,1499.771542734587,26.178609655925268,1.0,322.2802798839578,39.719720116042176,VALID_POLYGON,1134,0,1134,refine_5m
772.2721042074579,606.2737967813584,772.2721042074579,606.2737967813584,981.8208184799804,22.0524635065633,139.24778189437922,1499.771542734587,26.178609655925268,1.0,322.4317611860982,39.56823881390181,VALID_POLYGON,1134,0,1134,refine_5m
772.2721042074579,-606.2737967813583,772.2721042074579,-606.2737967813583,981.8208184799803,22.0524635065633,139.24778189438027,1499.771542734587,-26.178609655925268,-1.0,37.56823881390179,39.56823881390181,VALID_POLYGON,1134,0,1134,refine_5m
812.2721042074579,-556.2737967813583,812.2721042074579,-556.2737967813583,984.4930209296352,19.578097189398136,139.3079428827423,1499.771542734587,-26.178609655925268,-1.0,36.6339543408195,38.63395434081951,VALID_POLYGON,1134,0,1134,refine_5m
812.2721042074579,556.2737967813584,812.2721042074579,556.2737967813584,984.4930209296353,19.578097189398022,139.3079428827423,1499.771542734587,26.178609655925268,1.0,323.3660456591805,38.63395434081951,VALID_POLYGON,1134,0,1134,refine_5m
780.908537073296,-594.52855613763,780.908537073296,-594.52855613763,981.4694836504344,22.45040490630538,139.36102296260924,1499.771542734587,-26.178609655925268,-1.0,37.33072311318633,39.330723113186345,VALID_POLYGON,1134,0,1134,refine_5m
780.908537073296,594.52855613763,780.908537073296,594.52855613763,981.4694836504344,22.45040490630538,139.36102296260987,1499.771542734587,26.178609655925268,1.0,322.6692768868137,39.330723113186345,VALID_POLYGON,1134,0,1134,refine_5m
800.908537073296,569.52855613763,800.908537073296,569.52855613763,982.7600220873358,21.259078252443715,139.38981011251,1499.771542734587,26.178609655925268,1.0,323.1357538758166,38.86424612418338,VALID_POLYGON,1134,0,1134,refine_5m
800.908537073296,-569.52855613763,800.908537073296,-569.52855613763,982.7600220873358,21.259078252443715,139.38981011251062,1499.771542734587,-26.178609655925268,-1.0,36.86424612418339,38.86424612418338,VALID_POLYGON,1134,0,1134,refine_5m
787.2721042074579,-586.2737967813583,787.2721042074579,-586.2737967813583,981.5876582637273,22.365033484895207,139.40257815284292,1499.771542734587,-26.178609655925268,-1.0,37.17085736750908,39.170857367509086,VALID_POLYGON,1134,0,1134,refine_5m
787.2721042074579,586.2737967813584,787.2721042074579,586.2737967813584,981.5876582637273,22.365033484895093,139.40257815284332,1499.771542734587,26.178609655925268,1.0,322.8291426324909,39.1708573675091,VALID_POLYGON,1134,0,1134,refine_5m
760.908537073296,619.52855613763,760.908537073296,619.52855613763,981.2224180383365,22.593927872127097,139.45443968696003,1499.771542734587,26.178609655925268,1.0,322.2335106708449,39.76648932915508,VALID_POLYGON,1134,0,1134,refine_5m
760.908537073296,-619.52855613763,760.908537073296,-619.52855613763,981.2224180383365,22.593927872127097,139.45443968696108,1499.771542734587,-26.178609655925268,-1.0,37.76648932915508,39.76648932915508,VALID_POLYGON,1134,0,1134,refine_5m
739.5449699391339,-647.7833154939017,739.5449699391339,-647.7833154939017,983.1327409839153,20.564592821447036,139.4662454508303,1499.771542734587,-26.178609655925268,-1.0,38.271395817670175,40.27139581767019,VALID_POLYGON,200,0,200,refine_20m
739.5449699391339,647.7833154939019,739.5449699391339,647.7833154939019,983.1327409839155,20.564592821446922,139.46624545083114,1499.771542734587,26.178609655925268,1.0,321.72860418232983,40.271395817670204,VALID_POLYGON,200,0,200,refine_20m
807.2721042074579,-561.2737967813583,807.2721042074579,-561.2737967813583,983.2174353544074,20.83301248378484,139.4771518748555,1499.771542734587,-26.178609655925268,-1.0,36.69330717414888,38.69330717414889,VALID_POLYGON,1134,0,1134,refine_5m
807.2721042074579,561.2737967813584,807.2721042074579,561.2737967813584,983.2174353544075,20.833012483784728,139.4771518748561,1499.771542734587,26.178609655925268,1.0,323.3066928258511,38.693307174148906,VALID_POLYGON,1134,0,1134,refine_5m
775.908537073296,-599.52855613763,775.908537073296,-599.52855613763,980.5450257523586,23.352532351837112,139.56032268938975,1499.771542734587,-26.178609655925268,-1.0,37.3816776106703,39.381677610670295,VALID_POLYGON,1134,0,1134,refine_5m
775.908537073296,599.52855613763,775.908537073296,599.52855613763,980.5450257523586,23.352532351837112,139.56032268939038,1499.771542734587,26.178609655925268,1.0,322.6183223893297,39.381677610670295,VALID_POLYGON,1134,0,1134,refine_5m
795.908537073296,574.52855613763,795.908537073296,574.52855613763,981.6075902333599,22.39023271093538,139.5696810477983,1499.771542734587,26.178609655925268,1.0,323.0793492286049,38.920650771395096,VALID_POLYGON,1134,0,1134,refine_5m
795.908537073296,-574.52855613763,795.908537073296,-574.52855613763,981.6075902333599,22.39023271093538,139.56968104779895,1499.771542734587,-26.178609655925268,-1.0,36.92065077139509,38.920650771395096,VALID_POLYGON,1134,0,1134,refine_5m
782.2721042074579,591.2737967813584,782.2721042074579,591.2737967813584,980.58877608374,23.341917719507705,139.59552943442702,1499.771542734587,26.178609655925268,1.0,322.7763949356193,39.223605064380685,VALID_POLYGON,200,0,200,refine_20m
782.2721042074579,591.2737967813584,782.2721042074579,591.2737967813584,980.58877608374,23.341917719507705,139.59552943442702,1499.771542734587,26.178609655925268,1.0,322.7763949356193,39.223605064380685,VALID_POLYGON,1134,0,1134,refine_5m
782.2721042074579,-591.2737967813583,782.2721042074579,-591.2737967813583,980.5887760837398,23.341917719507705,139.59552943442745,1499.771542734587,-26.178609655925268,-1.0,37.223605064380685,39.223605064380685,VALID_POLYGON,200,0,200,refine_20m
782.2721042074579,-591.2737967813583,782.2721042074579,-591.2737967813583,980.5887760837398,23.341917719507705,139.59552943442745,1499.771542734587,-26.178609655925268,-1.0,37.223605064380685,39.223605064380685,VALID_POLYGON,1134,0,1134,refine_5m
850.908537073296,-509.52855613762995,850.908537073296,-509.52855613762995,991.7987134413488,12.441989763320521,139.6430825955697,1499.771542734587,-26.178609655925268,-1.0,35.68310139090225,37.683101390902245,VALID_POLYGON,200,0,200,refine_20m
850.908537073296,509.52855613762995,850.908537073296,509.52855613762995,991.7987134413488,12.441989763320521,139.64308259557032,1499.771542734587,26.178609655925268,1.0,324.31689860909773,37.683101390902245,VALID_POLYGON,200,0,200,refine_20m
802.2721042074579,-566.2737967813583,802.2721042074579,-566.2737967813583,981.9911110140648,22.03841007307517,139.64964353906305,1499.771542734587,-26.178609655925268,-1.0,36.751716234783764,38.75171623478377,VALID_POLYGON,1134,0,1134,refine_5m
802.2721042074579,566.2737967813584,802.2721042074579,566.2737967813584,981.9911110140648,22.03841007307517,139.64964353906348,1499.771542734587,26.178609655925268,1.0,323.24828376521623,38.75171623478378,VALID_POLYGON,1134,0,1134,refine_5m
790.908537073296,-579.52855613763,790.908537073296,-579.52855613763,980.5047992714708,23.471494376788655,139.75256418628246,1499.771542734587,-26.178609655925268,-1.0,36.97617514614446,38.97617514614448,VALID_POLYGON,1134,0,1134,refine_5m
790.908537073296,579.52855613763,790.908537073296,579.52855613763,980.5047992714708,23.471494376788655,139.7525641862831,1499.771542734587,26.178609655925268,1.0,323.02382485385556,38.97617514614448,VALID_POLYGON,1134,0,1134,refine_5m
770.908537073296,-604.52855613763,770.908537073296,-604.52855613763,979.6707343379902,24.204252284684117,139.76217038878863,1499.771542734587,-26.178609655925268,-1.0,37.431862796339786,39.4318627963398,VALID_POLYGON,1134,0,1134,refine_5m
770.908537073296,604.52855613763,770.908537073296,604.52855613763,979.6707343379902,24.204252284684117,139.76217038878903,1499.771542734587,26.178609655925268,1.0,322.5681372036602,39.4318627963398,VALID_POLYGON,1134,0,1134,refine_5m
777.2721042074579,596.2737967813584,777.2721042074579,596.2737967813584,979.6399158400734,24.268535090403248,139.7911762705697,1499.771542734587,26.178609655925268,1.0,322.7244521140752,39.27554788592483,VALID_POLYGON,1134,0,1134,refine_5m
777.2721042074579,-596.2737967813583,777.2721042074579,-596.2737967813583,979.6399158400733,24.26853509040336,139.79117627057033,1499.771542734587,-26.178609655925268,-1.0,37.27554788592482,39.275547885924816,VALID_POLYGON,1134,0,1134,refine_5m
797.2721042074579,571.2737967813584,797.2721042074579,571.2737967813584,980.814232684445,23.194106639800452,139.8253288416544,1499.771542734587,26.178609655925268,1.0,323.1907962629204,38.80920373707958,VALID_POLYGON,1134,0,1134,refine_5m
797.2721042074579,-571.2737967813583,797.2721042074579,-571.2737967813583,980.8142326844448,23.194106639800566,139.82532884165505,1499.771542734587,-26.178609655925268,-1.0,36.80920373707957,38.80920373707957,VALID_POLYGON,1134,0,1134,refine_5m
822.2721042074579,541.2737967813584,822.2721042074579,541.2737967813584,984.4332056771896,19.69049119118074,139.8476772087831,1499.771542734587,26.178609655925268,1.0,323.75468131920405,38.245318680795954,VALID_POLYGON,1134,0,1134,refine_5m
822.2721042074579,-541.2737967813583,822.2721042074579,-541.2737967813583,984.4332056771896,19.69049119118074,139.84767720878372,1499.771542734587,-26.178609655925268,-1.0,36.245318680795954,38.245318680795954,VALID_POLYGON,1134,0,1134,refine_5m
750.908537073296,629.52855613763,750.908537073296,629.52855613763,979.8825613522707,23.886912174679082,139.88872660296155,1499.771542734587,26.178609655925268,1.0,322.1420234231298,39.85797657687023,VALID_POLYGON,200,0,200,refine_20m
750.908537073296,-629.52855613763,750.908537073296,-629.52855613763,979.8825613522707,23.886912174679082,139.88872660296238,1499.771542734587,-26.178609655925268,-1.0,37.85797657687022,39.85797657687023,VALID_POLYGON,200,0,200,refine_20m
785.908537073296,-584.52855613763,785.908537073296,-584.52855613763,979.4518168777016,24.50269734333699,139.93838011335697,1499.771542734587,-26.178609655925268,-1.0,37.03083959378928,39.03083959378928,VALID_POLYGON,1134,0,1134,refine_5m
785.908537073296,584.52855613763,785.908537073296,584.52855613763,979.4518168777016,24.50269734333699,139.93838011335782,1499.771542734587,26.178609655925268,1.0,322.96916040621073,39.03083959378928,VALID_POLYGON,1134,0,1134,refine_5m
765.908537073296,609.52855613763,765.908537073296,609.52855613763,978.8467438312191,25.00543260230654,139.9665023610577,1499.771542734587,26.178609655925268,1.0,322.51870411301024,39.481295886989756,VALID_POLYGON,1134,0,1134,refine_5m
765.908537073296,-609.52855613763,765.908537073296,-609.52855613763,978.8467438312191,25.00543260230654,139.96650236105813,1499.771542734587,-26.178609655925268,-1.0,37.48129588698975,39.481295886989756,VALID_POLYGON,1134,0,1134,refine_5m
772.2721042074579,601.2737967813584,772.2721042074579,601.2737967813584,978.7412230170369,25.144742258910355,139.9894500795863,1499.771542734587,26.178609655925268,1.0,322.6732959684601,39.32670403153989,VALID_POLYGON,1134,0,1134,refine_5m
772.2721042074579,-601.2737967813583,772.2721042074579,-601.2737967813583,978.7412230170368,25.14474225891047,139.98945007958696,1499.771542734587,-26.178609655925268,-1.0,37.32670403153989,39.32670403153989,VALID_POLYGON,1134,0,1134,refine_5m
817.2721042074579,546.2737967813584,817.2721042074579,546.2737967813584,983.0303929002433,21.07323308032528,140.0000408272634,1499.771542734587,26.178609655925268,1.0,323.6909733740517,38.30902662594829,VALID_POLYGON,1134,0,1134,refine_5m
817.2721042074579,-546.2737967813583,817.2721042074579,-546.2737967813583,983.0303929002433,21.07323308032528,140.00004082726426,1499.771542734587,-26.178609655925268,-1.0,36.30902662594829,38.30902662594829,VALID_POLYGON,1134,0,1134,refine_5m
792.2721042074579,576.2737967813584,792.2721042074579,576.2737967813584,979.6869785610685,24.299925574443705,140.0041220539407,1499.771542734587,26.178609655925268,1.0,323.1342087926767,38.86579120732331,VALID_POLYGON,1134,0,1134,refine_5m
792.2721042074579,-576.2737967813583,792.2721042074579,-576.2737967813583,979.6869785610684,24.299925574443705,140.00412205394153,1499.771542734587,-26.178609655925268,-1.0,36.865791207323305,38.86579120732331,VALID_POLYGON,1134,0,1134,refine_5m
805.908537073296,559.52855613763,805.908537073296,559.52855613763,981.1018169696156,22.950580305256494,140.04124058638703,1499.771542734587,26.178609655925268,1.0,323.4516888240757,38.548311175924326,VALID_POLYGON,1134,0,1134,refine_5m
805.908537073296,-559.52855613763,805.908537073296,-559.52855613763,981.1018169696156,22.950580305256494,140.04124058638723,1499.771542734587,-26.178609655925268,-1.0,36.54831117592431,38.548311175924326,VALID_POLYGON,1134,0,1134,refine_5m
679.5449699391339,727.7833154939019,679.5449699391339,727.7833154939019,995.7157829827117,7.625311959444389,140.08400065950124,1499.771542734587,26.178609655925268,1.0,320.4570103278546,41.542989672145424,VALID_POLYGON,200,0,200,refine_20m
679.5449699391339,-727.7833154939017,679.5449699391339,-727.7833154939017,995.7157829827116,7.625311959444616,140.08400065950187,1499.771542734587,-26.178609655925268,-1.0,39.542989672145396,41.54298967214541,VALID_POLYGON,200,0,200,refine_20m
780.908537073296,589.52855613763,780.908537073296,589.52855613763,978.4488038603113,25.483682698874304,140.1270522869053,1499.771542734587,26.178609655925268,1.0,322.9153361593973,39.0846638406027,VALID_POLYGON,1134,0,1134,refine_5m
780.908537073296,-589.52855613763,780.908537073296,-589.52855613763,978.4488038603113,25.483682698874304,140.12705228690592,1499.771542734587,-26.178609655925268,-1.0,37.084663840602694,39.0846638406027,VALID_POLYGON,1134,0,1134,refine_5m
830.908537073296,529.52855613763,830.908537073296,529.52855613763,985.2966501244628,18.868467347256342,140.15603736074954,1499.771542734587,26.178609655925268,1.0,324.0368690970454,37.9631309029546,VALID_POLYGON,200,0,200,refine_20m
830.908537073296,-529.52855613763,830.908537073296,-529.52855613763,985.2966501244628,18.868467347256342,140.1560373607502,1499.771542734587,-26.178609655925268,-1.0,35.963130902954596,37.9631309029546,VALID_POLYGON,200,0,200,refine_20m
812.2721042074579,-551.2737967813583,812.2721042074579,-551.2737967813583,981.6765100028348,22.40678351237227,140.15610706608683,1499.771542734587,-26.178609655925268,-1.0,36.371702468598436,38.371702468598436,VALID_POLYGON,1134,0,1134,refine_5m
812.2721042074579,551.2737967813584,812.2721042074579,551.2737967813584,981.6765100028348,22.406783512372158,140.15610706608766,1499.771542734587,26.178609655925268,1.0,323.6282975314016,38.37170246859846,VALID_POLYGON,1134,0,1134,refine_5m
760.908537073296,614.52855613763,760.908537073296,614.52855613763,978.0731813620204,25.75594861926993,140.17325710239518,1499.771542734587,26.178609655925268,1.0,322.4700064083013,39.529993591698755,VALID_POLYGON,1134,0,1134,refine_5m
760.908537073296,-614.52855613763,760.908537073296,-614.52855613763,978.0731813620204,25.75594861926993,140.17325710239538,1499.771542734587,-26.178609655925268,-1.0,37.52999359169874,39.529993591698755,VALID_POLYGON,1134,0,1134,refine_5m
787.2721042074579,581.2737967813584,787.2721042074579,581.2737967813584,978.6095201293796,25.355697105423587,140.18594059898894,1499.771542734587,26.178609655925268,1.0,323.07850048997227,38.92149951002776,VALID_POLYGON,1134,0,1134,refine_5m
787.2721042074579,-581.2737967813583,787.2721042074579,-581.2737967813583,978.6095201293795,25.3556971054237,140.18594059898976,1499.771542734587,-26.178609655925268,-1.0,36.92149951002775,38.92149951002776,VALID_POLYGON,1134,0,1134,refine_5m
800.908537073296,-564.52855613763,800.908537073296,-564.52855613763,979.8708973388914,24.16054920824297,140.20889441412763,1499.771542734587,-26.178609655925268,-1.0,36.60787200622839,38.60787200622839,VALID_POLYGON,1134,0,1134,refine_5m
800.908537073296,564.52855613763,800.908537073296,564.52855613763,979.8708973388914,24.16054920824297,140.20889441412868,1499.771542734587,26.178609655925268,1.0,323.3921279937716,38.60787200622839,VALID_POLYGON,1134,0,1134,refine_5m
690.908537073296,709.52855613763,690.908537073296,709.52855613763,990.3460903015227,13.072355590668622,140.25636676515134,1499.771542734587,26.178609655925268,1.0,320.8079471083809,41.19205289161907,VALID_POLYGON,200,0,200,refine_20m
690.908537073296,-709.52855613763,690.908537073296,-709.52855613763,990.3460903015227,13.072355590668622,140.2563667651522,1499.771542734587,-26.178609655925268,-1.0,39.19205289161906,41.19205289161907,VALID_POLYGON,200,0,200,refine_20m
807.2721042074579,556.2737967813584,807.2721042074579,556.2737967813584,980.3717596999032,23.690940913972327,140.3157720030794,1499.771542734587,26.178609655925268,1.0,323.5666290582918,38.4333709417082,VALID_POLYGON,1134,0,1134,refine_5m
807.2721042074579,-556.2737967813583,807.2721042074579,-556.2737967813583,980.3717596999032,23.69094091397244,140.31577200308,1499.771542734587,-26.178609655925268,-1.0,36.43337094170818,38.43337094170819,VALID_POLYGON,1134,0,1134,refine_5m
775.908537073296,-594.52855613763,775.908537073296,-594.52855613763,977.4959140407275,26.414298645532085,140.31850690732773,1499.771542734587,-26.178609655925268,-1.0,37.1376670170258,39.137667017025805,VALID_POLYGON,1134,0,1134,refine_5m
775.908537073296,594.52855613763,775.908537073296,594.52855613763,977.4959140407275,26.414298645532085,140.31850690732816,1499.771542734587,26.178609655925268,1.0,322.8623329829742,39.137667017025805,VALID_POLYGON,1134,0,1134,refine_5m
782.2721042074579,-586.2737967813583,782.2721042074579,-586.2737967813583,977.5820220388637,26.361258425039182,140.37070490681464,1499.771542734587,-26.178609655925268,-1.0,36.97634887303552,38.976348873035526,VALID_POLYGON,1134,0,1134,refine_5m
782.2721042074579,586.2737967813584,782.2721042074579,586.2737967813584,977.5820220388638,26.36125842503907,140.37070490681504,1499.771542734587,26.178609655925268,1.0,323.02365112696447,38.97634887303553,VALID_POLYGON,1134,0,1134,refine_5m
795.908537073296,569.52855613763,795.908537073296,569.52855613763,978.6895195323018,25.320719971291737,140.37984554207347,1499.771542734587,26.178609655925268,1.0,323.3335065802721,38.66649341972789,VALID_POLYGON,1134,0,1134,refine_5m
795.908537073296,-569.52855613763,795.908537073296,-569.52855613763,978.6895195323018,25.320719971291737,140.3798455420739,1499.771542734587,-26.178609655925268,-1.0,36.66649341972788,38.66649341972789,VALID_POLYGON,1134,0,1134,refine_5m
762.2721042074579,611.2737967813584,762.2721042074579,611.2737967813584,977.094885609562,26.745389218687706,140.39361619324953,1499.771542734587,26.178609655925268,1.0,322.57327359797296,39.42672640202702,VALID_POLYGON,200,0,200,refine_20m
762.2721042074579,-611.2737967813583,762.2721042074579,-611.2737967813583,977.094885609562,26.74538921868782,140.39361619325058,1499.771542734587,-26.178609655925268,-1.0,37.42672640202703,39.42672640202702,VALID_POLYGON,200,0,200,refine_20m
719.5449699391339,-667.7833154939017,719.5449699391339,-667.7833154939017,981.6717986255575,21.927042252201318,140.41042560790547,1499.771542734587,-26.178609655925268,-1.0,38.431529680557325,40.43152968055733,VALID_POLYGON,200,0,200,refine_20m
719.5449699391339,667.7833154939019,719.5449699391339,667.7833154939019,981.6717986255576,21.92704225220109,140.4104256079061,1499.771542734587,26.178609655925268,1.0,321.56847031944267,40.43152968055734,VALID_POLYGON,200,0,200,refine_20m
882.2721042074579,471.27379678135844,882.2721042074579,471.27379678135844,1000.2514970722976,4.113998132871984,140.46010707548848,1499.771542734587,26.178609655925268,1.0,325.21583954547293,36.784160454527076,VALID_POLYGON,200,0,200,refine_20m
882.2721042074579,-471.2737967813583,882.2721042074579,-471.2737967813583,1000.2514970722975,4.113998132871984,140.46010707548933,1499.771542734587,-26.178609655925268,-1.0,34.78416045452706,36.784160454527076,VALID_POLYGON,200,0,200,refine_20m
802.2721042074579,-561.2737967813583,802.2721042074579,-561.2737967813583,979.1163384107242,24.92551013562911,140.47893569378007,1499.771542734587,-26.178609655925268,-1.0,36.49405599886857,38.49405599886857,VALID_POLYGON,1134,0,1134,refine_5m
802.2721042074579,561.2737967813584,802.2721042074579,561.2737967813584,979.1163384107242,24.925510135628997,140.4789356937809,1499.771542734587,26.178609655925268,1.0,323.5059440011314,38.49405599886858,VALID_POLYGON,1134,0,1134,refine_5m
770.908537073296,-599.52855613763,770.908537073296,-599.52855613763,976.5932941388451,27.294400613631524,140.51267279457258,1499.771542734587,-26.178609655925268,-1.0,37.18986767988528,39.189867679885296,VALID_POLYGON,1134,0,1134,refine_5m
770.908537073296,599.52855613763,770.908537073296,599.52855613763,976.5932941388451,27.294400613631524,140.51267279457278,1499.771542734587,26.178609655925268,1.0,322.8101323201147,39.189867679885296,VALID_POLYGON,1134,0,1134,refine_5m
790.908537073296,574.52855613763,790.908537073296,574.52855613763,977.557863163614,26.43091456589275,140.55400498083023,1499.771542734587,26.178609655925268,1.0,323.27580265208223,38.72419734791774,VALID_POLYGON,1134,0,1134,refine_5m
790.908537073296,-574.52855613763,790.908537073296,-574.52855613763,977.557863163614,26.43091456589275,140.55400498083128,1499.771542734587,-26.178609655925268,-1.0,36.72419734791774,38.72419734791774,VALID_POLYGON,1134,0,1134,refine_5m
777.2721042074579,591.2737967813584,777.2721042074579,591.2737967813584,976.6046419812536,27.316453811162546,140.5583382774821,1499.771542734587,26.178609655925268,1.0,322.969641088505,39.03035891149501,VALID_POLYGON,1134,0,1134,refine_5m
777.2721042074579,-591.2737967813583,777.2721042074579,-591.2737967813583,976.6046419812535,27.31645381116266,140.55833827748296,1499.771542734587,-26.178609655925268,-1.0,37.030358911494986,39.03035891149499,VALID_POLYGON,1134,0,1134,refine_5m
797.2721042074579,566.2737967813584,797.2721042074579,566.2737967813584,977.9104361180337,26.110302593213646,140.6455019815731,1499.771542734587,26.178609655925268,1.0,323.44621915542257,38.55378084457744,VALID_POLYGON,1134,0,1134,refine_5m
797.2721042074579,-566.2737967813583,797.2721042074579,-566.2737967813583,977.9104361180337,26.110302593213646,140.64550198157372,1499.771542734587,-26.178609655925268,-1.0,36.55378084457743,38.553780844577425,VALID_POLYGON,1134,0,1134,refine_5m
765.908537073296,604.52855613763,765.908537073296,604.52855613763,975.7410836628762,28.123851371319347,140.70948127173634,1499.771542734587,26.178609655925268,1.0,322.7587161663708,39.241283833629225,VALID_POLYGON,1134,0,1134,refine_5m
765.908537073296,-604.52855613763,765.908537073296,-604.52855613763,975.7410836628762,28.123851371319347,140.7094812717372,1499.771542734587,-26.178609655925268,-1.0,37.241283833629225,39.241283833629225,VALID_POLYGON,1134,0,1134,refine_5m
785.908537073296,-579.52855613763,785.908537073296,-579.52855613763,976.476101102149,27.490961836998167,140.73128702624194,1499.771542734587,-26.178609655925268,-1.0,36.781005048571544,38.781005048571544,VALID_POLYGON,1134,0,1134,refine_5m
785.908537073296,579.52855613763,785.908537073296,579.52855613763,976.476101102149,27.490961836998167,140.73128702624237,1499.771542734587,26.178609655925268,1.0,323.21899495142844,38.781005048571544,VALID_POLYGON,1134,0,1134,refine_5m
810.908537073296,549.52855613763,810.908537073296,549.52855613763,979.5684200243807,24.51686577962107,140.7358762042287,1499.771542734587,26.178609655925268,1.0,323.77497032947684,38.22502967052317,VALID_POLYGON,200,0,200,refine_20m
810.908537073296,-549.52855613763,810.908537073296,-549.52855613763,979.5684200243807,24.51686577962107,140.73587620422933,1499.771542734587,-26.178609655925268,-1.0,36.225029670523156,38.22502967052317,VALID_POLYGON,200,0,200,refine_20m
772.2721042074579,596.2737967813584,772.2721042074579,596.2737967813584,975.6775305730226,28.22113474447758,140.74876675163551,1499.771542734587,26.178609655925268,1.0,322.9164513492335,39.08354865076647,VALID_POLYGON,1134,0,1134,refine_5m
772.2721042074579,-596.2737967813583,772.2721042074579,-596.2737967813583,975.6775305730225,28.22113474447758,140.74876675163594,1499.771542734587,-26.178609655925268,-1.0,37.083548650766474,39.08354865076647,VALID_POLYGON,1134,0,1134,refine_5m
862.2721042074579,491.27379678135844,862.2721042074579,491.27379678135844,992.4027030889873,11.894511482621056,140.77189828817706,1499.771542734587,26.178609655925268,1.0,324.88694101757756,37.11305898242247,VALID_POLYGON,200,0,200,refine_20m
862.2721042074579,-491.2737967813583,862.2721042074579,-491.2737967813583,992.4027030889872,11.89451148262117,140.77189828817748,1499.771542734587,-26.178609655925268,-1.0,35.11305898242246,37.11305898242247,VALID_POLYGON,200,0,200,refine_20m
730.908537073296,649.52855613763,730.908537073296,649.52855613763,977.811144753863,25.861908656285664,140.78232261129352,1499.771542734587,26.178609655925268,1.0,321.96684724346676,40.03315275653324,VALID_POLYGON,200,0,200,refine_20m
730.908537073296,-649.52855613763,730.908537073296,-649.52855613763,977.811144753863,25.861908656285664,140.78232261129395,1499.771542734587,-26.178609655925268,-1.0,38.033152756533234,40.03315275653324,VALID_POLYGON,200,0,200,refine_20m
792.2721042074579,571.2737967813584,792.2721042074579,571.2737967813584,976.7542362305381,27.24513640593875,140.81537831860916,1499.771542734587,26.178609655925268,1.0,323.3874320368751,38.612567963124896,VALID_POLYGON,1134,0,1134,refine_5m
792.2721042074579,-571.2737967813583,792.2721042074579,-571.2737967813583,976.754236230538,27.245136405938865,140.81537831861002,1499.771542734587,-26.178609655925268,-1.0,36.61256796312487,38.61256796312489,VALID_POLYGON,1134,0,1134,refine_5m
817.2721042074579,541.2737967813584,817.2721042074579,541.2737967813584,980.2606874693043,23.855029002519586,140.88013801576744,1499.771542734587,26.178609655925268,1.0,323.95745723386017,38.04254276613983,VALID_POLYGON,1134,0,1134,refine_5m
817.2721042074579,-541.2737967813583,817.2721042074579,-541.2737967813583,980.2606874693043,23.8550290025197,140.88013801576787,1499.771542734587,-26.178609655925268,-1.0,36.04254276613983,38.04254276613983,VALID_POLYGON,1134,0,1134,refine_5m
760.908537073296,-609.52855613763,760.908537073296,-609.52855613763,974.9394148039391,28.90252112929454,140.9088660548207,1499.771542734587,-26.178609655925268,-1.0,37.291932950630944,39.29193295063095,VALID_POLYGON,1134,0,1134,refine_5m
760.908537073296,609.52855613763,760.908537073296,609.52855613763,974.9394148039391,28.90252112929454,140.90886605482132,1499.771542734587,26.178609655925268,1.0,322.70806704936905,39.29193295063095,VALID_POLYGON,1134,0,1134,refine_5m
780.908537073296,584.52855613763,780.908537073296,584.52855613763,975.4443993453946,28.50069763048714,140.91160910789282,1499.771542734587,26.178609655925268,1.0,323.1630628687261,38.8369371312739,VALID_POLYGON,1134,0,1134,refine_5m
780.908537073296,-584.52855613763,780.908537073296,-584.52855613763,975.4443993453946,28.50069763048714,140.91160910789344,1499.771542734587,-26.178609655925268,-1.0,36.83693713127389,38.8369371312739,VALID_POLYGON,1134,0,1134,refine_5m
787.2721042074579,576.2737967813584,787.2721042074579,576.2737967813584,975.6479154490316,28.329836530564535,140.98847559677637,1499.771542734587,26.178609655925268,1.0,323.3295608538398,38.6704391461602,VALID_POLYGON,1134,0,1134,refine_5m
787.2721042074579,-576.2737967813583,787.2721042074579,-576.2737967813583,975.6479154490316,28.32983653056465,140.98847559677722,1499.771542734587,-26.178609655925268,-1.0,36.67043914616019,38.670439146160184,VALID_POLYGON,1134,0,1134,refine_5m
812.2721042074579,-546.2737967813583,812.2721042074579,-546.2737967813583,978.8774347810518,25.21803138625387,141.02600369652376,1499.771542734587,-26.178609655925268,-1.0,36.107604074931956,38.10760407493196,VALID_POLYGON,1134,0,1134,refine_5m
812.2721042074579,546.2737967813584,812.2721042074579,546.2737967813584,978.8774347810518,25.218031386253756,141.02600369652419,1499.771542734587,26.178609655925268,1.0,323.89239592506806,38.10760407493196,VALID_POLYGON,1134,0,1134,refine_5m
800.908537073296,559.52855613763,800.908537073296,559.52855613763,976.9988177527894,27.0449776377842,141.0485343094849,1499.771542734587,26.178609655925268,1.0,323.6502817415733,38.34971825842673,VALID_POLYGON,1134,0,1134,refine_5m
800.908537073296,-559.52855613763,800.908537073296,-559.52855613763,976.9988177527894,27.0449776377842,141.04853430948575,1499.771542734587,-26.178609655925268,-1.0,36.34971825842674,38.34971825842673,VALID_POLYGON,1134,0,1134,refine_5m
775.908537073296,-589.52855613763,775.908537073296,-589.52855613763,974.4629168957334,29.45996491634969,141.09489164593992,1499.771542734587,-26.178609655925268,-1.0,36.89201358180675,38.892013581806744,VALID_POLYGON,1134,0,1134,refine_5m
775.908537073296,589.52855613763,775.908537073296,589.52855613763,974.4629168957334,29.45996491634969,141.09489164594078,1499.771542734587,26.178609655925268,1.0,323.10798641819326,38.892013581806744,VALID_POLYGON,1134,0,1134,refine_5m
782.2721042074579,-581.2737967813583,782.2721042074579,-581.2737967813583,974.5916436363385,29.364234891616093,141.16470798809402,1499.771542734587,-26.178609655925268,-1.0,36.72741551900966,38.727415519009654,VALID_POLYGON,1134,0,1134,refine_5m
782.2721042074579,581.2737967813584,782.2721042074579,581.2737967813584,974.5916436363385,29.36423489161598,141.16470798809507,1499.771542734587,26.178609655925268,1.0,323.27258448099036,38.72741551900966,VALID_POLYGON,1134,0,1134,refine_5m
659.5449699391339,-747.7833154939017,659.5449699391339,-747.7833154939017,997.0854799379365,6.148645266255585,141.1725300563929,1499.771542734587,-26.178609655925268,-1.0,39.65669549388362,41.656695493883625,VALID_POLYGON,200,0,200,refine_20m
659.5449699391339,747.7833154939019,659.5449699391339,747.7833154939019,997.0854799379367,6.1486452662553575,141.17253005639375,1499.771542734587,26.178609655925268,1.0,320.3433045061164,41.656695493883625,VALID_POLYGON,200,0,200,refine_20m
842.2721042074579,-511.2737967813583,842.2721042074579,-511.2737967813583,985.3036043785106,18.9210102334049,141.17278954781378,1499.771542734587,-26.178609655925268,-1.0,35.41946055532349,37.4194605553235,VALID_POLYGON,200,0,200,refine_20m
842.2721042074579,511.27379678135844,842.2721042074579,511.27379678135844,985.3036043785106,18.9210102334049,141.17278954781418,1499.771542734587,26.178609655925268,1.0,324.5805394446765,37.4194605553235,VALID_POLYGON,200,0,200,refine_20m
807.2721042074579,-551.2737967813583,807.2721042074579,-551.2737967813583,977.5433746127438,26.53157818791624,141.17570490979276,1499.771542734587,-26.178609655925268,-1.0,36.17161668628434,38.17161668628434,VALID_POLYGON,1134,0,1134,refine_5m
807.2721042074579,551.2737967813584,807.2721042074579,551.2737967813584,977.5433746127438,26.531578187916125,141.1757049097936,1499.771542734587,26.178609655925268,1.0,323.8283833137157,38.17161668628435,VALID_POLYGON,1134,0,1134,refine_5m
795.908537073296,564.52855613763,795.908537073296,564.52855613763,975.7883428700055,28.234317988342013,141.21018097877442,1499.771542734587,26.178609655925268,1.0,323.5894165442426,38.41058345575737,VALID_POLYGON,1134,0,1134,refine_5m
795.908537073296,-564.52855613763,795.908537073296,-564.52855613763,975.7883428700055,28.234317988342013,141.21018097877547,1499.771542734587,-26.178609655925268,-1.0,36.41058345575736,38.41058345575737,VALID_POLYGON,1134,0,1134,refine_5m
770.908537073296,594.52855613763,770.908537073296,594.52855613763,973.5318056414923,30.368613907379654,141.28105791570292,1499.771542734587,26.178609655925268,1.0,323.05374621455087,38.94625378544913,VALID_POLYGON,1134,0,1134,refine_5m
770.908537073296,-594.52855613763,770.908537073296,-594.52855613763,973.5318056414923,30.368613907379654,141.28105791570397,1499.771542734587,-26.178609655925268,-1.0,36.94625378544911,38.94625378544913,VALID_POLYGON,1134,0,1134,refine_5m
802.2721042074579,556.2737967813584,802.2721042074579,556.2737967813584,976.2587086295365,27.795468948983057,141.32913372364328,1499.771542734587,26.178609655925268,1.0,323.76539440321744,38.234605596782565,VALID_POLYGON,1134,0,1134,refine_5m
802.2721042074579,-556.2737967813583,802.2721042074579,-556.2737967813583,976.2587086295365,27.795468948983057,141.32913372364368,1499.771542734587,-26.178609655925268,-1.0,36.23460559678256,38.234605596782565,VALID_POLYGON,1134,0,1134,refine_5m
777.2721042074579,586.2737967813584,777.2721042074579,586.2737967813584,973.5855836912947,30.34817050739457,141.34399279390502,1499.771542734587,26.178609655925268,1.0,323.21648243418986,38.783517565810136,VALID_POLYGON,1134,0,1134,refine_5m
777.2721042074579,-586.2737967813583,777.2721042074579,-586.2737967813583,973.5855836912946,30.348170507394684,141.34399279390567,1499.771542734587,-26.178609655925268,-1.0,36.78351756581012,38.783517565810136,VALID_POLYGON,1134,0,1134,refine_5m
790.908537073296,569.52855613763,790.908537073296,569.52855613763,974.6276675077692,29.373601259832867,141.37524343858146,1499.771542734587,26.178609655925268,1.0,323.529506644361,38.470493355639015,VALID_POLYGON,200,0,200,refine_20m
790.908537073296,569.52855613763,790.908537073296,569.52855613763,974.6276675077692,29.373601259832867,141.37524343858146,1499.771542734587,26.178609655925268,1.0,323.529506644361,38.470493355639015,VALID_POLYGON,1134,0,1134,refine_5m
790.908537073296,-569.52855613763,790.908537073296,-569.52855613763,974.6276675077692,29.373601259832867,141.37524343858232,1499.771542734587,-26.178609655925268,-1.0,36.47049335563901,38.470493355639015,VALID_POLYGON,200,0,200,refine_20m
790.908537073296,-569.52855613763,790.908537073296,-569.52855613763,974.6276675077692,29.373601259832867,141.37524343858232,1499.771542734587,-26.178609655925268,-1.0,36.47049335563901,38.470493355639015,VALID_POLYGON,1134,0,1134,refine_5m
699.5449699391339,687.7833154939019,699.5449699391339,687.7833154939019,981.0244920688413,22.472657916906655,141.38160446946674,1499.771542734587,26.178609655925268,1.0,321.41701960301555,40.58298039698448,VALID_POLYGON,200,0,200,refine_20m
699.5449699391339,-687.7833154939017,699.5449699391339,-687.7833154939017,981.0244920688411,22.47265791690677,141.38160446946736,1499.771542734587,-26.178609655925268,-1.0,38.58298039698447,40.58298039698448,VALID_POLYGON,200,0,200,refine_20m
759.5449699391339,607.7833154939019,759.5449699391339,607.7833154939019,972.7842103738114,31.059393001064677,141.4284564764452,1499.771542734587,26.178609655925268,1.0,322.84286372431654,39.15713627568346,VALID_POLYGON,200,0,200,refine_20m
759.5449699391339,-607.7833154939017,759.5449699391339,-607.7833154939017,972.7842103738112,31.059393001064905,141.42845647644603,1499.771542734587,-26.178609655925268,-1.0,37.15713627568344,39.157136275683435,VALID_POLYGON,200,0,200,refine_20m
765.908537073296,-599.52855613763,765.908537073296,-599.52855613763,972.6512102425143,31.226502173176073,141.47003391957148,1499.771542734587,-26.178609655925268,-1.0,36.99967654924558,38.99967654924557,VALID_POLYGON,1134,0,1134,refine_5m
765.908537073296,599.52855613763,765.908537073296,599.52855613763,972.6512102425143,31.226502173176073,141.47003391957253,1499.771542734587,26.178609655925268,1.0,323.0003234507544,38.99967654924557,VALID_POLYGON,1134,0,1134,refine_5m
797.2721042074579,561.2737967813584,797.2721042074579,561.2737967813584,975.0236320729613,29.00950976492743,141.48618634199653,1499.771542734587,26.178609655925268,1.0,323.70340498024143,38.29659501975856,VALID_POLYGON,1134,0,1134,refine_5m
797.2721042074579,-561.2737967813583,797.2721042074579,-561.2737967813583,975.0236320729612,29.009509764927543,141.48618634199715,1499.771542734587,-26.178609655925268,-1.0,36.29659501975855,38.29659501975856,VALID_POLYGON,1134,0,1134,refine_5m
772.2721042074579,591.2737967813584,772.2721042074579,591.2737967813584,972.6298914269795,31.281489611571715,141.52625030232528,1499.771542734587,26.178609655925268,1.0,323.16123484648,38.838765153519994,VALID_POLYGON,1134,0,1134,refine_5m
772.2721042074579,-591.2737967813583,772.2721042074579,-591.2737967813583,972.6298914269794,31.28148961157183,141.5262503023259,1499.771542734587,-26.178609655925268,-1.0,36.83876515352,38.838765153519994,VALID_POLYGON,1134,0,1134,refine_5m
785.908537073296,574.52855613763,785.908537073296,574.52855613763,973.5169697864943,30.462650989128292,141.5436292473008,1499.771542734587,26.178609655925268,1.0,323.4705298545077,38.529470145492304,VALID_POLYGON,1134,0,1134,refine_5m
785.908537073296,-574.52855613763,785.908537073296,-574.52855613763,973.5169697864943,30.462650989128292,141.54362924730188,1499.771542734587,-26.178609655925268,-1.0,36.52947014549231,38.529470145492304,VALID_POLYGON,1134,0,1134,refine_5m
792.2721042074579,-566.2737967813583,792.2721042074579,-566.2737967813583,973.8383336193375,30.173513427394028,141.64676290710673,1499.771542734587,-26.178609655925268,-1.0,36.35760841553919,38.35760841553919,VALID_POLYGON,1134,0,1134,refine_5m
792.2721042074579,566.2737967813584,792.2721042074579,566.2737967813584,973.8383336193376,30.173513427393914,141.64676290710779,1499.771542734587,26.178609655925268,1.0,323.6423915844608,38.357608415539204,VALID_POLYGON,1134,0,1134,refine_5m
822.2721042074579,531.2737967813584,822.2721042074579,531.2737967813584,978.9705105386171,25.177189493025026,141.6521198188688,1499.771542734587,26.178609655925268,1.0,324.2944188026341,37.70558119736594,VALID_POLYGON,200,0,200,refine_20m
822.2721042074579,-531.2737967813583,822.2721042074579,-531.2737967813583,978.9705105386171,25.17718949302514,141.65211981886944,1499.771542734587,-26.178609655925268,-1.0,35.705581197365916,37.70558119736593,VALID_POLYGON,200,0,200,refine_20m
760.908537073296,-604.52855613763,760.908537073296,-604.52855613763,971.8212680204477,32.033494749254146,141.6617482657325,1499.771542734587,-26.178609655925268,-1.0,37.05230012329659,39.0523001232966,VALID_POLYGON,1134,0,1134,refine_5m
760.908537073296,604.52855613763,760.908537073296,604.52855613763,971.8212680204477,32.033494749254146,141.66174826573334,1499.771542734587,26.178609655925268,1.0,322.9476998767034,39.0523001232966,VALID_POLYGON,1134,0,1134,refine_5m
710.908537073296,669.52855613763,710.908537073296,669.52855613763,976.5548809808046,27.018354854693598,141.70679093257914,1499.771542734587,26.178609655925268,1.0,321.80135311604556,40.19864688395442,VALID_POLYGON,200,0,200,refine_20m
710.908537073296,-669.52855613763,710.908537073296,-669.52855613763,976.5548809808046,27.018354854693598,141.70679093258022,1499.771542734587,-26.178609655925268,-1.0,38.19864688395441,40.19864688395442,VALID_POLYGON,200,0,200,refine_20m
780.908537073296,579.52855613763,780.908537073296,579.52855613763,972.4564209531044,31.501297717569514,141.71524938015335,1499.771542734587,26.178609655925268,1.0,323.41246466515565,38.58753533484436,VALID_POLYGON,1134,0,1134,refine_5m
780.908537073296,-579.52855613763,780.908537073296,-579.52855613763,972.4564209531044,31.501297717569514,141.71524938015378,1499.771542734587,-26.178609655925268,-1.0,36.587535334844354,38.58753533484436,VALID_POLYGON,1134,0,1134,refine_5m
787.2721042074579,-571.2737967813583,787.2721042074579,-571.2737967813583,972.702995241727,31.287299562670228,141.81076731325135,1499.771542734587,-26.178609655925268,-1.0,36.41766852031266,38.41766852031267,VALID_POLYGON,1134,0,1134,refine_5m
787.2721042074579,571.2737967813584,787.2721042074579,571.2737967813584,972.7029952417271,31.287299562670228,141.81076731325177,1499.771542734587,26.178609655925268,1.0,323.58233147968735,38.41766852031267,VALID_POLYGON,1134,0,1134,refine_5m
775.908537073296,584.52855613763,775.908537073296,584.52855613763,971.4461852534935,32.4893791185159,141.8900180715286,1499.771542734587,26.178609655925268,1.0,323.35529021912697,38.644709780873015,VALID_POLYGON,1134,0,1134,refine_5m
775.908537073296,-584.52855613763,775.908537073296,-584.52855613763,971.4461852534935,32.4893791185159,141.89001807152903,1499.771542734587,-26.178609655925268,-1.0,36.64470978087303,38.644709780873015,VALID_POLYGON,1134,0,1134,refine_5m
893.63567134162,453.0190374250867,893.63567134162,453.0190374250867,1001.9036687046015,2.51314373352011,141.9047657567485,1499.771542734587,26.178609655925268,1.0,325.8468220080828,36.153177991917154,VALID_POLYGON,200,0,200,refine_20m
893.63567134162,-453.0190374250866,893.63567134162,-453.0190374250866,1001.9036687046015,2.51314373352011,141.90476575674936,1499.771542734587,-26.178609655925268,-1.0,34.15317799191714,36.153177991917154,VALID_POLYGON,200,0,200,refine_20m
812.2721042074579,541.2737967813584,812.2721042074579,541.2737967813584,976.095945261386,28.01168950117767,141.91833414661843,1499.771542734587,26.178609655925268,1.0,324.15834906985765,37.841650930142364,VALID_POLYGON,1134,0,1134,refine_5m
812.2721042074579,-541.2737967813583,812.2721042074579,-541.2737967813583,976.095945261386,28.011689501177784,141.91833414661906,1499.771542734587,-26.178609655925268,-1.0,35.84165093014236,37.841650930142364,VALID_POLYGON,1134,0,1134,refine_5m
782.2721042074579,-576.2737967813583,782.2721042074579,-576.2737967813583,971.6177920756527,32.35069476622755,141.97810703089317,1499.771542734587,-26.178609655925268,-1.0,36.47679737368549,38.476797373685486,VALID_POLYGON,1134,0,1134,refine_5m
782.2721042074579,576.2737967813584,782.2721042074579,576.2737967813584,971.6177920756527,32.35069476622755,141.9781070308938,1499.771542734587,26.178609655925268,1.0,323.5232026263145,38.4767973736855,VALID_POLYGON,1134,0,1134,refine_5m
807.2721042074579,-546.2737967813583,807.2721042074579,-546.2737967813583,974.7324306092711,29.35477249554583,142.05763170282214,1499.771542734587,-26.178609655925268,-1.0,35.908036308984805,37.9080363089848,VALID_POLYGON,1134,0,1134,refine_5m
807.2721042074579,546.2737967813584,807.2721042074579,546.2737967813584,974.7324306092712,29.354772495545717,142.05763170282296,1499.771542734587,26.178609655925268,1.0,324.09196369101517,37.90803630898482,VALID_POLYGON,1134,0,1134,refine_5m
795.908537073296,559.52855613763,795.908537073296,559.52855613763,972.9042113793192,31.13087439330343,142.06131569859582,1499.771542734587,26.178609655925268,1.0,323.84708699513436,38.15291300486566,VALID_POLYGON,1134,0,1134,refine_5m
795.908537073296,-559.52855613763,795.908537073296,-559.52855613763,972.9042113793192,31.13087439330343,142.06131569859664,1499.771542734587,-26.178609655925268,-1.0,36.15291300486565,38.15291300486566,VALID_POLYGON,1134,0,1134,refine_5m
770.908537073296,589.52855613763,770.908537073296,589.52855613763,970.4864198092666,33.42674012044074,142.06785266598376,1499.771542734587,26.178609655925268,1.0,323.2989862871882,38.70101371281179,VALID_POLYGON,200,0,200,refine_20m
770.908537073296,589.52855613763,770.908537073296,589.52855613763,970.4864198092666,33.42674012044074,142.06785266598376,1499.771542734587,26.178609655925268,1.0,323.2989862871882,38.70101371281179,VALID_POLYGON,1134,0,1134,refine_5m
770.908537073296,-589.52855613763,770.908537073296,-589.52855613763,970.4864198092666,33.42674012044074,142.06785266598442,1499.771542734587,-26.178609655925268,-1.0,36.701013712811786,38.70101371281179,VALID_POLYGON,200,0,200,refine_20m
770.908537073296,-589.52855613763,770.908537073296,-589.52855613763,970.4864198092666,33.42674012044074,142.06785266598442,1499.771542734587,-26.178609655925268,-1.0,36.701013712811786,38.70101371281179,VALID_POLYGON,1134,0,1134,refine_5m
873.63567134162,473.0190374250867,873.63567134162,473.0190374250867,993.4718395642016,10.87977318829303,142.07121295469616,1499.771542734587,26.178609655925268,1.0,325.48653500143513,36.513464998564885,VALID_POLYGON,200,0,200,refine_20m
873.63567134162,-473.0190374250866,873.63567134162,-473.0190374250866,993.4718395642014,10.879773188293143,142.0712129546966,1499.771542734587,-26.178609655925268,-1.0,34.513464998564885,36.513464998564885,VALID_POLYGON,200,0,200,refine_20m
777.2721042074579,-581.2737967813583,777.2721042074579,-581.2737967813583,970.5828922888066,33.3635327331059,142.14869294064422,1499.771542734587,-26.178609655925268,-1.0,36.53501634499823,38.53501634499825,VALID_POLYGON,1134,0,1134,refine_5m
777.2721042074579,581.2737967813584,777.2721042074579,581.2737967813584,970.5828922888066,33.3635327331059,142.14869294064528,1499.771542734587,26.178609655925268,1.0,323.4649836550018,38.535016344998255,VALID_POLYGON,1134,0,1134,refine_5m
802.2721042074579,-551.2737967813583,802.2721042074579,-551.2737967813583,973.4183726472377,30.648134262902317,142.20089926597052,1499.771542734587,-26.178609655925268,-1.0,35.97335705847138,37.97335705847139,VALID_POLYGON,200,0,200,refine_20m
802.2721042074579,-551.2737967813583,802.2721042074579,-551.2737967813583,973.4183726472377,30.648134262902317,142.20089926597052,1499.771542734587,-26.178609655925268,-1.0,35.97335705847138,37.97335705847139,VALID_POLYGON,1134,0,1134,refine_5m
802.2721042074579,551.2737967813584,802.2721042074579,551.2737967813584,973.4183726472378,30.648134262902204,142.20089926597115,1499.771542734587,26.178609655925268,1.0,324.0266429415286,37.97335705847139,VALID_POLYGON,200,0,200,refine_20m
802.2721042074579,551.2737967813584,802.2721042074579,551.2737967813584,973.4183726472378,30.648134262902204,142.20089926597115,1499.771542734587,26.178609655925268,1.0,324.0266429415286,37.97335705847139,VALID_POLYGON,1134,0,1134,refine_5m
790.908537073296,564.52855613763,790.908537073296,564.52855613763,971.7143637459819,32.29940180363235,142.21689044758108,1499.771542734587,26.178609655925268,1.0,323.78494457844124,38.21505542155873,VALID_POLYGON,1134,0,1134,refine_5m
790.908537073296,-564.52855613763,790.908537073296,-564.52855613763,971.7143637459819,32.29940180363235,142.2168904475815,1499.771542734587,-26.178609655925268,-1.0,36.21505542155874,38.21505542155873,VALID_POLYGON,1134,0,1134,refine_5m
739.5449699391339,-627.7833154939017,739.5449699391339,-627.7833154939017,970.0714683850825,33.677645020061505,142.23521716984214,1499.771542734587,-26.178609655925268,-1.0,37.35630278951332,39.35630278951334,VALID_POLYGON,200,0,200,refine_20m
739.5449699391339,627.7833154939019,739.5449699391339,627.7833154939019,970.0714683850827,33.67764502006139,142.23521716984297,1499.771542734587,26.178609655925268,1.0,322.64369721048666,39.35630278951334,VALID_POLYGON,200,0,200,refine_20m
765.908537073296,-594.52855613763,765.908537073296,-594.52855613763,969.5772744989702,34.313233025366,142.24867347734278,1499.771542734587,-26.178609655925268,-1.0,36.756466755273124,38.75646675527314,VALID_POLYGON,1134,0,1134,refine_5m
765.908537073296,594.52855613763,765.908537073296,594.52855613763,969.5772744989702,34.313233025366,142.24867347734383,1499.771542734587,26.178609655925268,1.0,323.2435332447269,38.75646675527314,VALID_POLYGON,1134,0,1134,refine_5m
639.5449699391339,767.7833154939019,639.5449699391339,767.7833154939019,999.2542159657152,3.870736727100848,142.27770034855783,1499.771542734587,26.178609655925268,1.0,320.23524570073516,41.76475429926482,VALID_POLYGON,200,0,200,refine_20m
639.5449699391339,-767.7833154939017,639.5449699391339,-767.7833154939017,999.254215965715,3.8707367271009616,142.2777003485589,1499.771542734587,-26.178609655925268,-1.0,39.76475429926481,41.764754299264816,VALID_POLYGON,200,0,200,refine_20m
772.2721042074579,-586.2737967813583,772.2721042074579,-586.2737967813583,969.5984569549624,34.32565438392237,142.32243917638712,1499.771542734587,-26.178609655925268,-1.0,36.592346158464416,38.592346158464416,VALID_POLYGON,1134,0,1134,refine_5m
772.2721042074579,586.2737967813584,772.2721042074579,586.2737967813584,969.5984569549626,34.325654383922256,142.32243917638777,1499.771542734587,26.178609655925268,1.0,323.4076538415356,38.592346158464416,VALID_POLYGON,1134,0,1134,refine_5m
853.63567134162,493.0190374250867,853.63567134162,493.0190374250867,985.7797069581101,18.502359782918234,142.34319970963531,1499.771542734587,26.178609655925268,1.0,325.15146573198047,36.848534268019534,VALID_POLYGON,200,0,200,refine_20m
853.63567134162,-493.0190374250866,853.63567134162,-493.0190374250866,985.77970695811,18.502359782918347,142.34319970963594,1499.771542734587,-26.178609655925268,-1.0,34.84853426801952,36.848534268019534,VALID_POLYGON,200,0,200,refine_20m
797.2721042074579,556.2737967813584,797.2721042074579,556.2737967813584,972.1539719267395,31.89157552533868,142.34802484508756,1499.771542734587,26.178609655925268,1.0,323.9623615805523,38.03763841944773,VALID_POLYGON,1134,0,1134,refine_5m
797.2721042074579,-556.2737967813583,797.2721042074579,-556.2737967813583,972.1539719267394,31.89157552533868,142.3480248450884,1499.771542734587,-26.178609655925268,-1.0,36.037638419447724,38.03763841944773,VALID_POLYGON,1134,0,1134,refine_5m
785.908537073296,569.52855613763,785.908537073296,569.52855613763,970.5745746210858,33.41761192057163,142.3760008707258,1499.771542734587,26.178609655925268,1.0,323.72377273841107,38.27622726158891,VALID_POLYGON,1134,0,1134,refine_5m
785.908537073296,-569.52855613763,785.908537073296,-569.52855613763,970.5745746210858,33.41761192057163,142.37600087072644,1499.771542734587,-26.178609655925268,-1.0,36.276227261588915,38.27622726158891,VALID_POLYGON,1134,0,1134,refine_5m
679.5449699391339,707.7833154939019,679.5449699391339,707.7833154939019,981.1924316163057,22.200072426599945,142.37753092410216,1499.771542734587,26.178609655925268,1.0,321.2735663741217,40.726433625878336,VALID_POLYGON,200,0,200,refine_20m
679.5449699391339,-707.7833154939017,679.5449699391339,-707.7833154939017,981.1924316163055,22.20007242660006,142.37753092410298,1499.771542734587,-26.178609655925268,-1.0,38.72643362587832,40.72643362587833,VALID_POLYGON,200,0,200,refine_20m
760.908537073296,-599.52855613763,760.908537073296,-599.52855613763,968.7188918440141,35.14871762242865,142.43240365538466,1499.771542734587,-26.178609655925268,-1.0,36.811087950546174,38.81108795054619,VALID_POLYGON,1134,0,1134,refine_5m
760.908537073296,599.52855613763,760.908537073296,599.52855613763,968.7188918440141,35.14871762242865,142.4324036553857,1499.771542734587,26.178609655925268,1.0,323.18891204945385,38.81108795054619,VALID_POLYGON,1134,0,1134,refine_5m
792.2721042074579,561.2737967813584,792.2721042074579,561.2737967813584,970.939422445435,33.08490369131698,142.49890074519686,1499.771542734587,26.178609655925268,1.0,323.8990951536961,38.10090484630388,VALID_POLYGON,1134,0,1134,refine_5m
792.2721042074579,-561.2737967813583,792.2721042074579,-561.2737967813583,970.9394224454348,33.084903691317095,142.49890074519772,1499.771542734587,-26.178609655925268,-1.0,36.100904846303855,38.10090484630386,VALID_POLYGON,1134,0,1134,refine_5m
780.908537073296,574.52855613763,780.908537073296,574.52855613763,969.4850205606815,34.48532991929437,142.53855103172003,1499.771542734587,26.178609655925268,1.0,323.66354904893564,38.336450951064364,VALID_POLYGON,1134,0,1134,refine_5m
780.908537073296,-574.52855613763,780.908537073296,-574.52855613763,969.4850205606815,34.48532991929437,142.5385510317207,1499.771542734587,-26.178609655925268,-1.0,36.33645095106436,38.336450951064364,VALID_POLYGON,1134,0,1134,refine_5m
787.2721042074579,566.2737967813584,787.2721042074579,566.2737967813584,969.7749115049397,34.22793299844898,142.6534233620431,1499.771542734587,26.178609655925268,1.0,323.8368199628338,38.163180037166235,VALID_POLYGON,1134,0,1134,refine_5m
787.2721042074579,-566.2737967813583,787.2721042074579,-566.2737967813583,969.7749115049397,34.22793299844898,142.65342336204392,1499.771542734587,-26.178609655925268,-1.0,36.163180037166214,38.16318003716622,VALID_POLYGON,1134,0,1134,refine_5m
690.908537073296,-689.52855613763,690.908537073296,-689.52855613763,976.116917346486,27.353331074146467,142.6594600574143,1499.771542734587,-26.178609655925268,-1.0,38.355237522339,40.355237522339,VALID_POLYGON,200,0,200,refine_20m
690.908537073296,689.52855613763,690.908537073296,689.52855613763,976.116917346486,27.353331074146467,142.65946005741512,1499.771542734587,26.178609655925268,1.0,321.644762477661,40.355237522339,VALID_POLYGON,200,0,200,refine_20m
775.908537073296,-579.52855613763,775.908537073296,-579.52855613763,968.4458711162893,35.502388112455264,142.70444854433484,1499.771542734587,-26.178609655925268,-1.0,36.395748234624456,38.39574823462446,VALID_POLYGON,1134,0,1134,refine_5m
775.908537073296,579.52855613763,775.908537073296,579.52855613763,968.4458711162893,35.502388112455264,142.70444854433526,1499.771542734587,26.178609655925268,1.0,323.6042517653755,38.39574823462446,VALID_POLYGON,1134,0,1134,refine_5m
833.63567134162,-513.0190374250866,833.63567134162,-513.0190374250866,978.8447094885663,25.363445988527815,142.70754051039933,1499.771542734587,-26.178609655925268,-1.0,35.160923193420075,37.160923193420075,VALID_POLYGON,200,0,200,refine_20m
833.63567134162,513.0190374250867,833.63567134162,513.0190374250867,978.8447094885664,25.363445988527815,142.70754051039995,1499.771542734587,26.178609655925268,1.0,324.8390768065799,37.16092319342009,VALID_POLYGON,200,0,200,refine_20m
750.908537073296,609.52855613763,750.908537073296,609.52855613763,967.1549471500322,36.66613913083586,142.8082981400249,1499.771542734587,26.178609655925268,1.0,323.0820918159169,38.91790818408311,VALID_POLYGON,200,0,200,refine_20m
750.908537073296,-609.52855613763,750.908537073296,-609.52855613763,967.1549471500322,36.66613913083586,142.80829814002573,1499.771542734587,-26.178609655925268,-1.0,36.9179081840831,38.91790818408311,VALID_POLYGON,200,0,200,refine_20m
782.2721042074579,571.2737967813584,782.2721042074579,571.2737967813584,968.6606195722796,35.32048465240689,142.811492988463,1499.771542734587,26.178609655925268,1.0,323.77551303728103,38.224486962718956,VALID_POLYGON,200,0,200,refine_20m
782.2721042074579,571.2737967813584,782.2721042074579,571.2737967813584,968.6606195722796,35.32048465240689,142.811492988463,1499.771542734587,26.178609655925268,1.0,323.77551303728103,38.224486962718956,VALID_POLYGON,1134,0,1134,refine_5m
782.2721042074579,-571.2737967813583,782.2721042074579,-571.2737967813583,968.6606195722796,35.32048465240689,142.81149298846404,1499.771542734587,-26.178609655925268,-1.0,36.224486962718956,38.22448696271894,VALID_POLYGON,200,0,200,refine_20m
782.2721042074579,-571.2737967813583,782.2721042074579,-571.2737967813583,968.6606195722796,35.32048465240689,142.81149298846404,1499.771542734587,-26.178609655925268,-1.0,36.224486962718956,38.22448696271894,VALID_POLYGON,1134,0,1134,refine_5m
770.908537073296,-584.52855613763,770.908537073296,-584.52855613763,967.4572887072751,36.46862607774949,142.87360440852058,1499.771542734587,-26.178609655925268,-1.0,36.45414020097245,38.45414020097244,VALID_POLYGON,1134,0,1134,refine_5m
770.908537073296,584.52855613763,770.908537073296,584.52855613763,967.4572887072751,36.46862607774949,142.87360440852117,1499.771542734587,26.178609655925268,1.0,323.54585979902754,38.45414020097244,VALID_POLYGON,1134,0,1134,refine_5m
807.2721042074579,541.2737967813584,807.2721042074579,541.2737967813584,971.9390790135172,32.16037119312057,142.9622621746743,1499.771542734587,26.178609655925268,1.0,324.357378093302,37.64262190669803,VALID_POLYGON,1134,0,1134,refine_5m
807.2721042074579,-541.2737967813583,807.2721042074579,-541.2737967813583,971.9390790135171,32.16037119312057,142.96226217467492,1499.771542734587,-26.178609655925268,-1.0,35.64262190669802,37.64262190669801,VALID_POLYGON,1134,0,1134,refine_5m
777.2721042074579,576.2737967813584,777.2721042074579,576.2737967813584,967.596720145274,36.3623869617345,142.97301363164857,1499.771542734587,26.178609655925268,1.0,323.7151521062743,38.28484789372573,VALID_POLYGON,1134,0,1134,refine_5m
777.2721042074579,-576.2737967813583,777.2721042074579,-576.2737967813583,967.5967201452739,36.362386961734614,142.97301363164922,1499.771542734587,-26.178609655925268,-1.0,36.28484789372572,38.28484789372572,VALID_POLYGON,1134,0,1134,refine_5m
765.908537073296,-589.52855613763,765.908537073296,-589.52855613763,966.5194284976765,37.38389078084572,143.04593285551422,1499.771542734587,-26.178609655925268,-1.0,36.51164730727556,38.51164730727557,VALID_POLYGON,1134,0,1134,refine_5m
765.908537073296,589.52855613763,765.908537073296,589.52855613763,966.5194284976765,37.38389078084572,143.04593285551485,1499.771542734587,26.178609655925268,1.0,323.48835269272445,38.51164730727557,VALID_POLYGON,1134,0,1134,refine_5m
719.5449699391339,-647.7833154939017,719.5449699391339,-647.7833154939017,968.1777665268817,35.473231280498,143.07957650444882,1499.771542734587,-26.178609655925268,-1.0,37.544251163374454,39.54425116337446,VALID_POLYGON,200,0,200,refine_20m
719.5449699391339,647.7833154939019,719.5449699391339,647.7833154939019,968.1777665268818,35.47323128049777,143.07957650444968,1499.771542734587,26.178609655925268,1.0,322.45574883662556,39.54425116337446,VALID_POLYGON,200,0,200,refine_20m
790.908537073296,559.52855613763,790.908537073296,559.52855613763,968.8181042635827,35.20816257188949,143.07958173151508,1499.771542734587,26.178609655925268,1.0,324.04212403262443,37.957875967375564,VALID_POLYGON,1134,0,1134,refine_5m
790.908537073296,-559.52855613763,790.908537073296,-559.52855613763,968.8181042635827,35.20816257188949,143.0795817315159,1499.771542734587,-26.178609655925268,-1.0,35.95787596737556,37.957875967375564,VALID_POLYGON,1134,0,1134,refine_5m
802.2721042074579,546.2737967813584,802.2721042074579,546.2737967813584,970.5954822887767,33.483352952543896,143.09492155204524,1499.771542734587,26.178609655925268,1.0,324.2896973978984,37.71030260210158,VALID_POLYGON,1134,0,1134,refine_5m
802.2721042074579,-546.2737967813583,802.2721042074579,-546.2737967813583,970.5954822887767,33.483352952543896,143.0949215520457,1499.771542734587,-26.178609655925268,-1.0,35.71030260210157,37.71030260210158,VALID_POLYGON,1134,0,1134,refine_5m
772.2721042074579,581.2737967813584,772.2721042074579,581.2737967813584,966.5833796220742,37.35347546832929,143.13789284059487,1499.771542734587,26.178609655925268,1.0,323.65571557268055,38.344284427319444,VALID_POLYGON,1134,0,1134,refine_5m
772.2721042074579,-581.2737967813583,772.2721042074579,-581.2737967813583,966.5833796220741,37.35347546832929,143.1378928405957,1499.771542734587,-26.178609655925268,-1.0,36.344284427319444,38.344284427319444,VALID_POLYGON,1134,0,1134,refine_5m
760.908537073296,594.52855613763,760.908537073296,594.52855613763,965.6324382776909,38.24803669348,143.2213512013532,1499.771542734587,26.178609655925268,1.0,323.43171059750915,38.56828940249085,VALID_POLYGON,1134,0,1134,refine_5m
760.908537073296,-594.52855613763,760.908537073296,-594.52855613763,965.6324382776909,38.24803669348,143.22135120135385,1499.771542734587,-26.178609655925268,-1.0,36.56828940249083,38.56828940249085,VALID_POLYGON,1134,0,1134,refine_5m
785.908537073296,564.52855613763,785.908537073296,564.52855613763,967.649068278126,36.35569074287969,143.22901991704583,1499.771542734587,26.178609655925268,1.0,323.9787310630376,38.02126893696237,VALID_POLYGON,1134,0,1134,refine_5m
785.908537073296,-564.52855613763,785.908537073296,-564.52855613763,967.649068278126,36.35569074287969,143.22901991704626,1499.771542734587,-26.178609655925268,-1.0,36.021268936962386,38.02126893696237,VALID_POLYGON,1134,0,1134,refine_5m
797.2721042074579,-551.2737967813583,797.2721042074579,-551.2737967813583,969.3016079451854,34.75634632975937,143.2316869684659,1499.771542734587,-26.178609655925268,-1.0,35.776903381475975,37.77690338147597,VALID_POLYGON,1134,0,1134,refine_5m
797.2721042074579,551.2737967813584,797.2721042074579,551.2737967813584,969.3016079451855,34.75634632975925,143.23168696846653,1499.771542734587,26.178609655925268,1.0,324.22309661852404,37.77690338147598,VALID_POLYGON,1134,0,1134,refine_5m
792.2721042074579,-556.2737967813583,792.2721042074579,-556.2737967813583,968.0576553547113,35.97915329517161,143.37244232479827,1499.771542734587,-26.178609655925268,-1.0,35.842449711275286,37.842449711275286,VALID_POLYGON,1134,0,1134,refine_5m
792.2721042074579,556.2737967813584,792.2721042074579,556.2737967813584,968.0576553547114,35.97915329517161,143.3724423247987,1499.771542734587,26.178609655925268,1.0,324.1575502887247,37.8424497112753,VALID_POLYGON,1134,0,1134,refine_5m
780.908537073296,569.52855613763,780.908537073296,569.52855613763,966.5303510651742,37.4526401473247,143.38211504961748,1499.771542734587,26.178609655925268,1.0,323.9163233633518,38.083676636648185,VALID_POLYGON,1134,0,1134,refine_5m
780.908537073296,-569.52855613763,780.908537073296,-569.52855613763,966.5303510651742,37.4526401473247,143.38211504961748,1499.771542734587,-26.178609655925268,-1.0,36.08367663664819,38.083676636648185,VALID_POLYGON,1134,0,1134,refine_5m
659.5449699391339,727.7833154939019,659.5449699391339,727.7833154939019,982.1751990776949,21.109969299382442,143.3962100355186,1499.771542734587,26.178609655925268,1.0,321.1374951210126,40.86250487898743,VALID_POLYGON,200,0,200,refine_20m
659.5449699391339,-727.7833154939017,659.5449699391339,-727.7833154939017,982.1751990776946,21.10996929938267,143.39621003551903,1499.771542734587,-26.178609655925268,-1.0,38.86250487898741,40.86250487898743,VALID_POLYGON,200,0,200,refine_20m
619.5449699391339,-787.7833154939017,619.5449699391339,-787.7833154939017,1002.2168038640375,0.7970661616740244,143.39831880598925,1499.771542734587,-26.178609655925268,-1.0,39.86757585563516,41.86757585563516,VALID_POLYGON,200,0,200,refine_20m
619.5449699391339,787.7833154939019,619.5449699391339,787.7833154939019,1002.2168038640376,0.7970661616737971,143.39831880598987,1499.771542734587,26.178609655925268,1.0,320.13242414436485,41.86757585563519,VALID_POLYGON,200,0,200,refine_20m
762.2721042074579,-591.2737967813583,762.2721042074579,-591.2737967813583,964.7090046294315,39.182590158493326,143.47737389152198,1499.771542734587,-26.178609655925268,-1.0,36.46046747226492,38.46046747226492,VALID_POLYGON,200,0,200,refine_20m
762.2721042074579,591.2737967813584,762.2721042074579,591.2737967813584,964.7090046294317,39.182590158493326,143.47737389152303,1499.771542734587,26.178609655925268,1.0,323.5395325277351,38.46046747226492,VALID_POLYGON,200,0,200,refine_20m
787.2721042074579,561.2737967813584,787.2721042074579,561.2737967813584,966.8638172031261,37.1515826401785,143.51707598005083,1499.771542734587,26.178609655925268,1.0,324.09303373105655,37.906966268943464,VALID_POLYGON,1134,0,1134,refine_5m
787.2721042074579,-561.2737967813583,787.2721042074579,-561.2737967813583,966.8638172031261,37.15158264017862,143.51707598005146,1499.771542734587,-26.178609655925268,-1.0,35.90696626894346,37.90696626894346,VALID_POLYGON,1134,0,1134,refine_5m
730.908537073296,-629.52855613763,730.908537073296,-629.52855613763,964.6416394492593,39.083568524305974,143.59190469960177,1499.771542734587,-26.178609655925268,-1.0,37.122344511373136,39.12234451137313,VALID_POLYGON,200,0,200,refine_20m
730.908537073296,629.52855613763,730.908537073296,629.52855613763,964.6416394492593,39.083568524305974,143.59190469960262,1499.771542734587,26.178609655925268,1.0,322.8776554886269,39.12234451137313,VALID_POLYGON,200,0,200,refine_20m
670.908537073296,-709.52855613763,670.908537073296,-709.52855613763,976.498354884728,26.865989004879566,143.6379722619967,1499.771542734587,-26.178609655925268,-1.0,38.503622192480755,40.50362219248077,VALID_POLYGON,200,0,200,refine_20m
670.908537073296,709.52855613763,670.908537073296,709.52855613763,976.498354884728,26.865989004879566,143.6379722619971,1499.771542734587,26.178609655925268,1.0,321.49637780751925,40.50362219248077,VALID_POLYGON,200,0,200,refine_20m
782.2721042074579,566.2737967813584,782.2721042074579,566.2737967813584,965.7202793471508,38.27345012049727,143.6654805382367,1499.771542734587,26.178609655925268,1.0,324.02952302697565,37.97047697302437,VALID_POLYGON,1134,0,1134,refine_5m
782.2721042074579,-566.2737967813583,782.2721042074579,-566.2737967813583,965.7202793471508,38.27345012049727,143.66548053823755,1499.771542734587,-26.178609655925268,-1.0,35.970476973024354,37.970476973024354,VALID_POLYGON,1134,0,1134,refine_5m
850.908537073296,489.52855613762995,850.908537073296,489.52855613762995,981.6738489632946,22.612568703773036,143.6959017189975,1499.771542734587,26.178609655925268,1.0,325.4695514612732,36.530448538726795,VALID_POLYGON,200,0,200,refine_20m
850.908537073296,-489.52855613762995,850.908537073296,-489.52855613762995,981.6738489632946,22.612568703773036,143.6959017189977,1499.771542734587,-26.178609655925268,-1.0,34.5304485387268,36.530448538726795,VALID_POLYGON,200,0,200,refine_20m
770.908537073296,-579.52855613763,770.908537073296,-579.52855613763,964.4445654942825,39.49411748245825,143.69888194743774,1499.771542734587,-26.178609655925268,-1.0,36.205626134491624,38.20562613449164,VALID_POLYGON,1134,0,1134,refine_5m
770.908537073296,579.52855613763,770.908537073296,579.52855613763,964.4445654942825,39.49411748245825,143.69888194743837,1499.771542734587,26.178609655925268,1.0,323.79437386550836,38.20562613449164,VALID_POLYGON,1134,0,1134,refine_5m
777.2721042074579,571.2737967813584,777.2721042074579,571.2737967813584,964.627220675468,39.344578595451594,143.81755264733366,1499.771542734587,26.178609655925268,1.0,323.96699498808687,38.03300501191315,VALID_POLYGON,1134,0,1134,refine_5m
777.2721042074579,-571.2737967813583,777.2721042074579,-571.2737967813583,964.627220675468,39.34457859545171,143.8175526473345,1499.771542734587,-26.178609655925268,-1.0,36.03300501191315,38.03300501191315,VALID_POLYGON,1134,0,1134,refine_5m
765.908537073296,584.52855613763,765.908537073296,584.52855613763,963.4778254335171,40.43832113483984,143.86236565073835,1499.771542734587,26.178609655925268,1.0,323.7347887989516,38.265211201048324,VALID_POLYGON,1134,0,1134,refine_5m
765.908537073296,-584.52855613763,765.908537073296,-584.52855613763,963.4778254335171,40.43832113483984,143.86236565073898,1499.771542734587,-26.178609655925268,-1.0,36.265211201048345,38.265211201048324,VALID_POLYGON,1134,0,1134,refine_5m
699.5449699391339,667.7833154939019,699.5449699391339,667.7833154939019,967.1079161185539,36.441552671041336,143.95812238719603,1499.771542734587,26.178609655925268,1.0,322.27810048885834,39.72189951114167,VALID_POLYGON,200,0,200,refine_20m
699.5449699391339,-667.7833154939017,699.5449699391339,-667.7833154939017,967.1079161185537,36.44155267104156,143.95812238719665,1499.771542734587,-26.178609655925268,-1.0,37.72189951114165,39.72189951114164,VALID_POLYGON,200,0,200,refine_20m
772.2721042074579,576.2737967813584,772.2721042074579,576.2737967813584,963.5848129738332,40.3647981629847,143.97319280955836,1499.771542734587,26.178609655925268,1.0,323.90542712868046,38.09457287131951,VALID_POLYGON,1134,0,1134,refine_5m
772.2721042074579,-576.2737967813583,772.2721042074579,-576.2737967813583,963.5848129738331,40.36479816298481,143.97319280955944,1499.771542734587,-26.178609655925268,-1.0,36.09457287131951,38.09457287131951,VALID_POLYGON,1134,0,1134,refine_5m
830.908537073296,509.52855613762995,830.908537073296,509.52855613762995,974.6939758206074,29.518443431958417,144.00426622188456,1499.771542734587,26.178609655925268,1.0,325.14646214085565,36.853537859144325,VALID_POLYGON,200,0,200,refine_20m
830.908537073296,-509.52855613762995,830.908537073296,-509.52855613762995,974.6939758206074,29.518443431958417,144.0042662218852,1499.771542734587,-26.178609655925268,-1.0,34.85353785914433,36.853537859144325,VALID_POLYGON,200,0,200,refine_20m
802.2721042074579,-541.2737967813583,802.2721042074579,-541.2737967813583,967.7901902125116,36.30097103311277,144.0119188473406,1499.771542734587,-26.178609655925268,-1.0,35.44543464242032,37.44543464242033,VALID_POLYGON,1134,0,1134,refine_5m
802.2721042074579,541.2737967813584,802.2721042074579,541.2737967813584,967.7901902125117,36.30097103311266,144.01191884734146,1499.771542734587,26.178609655925268,1.0,324.5545653575797,37.44543464242033,VALID_POLYGON,1134,0,1134,refine_5m
760.908537073296,-589.52855613763,760.908537073296,-589.52855613763,962.5620604889547,41.33129771424808,144.02912984609185,1499.771542734587,-26.178609655925268,-1.0,36.32389758437495,38.32389758437497,VALID_POLYGON,1134,0,1134,refine_5m
760.908537073296,589.52855613763,760.908537073296,589.52855613763,962.5620604889547,41.33129771424808,144.0291298460929,1499.771542734587,26.178609655925268,1.0,323.67610241562505,38.32389758437497,VALID_POLYGON,1134,0,1134,refine_5m
785.908537073296,559.52855613763,785.908537073296,559.52855613763,964.7406044000372,39.276732569709,144.10332953823684,1499.771542734587,26.178609655925268,1.0,324.2354121179451,37.76458788205494,VALID_POLYGON,1134,0,1134,refine_5m
785.908537073296,-559.52855613763,785.908537073296,-559.52855613763,964.7406044000372,39.276732569709,144.10332953823703,1499.771542734587,-26.178609655925268,-1.0,35.76458788205494,37.76458788205494,VALID_POLYGON,1134,0,1134,refine_5m
797.2721042074579,-546.2737967813583,797.2721042074579,-546.2737967813583,966.466693268479,37.603667732186295,144.13787011766485,1499.771542734587,-26.178609655925268,-1.0,35.51438243270901,37.51438243270902,VALID_POLYGON,1134,0,1134,refine_5m
797.2721042074579,546.2737967813584,797.2721042074579,546.2737967813584,966.4666932684792,37.603667732186295,144.13787011766547,1499.771542734587,26.178609655925268,1.0,324.485617567291,37.51438243270902,VALID_POLYGON,1134,0,1134,refine_5m
742.2721042074579,611.2737967813584,742.2721042074579,611.2737967813584,961.5734664164069,42.22464910720498,144.19292771120294,1499.771542734587,26.178609655925268,1.0,323.3173780504921,38.6826219495079,VALID_POLYGON,200,0,200,refine_20m
742.2721042074579,-611.2737967813583,742.2721042074579,-611.2737967813583,961.5734664164069,42.22464910720498,144.19292771120357,1499.771542734587,-26.178609655925268,-1.0,36.68262194950789,38.68262194950789,VALID_POLYGON,200,0,200,refine_20m
780.908537073296,564.52855613763,780.908537073296,564.52855613763,963.5925663727344,40.40307327625453,144.24656663032113,1499.771542734587,26.178609655925268,1.0,324.1707947877302,37.82920521226984,VALID_POLYGON,1134,0,1134,refine_5m
780.908537073296,-564.52855613763,780.908537073296,-564.52855613763,963.5925663727344,40.40307327625453,144.24656663032155,1499.771542734587,-26.178609655925268,-1.0,35.82920521226984,37.82920521226984,VALID_POLYGON,1134,0,1134,refine_5m
792.2721042074579,551.2737967813584,792.2721042074579,551.2737967813584,965.1931859079028,38.8561073942368,144.26806501250707,1499.771542734587,26.178609655925268,1.0,324.41776435185875,37.58223564814129,VALID_POLYGON,1134,0,1134,refine_5m
792.2721042074579,-551.2737967813583,792.2721042074579,-551.2737967813583,965.1931859079028,38.856107394236915,144.26806501250812,1499.771542734587,-26.178609655925268,-1.0,35.582235648141264,37.58223564814128,VALID_POLYGON,1134,0,1134,refine_5m
810.908537073296,529.52855613763,810.908537073296,529.52855613763,968.4901379278759,35.64388713420749,144.39922753494633,1499.771542734587,26.178609655925268,1.0,324.8445225123903,37.1554774876097,VALID_POLYGON,200,0,200,refine_20m
810.908537073296,-529.52855613763,810.908537073296,-529.52855613763,968.4901379278759,35.64388713420749,144.39922753494676,1499.771542734587,-26.178609655925268,-1.0,35.15547748760969,37.1554774876097,VALID_POLYGON,200,0,200,refine_20m
710.908537073296,-649.52855613763,710.908537073296,-649.52855613763,962.952902961473,40.67281438350017,144.41460738937812,1499.771542734587,-26.178609655925268,-1.0,37.31536131320139,39.3153613132014,VALID_POLYGON,200,0,200,refine_20m
710.908537073296,649.52855613763,710.908537073296,649.52855613763,962.952902961473,40.67281438350017,144.4146073893794,1499.771542734587,26.178609655925268,1.0,322.6846386867986,39.3153613132014,VALID_POLYGON,200,0,200,refine_20m
639.5449699391339,-747.7833154939017,639.5449699391339,-747.7833154939017,983.9703529606468,19.205074417916308,144.43586695306985,1499.771542734587,-26.178609655925268,-1.0,38.99174824486062,40.99174824486062,VALID_POLYGON,200,0,200,refine_20m
639.5449699391339,747.7833154939019,639.5449699391339,747.7833154939019,983.970352960647,19.205074417916194,144.43586695307047,1499.771542734587,26.178609655925268,1.0,321.0082517551394,40.99174824486063,VALID_POLYGON,200,0,200,refine_20m
782.2721042074579,561.2737967813584,782.2721042074579,561.2737967813584,962.7969256154308,41.20943571862563,144.5407092730056,1499.771542734587,26.178609655925268,1.0,324.28523974010204,37.71476025989797,VALID_POLYGON,1134,0,1134,refine_5m
782.2721042074579,-561.2737967813583,782.2721042074579,-561.2737967813583,962.7969256154308,41.20943571862574,144.5407092730062,1499.771542734587,-26.178609655925268,-1.0,35.71476025989797,37.71476025989797,VALID_POLYGON,1134,0,1134,refine_5m
759.5449699391339,587.7833154939019,759.5449699391339,587.7833154939019,960.4154243517977,43.479703931787185,144.58565692935554,1499.771542734587,26.178609655925268,1.0,323.8126646127536,38.187335387246385,VALID_POLYGON,200,0,200,refine_20m
759.5449699391339,-587.7833154939017,759.5449699391339,-587.7833154939017,960.4154243517976,43.4797039317873,144.5856569293564,1499.771542734587,-26.178609655925268,-1.0,36.18733538724637,38.18733538724638,VALID_POLYGON,200,0,200,refine_20m
777.2721042074579,566.2737967813584,777.2721042074579,566.2737967813584,961.6745483271691,42.30995197516279,144.68293177188477,1499.771542734587,26.178609655925268,1.0,324.2205193384156,37.77948066158438,VALID_POLYGON,1134,0,1134,refine_5m
777.2721042074579,-566.2737967813583,777.2721042074579,-566.2737967813583,961.674548327169,42.3099519751629,144.68293177188562,1499.771542734587,-26.178609655925268,-1.0,35.779480661584365,37.77948066158438,VALID_POLYGON,1134,0,1134,refine_5m
765.908537073296,-579.52855613763,765.908537073296,-579.52855613763,960.4526196230205,43.4763686323131,144.69854714951106,1499.771542734587,-26.178609655925268,-1.0,36.01715157884295,38.017151578842956,VALID_POLYGON,1134,0,1134,refine_5m
765.908537073296,579.52855613763,765.908537073296,579.52855613763,960.4526196230205,43.4763686323131,144.69854714951106,1499.771542734587,26.178609655925268,1.0,323.98284842115703,38.017151578842956,VALID_POLYGON,1134,0,1134,refine_5m
772.2721042074579,-571.2737967813583,772.2721042074579,-571.2737967813583,960.6029116268612,43.359466666484195,144.82894373209092,1499.771542734587,-26.178609655925268,-1.0,35.84320455780068,37.84320455780067,VALID_POLYGON,1134,0,1134,refine_5m
772.2721042074579,571.2737967813584,772.2721042074579,571.2737967813584,960.6029116268613,43.359466666484195,144.828943732092,1499.771542734587,26.178609655925268,1.0,324.1567954421993,37.84320455780068,VALID_POLYGON,1134,0,1134,refine_5m
760.908537073296,584.52855613763,760.908537073296,584.52855613763,959.5079128028939,44.39834525020342,144.85629945678,1499.771542734587,26.178609655925268,1.0,323.922094257434,38.077905742566,VALID_POLYGON,1134,0,1134,refine_5m
760.908537073296,-584.52855613763,760.908537073296,-584.52855613763,959.5079128028939,44.39834525020342,144.85629945678085,1499.771542734587,-26.178609655925268,-1.0,36.07790574256599,38.077905742566,VALID_POLYGON,1134,0,1134,refine_5m
679.5449699391339,687.7833154939019,679.5449699391339,687.7833154939019,966.8646519763573,36.58011476744832,144.8678596419816,1499.771542734587,26.178609655925268,1.0,322.1099312014356,39.890068798564414,VALID_POLYGON,200,0,200,refine_20m
679.5449699391339,-687.7833154939017,679.5449699391339,-687.7833154939017,966.8646519763572,36.58011476744855,144.86785964198265,1499.771542734587,-26.178609655925268,-1.0,37.89006879856439,39.89006879856439,VALID_POLYGON,200,0,200,refine_20m
790.908537073296,-549.52855613763,790.908537073296,-549.52855613763,963.0773323187134,40.973945502775564,144.87077185254188,1499.771542734587,-26.178609655925268,-1.0,35.438263078320965,37.438263078320965,VALID_POLYGON,200,0,200,refine_20m
790.908537073296,549.52855613763,790.908537073296,549.52855613763,963.0773323187134,40.973945502775564,144.8707718525427,1499.771542734587,26.178609655925268,1.0,324.561736921679,37.438263078320965,VALID_POLYGON,200,0,200,refine_20m
882.2721042074579,451.27379678135844,882.2721042074579,451.27379678135844,990.9854214488315,13.422843178319113,145.06446308035166,1499.771542734587,26.178609655925268,1.0,326.45593620950865,35.54406379049136,VALID_POLYGON,200,0,200,refine_20m
882.2721042074579,-451.2737967813583,882.2721042074579,-451.2737967813583,990.9854214488315,13.422843178319113,145.06446308035248,1499.771542734587,-26.178609655925268,-1.0,33.54406379049134,35.54406379049134,VALID_POLYGON,200,0,200,refine_20m
797.2721042074579,541.2737967813584,797.2721042074579,541.2737967813584,963.649381896494,40.43338439980903,145.06730108452177,1499.771542734587,26.178609655925268,1.0,324.749931702769,37.250068297231024,VALID_POLYGON,1134,0,1134,refine_5m
797.2721042074579,-541.2737967813583,797.2721042074579,-541.2737967813583,963.649381896494,40.43338439980903,145.06730108452237,1499.771542734587,-26.178609655925268,-1.0,35.25006829723102,37.250068297231,VALID_POLYGON,1134,0,1134,refine_5m
862.2721042074579,471.27379678135844,862.2721042074579,471.27379678135844,982.6556737876571,21.68613723119188,145.11716921885534,1499.771542734587,26.178609655925268,1.0,326.0776728969227,35.92232710307732,VALID_POLYGON,200,0,200,refine_20m
862.2721042074579,-471.2737967813583,862.2721042074579,-471.2737967813583,982.6556737876571,21.686137231191992,145.11716921885554,1499.771542734587,-26.178609655925268,-1.0,33.92232710307731,35.92232710307732,VALID_POLYGON,200,0,200,refine_20m
780.908537073296,559.52855613763,780.908537073296,559.52855613763,960.6718213872083,43.336473154767305,145.13255639971038,1499.771542734587,26.178609655925268,1.0,324.4269703303048,37.5730296696952,VALID_POLYGON,1134,0,1134,refine_5m
780.908537073296,-559.52855613763,780.908537073296,-559.52855613763,960.6718213872083,43.336473154767305,145.132556399711,1499.771542734587,-26.178609655925268,-1.0,35.573029669695195,37.5730296696952,VALID_POLYGON,1134,0,1134,refine_5m
902.2721042074579,431.27379678135844,902.2721042074579,431.27379678135844,1000.0460178517598,4.424307930794839,145.1459319311759,1499.771542734587,26.178609655925268,1.0,326.8633489628034,35.13665103719662,VALID_POLYGON,200,0,200,refine_20m
902.2721042074579,-431.2737967813583,902.2721042074579,-431.2737967813583,1000.0460178517598,4.424307930794953,145.14593193117676,1499.771542734587,-26.178609655925268,-1.0,33.13665103719661,35.13665103719661,VALID_POLYGON,200,0,200,refine_20m
792.2721042074579,-546.2737967813583,792.2721042074579,-546.2737967813583,962.3461685668177,41.71561021520165,145.18647443926184,1499.771542734587,-26.178609655925268,-1.0,35.320255484282605,37.320255484282605,VALID_POLYGON,1134,0,1134,refine_5m
792.2721042074579,546.2737967813584,792.2721042074579,546.2737967813584,962.3461685668177,41.71561021520165,145.1864744392627,1499.771542734587,26.178609655925268,1.0,324.6797445157174,37.320255484282626,VALID_POLYGON,1134,0,1134,refine_5m
739.5449699391339,607.7833154939019,739.5449699391339,607.7833154939019,957.2498739383748,46.551485064384224,145.26619126883185,1499.771542734587,26.178609655925268,1.0,323.58251961636415,38.41748038363586,VALID_POLYGON,200,0,200,refine_20m
739.5449699391339,-607.7833154939017,739.5449699391339,-607.7833154939017,957.2498739383747,46.55148506438445,145.26619126883227,1499.771542734587,-26.178609655925268,-1.0,36.41748038363585,38.41748038363586,VALID_POLYGON,200,0,200,refine_20m
690.908537073296,669.52855613763,690.908537073296,669.52855613763,962.0930797404695,41.42975747952289,145.27285414259958,1499.771542734587,26.178609655925268,1.0,322.5021146264046,39.49788537359543,VALID_POLYGON,200,0,200,refine_20m
690.908537073296,-669.52855613763,690.908537073296,-669.52855613763,962.0930797404695,41.42975747952289,145.27285414259998,1499.771542734587,-26.178609655925268,-1.0,37.49788537359543,39.49788537359543,VALID_POLYGON,200,0,200,refine_20m
842.2721042074579,491.27379678135844,842.2721042074579,491.27379678135844,975.075505245635,29.195415230798858,145.28635396815116,1499.771542734587,26.178609655925268,1.0,325.7255684228982,36.27443157710177,VALID_POLYGON,200,0,200,refine_20m
842.2721042074579,-491.2737967813583,842.2721042074579,-491.2737967813583,975.0755052456349,29.19541523079897,145.2863539681516,1499.771542734587,-26.178609655925268,-1.0,34.274431577101765,36.27443157710177,VALID_POLYGON,200,0,200,refine_20m
770.908537073296,-569.52855613763,770.908537073296,-569.52855613763,958.4689607852217,45.49529388933581,145.4104031977157,1499.771542734587,-26.178609655925268,-1.0,35.703648642599134,37.703648642599134,VALID_POLYGON,200,0,200,refine_20m
770.908537073296,569.52855613763,770.908537073296,569.52855613763,958.4689607852217,45.49529388933581,145.41040319771653,1499.771542734587,26.178609655925268,1.0,324.29635135740085,37.703648642599134,VALID_POLYGON,200,0,200,refine_20m
619.5449699391339,-767.7833154939017,619.5449699391339,-767.7833154939017,986.5734586576361,16.490122118707745,145.49491678797065,1499.771542734587,-26.178609655925268,-1.0,39.11466384567404,41.114663845674045,VALID_POLYGON,200,0,200,refine_20m
619.5449699391339,767.7833154939019,619.5449699391339,767.7833154939019,986.5734586576364,16.490122118707518,145.49491678797148,1499.771542734587,26.178609655925268,1.0,320.88533615432596,41.11466384567405,VALID_POLYGON,200,0,200,refine_20m
822.2721042074579,511.27379678135844,822.2721042074579,511.27379678135844,968.2625205144452,35.93305754622213,145.5573432413156,1499.771542734587,26.178609655925268,1.0,325.39702399852575,36.60297600147424,VALID_POLYGON,200,0,200,refine_20m
822.2721042074579,-511.2737967813583,822.2721042074579,-511.2737967813583,968.2625205144451,35.933057546222244,145.55734324131646,1499.771542734587,-26.178609655925268,-1.0,34.60297600147423,36.60297600147423,VALID_POLYGON,200,0,200,refine_20m
777.2721042074579,561.2737967813584,777.2721042074579,561.2737967813584,958.7388585701797,45.25835039122785,145.56979799906563,1499.771542734587,26.178609655925268,1.0,324.4757320261522,37.524267973847834,VALID_POLYGON,1134,0,1134,refine_5m
777.2721042074579,-561.2737967813583,777.2721042074579,-561.2737967813583,958.7388585701796,45.25835039122785,145.56979799906605,1499.771542734587,-26.178609655925268,-1.0,35.52426797384783,37.52426797384783,VALID_POLYGON,1134,0,1134,refine_5m
760.908537073296,-579.52855613763,760.908537073296,-579.52855613763,956.4701506947248,47.44902268757744,145.70344184102774,1499.771542734587,-26.178609655925268,-1.0,35.830307270660704,37.830307270660725,VALID_POLYGON,1134,0,1134,refine_5m
760.908537073296,579.52855613763,760.908537073296,579.52855613763,956.4701506947248,47.44902268757744,145.7034418410286,1499.771542734587,26.178609655925268,1.0,324.1696927293393,37.830307270660725,VALID_POLYGON,1134,0,1134,refine_5m
772.2721042074579,-566.2737967813583,772.2721042074579,-566.2737967813583,957.6378312588689,46.337324087548154,145.70577454238446,1499.771542734587,-26.178609655925268,-1.0,35.590172716914736,37.59017271691474,VALID_POLYGON,1134,0,1134,refine_5m
772.2721042074579,566.2737967813584,772.2721042074579,566.2737967813584,957.6378312588689,46.337324087548154,145.7057745423851,1499.771542734587,26.178609655925268,1.0,324.40982728308524,37.59017271691474,VALID_POLYGON,1134,0,1134,refine_5m
659.5449699391339,707.7833154939019,659.5449699391339,707.7833154939019,967.4485976337727,35.88855981063455,145.8061474446075,1499.771542734587,26.178609655925268,1.0,321.9505046853751,40.04949531462487,VALID_POLYGON,200,0,200,refine_20m
659.5449699391339,-707.7833154939017,659.5449699391339,-707.7833154939017,967.4485976337725,35.88855981063466,145.80614744460834,1499.771542734587,-26.178609655925268,-1.0,38.04949531462486,40.04949531462487,VALID_POLYGON,200,0,200,refine_20m
802.2721042074579,-531.2737967813583,802.2721042074579,-531.2737967813583,962.2330156131321,41.882785221218114,145.91786598403962,1499.771542734587,-26.178609655925268,-1.0,34.91022890630393,36.910228906303935,VALID_POLYGON,200,0,200,refine_20m
802.2721042074579,531.2737967813584,802.2721042074579,531.2737967813584,962.2330156131322,41.882785221218,145.91786598404028,1499.771542734587,26.178609655925268,1.0,325.0897710936961,36.910228906303935,VALID_POLYGON,200,0,200,refine_20m
719.5449699391339,-627.7833154939017,719.5449699391339,-627.7833154939017,954.9119618987003,48.79178700168893,145.99423809801328,1499.771542734587,-26.178609655925268,-1.0,36.6345268458923,38.63452684589231,VALID_POLYGON,200,0,200,refine_20m
719.5449699391339,627.7833154939019,719.5449699391339,627.7833154939019,954.9119618987004,48.79178700168882,145.9942380980137,1499.771542734587,26.178609655925268,1.0,323.3654731541077,38.63452684589232,VALID_POLYGON,200,0,200,refine_20m
750.908537073296,589.52855613763,750.908537073296,589.52855613763,954.6766727805159,49.19639526856156,146.01086536706947,1499.771542734587,26.178609655925268,1.0,324.0468182039588,37.95318179604119,VALID_POLYGON,200,0,200,refine_20m
750.908537073296,-589.52855613763,750.908537073296,-589.52855613763,954.6766727805159,49.19639526856156,146.0108653670699,1499.771542734587,-26.178609655925268,-1.0,35.953181796041186,37.95318179604119,VALID_POLYGON,200,0,200,refine_20m
792.2721042074579,541.2737967813584,792.2721042074579,541.2737967813584,959.516758679816,44.557505070510274,146.12840597703774,1499.771542734587,26.178609655925268,1.0,324.9434977552173,37.056502244782706,VALID_POLYGON,1134,0,1134,refine_5m
792.2721042074579,-541.2737967813583,792.2721042074579,-541.2737967813583,959.516758679816,44.55750507051039,146.12840597703857,1499.771542734587,-26.178609655925268,-1.0,35.056502244782685,37.05650224478269,VALID_POLYGON,1134,0,1134,refine_5m
670.908537073296,689.52855613763,670.908537073296,689.52855613763,962.0643922560874,41.352426264657765,146.16352653664768,1499.771542734587,26.178609655925268,1.0,322.32925376254315,39.670746237456875,VALID_POLYGON,200,0,200,refine_20m
670.908537073296,-689.52855613763,670.908537073296,-689.52855613763,962.0643922560874,41.352426264657765,146.16352653664808,1499.771542734587,-26.178609655925268,-1.0,37.67074623745687,39.670746237456875,VALID_POLYGON,200,0,200,refine_20m
782.2721042074579,551.2737967813584,782.2721042074579,551.2737967813584,957.0017993916722,47.02984045735968,146.35758090475906,1499.771542734587,26.178609655925268,1.0,324.80182102985106,37.19817897014896,VALID_POLYGON,200,0,200,refine_20m
782.2721042074579,-551.2737967813583,782.2721042074579,-551.2737967813583,957.0017993916721,47.029840457359796,146.3575809047595,1499.771542734587,-26.178609655925268,-1.0,35.19817897014896,37.19817897014896,VALID_POLYGON,200,0,200,refine_20m
599.5449699391339,-787.7833154939017,599.5449699391339,-787.7833154939017,989.9781427637083,12.97179689099869,146.57193933470083,1499.771542734587,-26.178609655925268,-1.0,39.23170423604389,41.23170423604389,VALID_POLYGON,200,0,200,refine_20m
599.5449699391339,787.7833154939019,599.5449699391339,787.7833154939019,989.9781427637085,12.971796890998462,146.57193933470145,1499.771542734587,26.178609655925268,1.0,320.7682957639561,41.231704236043896,VALID_POLYGON,200,0,200,refine_20m
772.2721042074579,561.2737967813584,772.2721042074579,561.2737967813584,954.6897285979232,49.298212455471,146.6043396805524,1499.771542734587,26.178609655925268,1.0,324.66452925153055,37.335470748469476,VALID_POLYGON,1134,0,1134,refine_5m
772.2721042074579,-561.2737967813583,772.2721042074579,-561.2737967813583,954.6897285979232,49.298212455471116,146.60433968055327,1499.771542734587,-26.178609655925268,-1.0,35.33547074846946,37.335470748469476,VALID_POLYGON,1134,0,1134,refine_5m
730.908537073296,-609.52855613763,730.908537073296,-609.52855613763,951.7102239199963,52.067641889364836,146.66592278262283,1499.771542734587,-26.178609655925268,-1.0,36.18823305287862,38.18823305287863,VALID_POLYGON,200,0,200,refine_20m
730.908537073296,609.52855613763,730.908537073296,609.52855613763,951.7102239199963,52.067641889364836,146.66592278262348,1499.771542734587,26.178609655925268,1.0,323.8117669471214,38.18823305287863,VALID_POLYGON,200,0,200,refine_20m
873.63567134162,-453.0190374250866,873.63567134162,-453.0190374250866,984.1064650280858,20.28852660094276,146.74482238688685,1499.771542734587,-26.178609655925268,-1.0,33.28247944233948,35.282479442339486,VALID_POLYGON,200,0,200,refine_20m
873.63567134162,453.0190374250867,873.63567134162,453.0190374250867,984.1064650280858,20.28852660094276,146.74482238688728,1499.771542734587,26.178609655925268,1.0,326.7175205576605,35.2824794423395,VALID_POLYGON,200,0,200,refine_20m
853.63567134162,473.0190374250867,853.63567134162,473.0190374250867,975.9307706765956,28.396497652767266,146.7531025344561,1499.771542734587,26.178609655925268,1.0,326.3338938910974,35.66610610890262,VALID_POLYGON,200,0,200,refine_20m
853.63567134162,-473.0190374250866,853.63567134162,-473.0190374250866,975.9307706765956,28.39649765276738,146.75310253445696,1499.771542734587,-26.178609655925268,-1.0,33.6661061089026,35.6661061089026,VALID_POLYGON,200,0,200,refine_20m
699.5449699391339,647.7833154939019,699.5449699391339,647.7833154939019,953.4077767668018,50.19472610542425,146.76527676503343,1499.771542734587,26.178609655925268,1.0,323.16044365835467,38.83955634164537,VALID_POLYGON,200,0,200,refine_20m
699.5449699391339,-647.7833154939017,699.5449699391339,-647.7833154939017,953.4077767668017,50.19472610542448,146.7652767650343,1499.771542734587,-26.178609655925268,-1.0,36.83955634164535,38.839556341645356,VALID_POLYGON,200,0,200,refine_20m
639.5449699391339,-727.7833154939017,639.5449699391339,-727.7833154939017,968.8582573760435,34.36867131056613,146.77064772552598,1499.771542734587,-26.178609655925268,-1.0,38.20084127659331,40.20084127659331,VALID_POLYGON,200,0,200,refine_20m
639.5449699391339,727.7833154939019,639.5449699391339,727.7833154939019,968.8582573760436,34.3686713105659,146.7706477255266,1499.771542734587,26.178609655925268,1.0,321.79915872340666,40.20084127659333,VALID_POLYGON,200,0,200,refine_20m
762.2721042074579,571.2737967813584,762.2721042074579,571.2737967813584,952.582023629385,51.361157920465416,146.86771063740682,1499.771542734587,26.178609655925268,1.0,324.5314234549446,37.468576545055356,VALID_POLYGON,200,0,200,refine_20m
762.2721042074579,-571.2737967813583,762.2721042074579,-571.2737967813583,952.582023629385,51.36115792046553,146.86771063740787,1499.771542734587,-26.178609655925268,-1.0,35.46857654505535,37.46857654505535,VALID_POLYGON,200,0,200,refine_20m
893.63567134162,-433.0190374250866,893.63567134162,-433.0190374250866,993.0207449327211,11.437520211244191,146.8749846213554,1499.771542734587,-26.178609655925268,-1.0,32.869644433269876,34.869644433269876,VALID_POLYGON,200,0,200,refine_20m
893.63567134162,433.0190374250867,893.63567134162,433.0190374250867,993.0207449327212,11.437520211244191,146.87498462135582,1499.771542734587,26.178609655925268,1.0,327.13035556673015,34.86964443326989,VALID_POLYGON,200,0,200,refine_20m
833.63567134162,-493.0190374250866,833.63567134162,-493.0190374250866,968.512366362326,35.74268971551669,146.88160357919136,1499.771542734587,-26.178609655925268,-1.0,34.023487259056246,36.02348725905624,VALID_POLYGON,200,0,200,refine_20m
833.63567134162,493.0190374250867,833.63567134162,493.0190374250867,968.512366362326,35.742689715516576,146.8816035791918,1499.771542734587,26.178609655925268,1.0,325.97651274094375,36.02348725905624,VALID_POLYGON,200,0,200,refine_20m
650.908537073296,709.52855613763,650.908537073296,709.52855613763,962.8669147964573,40.44102244231465,147.0838748267965,1499.771542734587,26.178609655925268,1.0,322.1653114124748,39.83468858752522,VALID_POLYGON,200,0,200,refine_20m
650.908537073296,-709.52855613763,650.908537073296,-709.52855613763,962.8669147964573,40.44102244231465,147.0838748267969,1499.771542734587,-26.178609655925268,-1.0,37.83468858752521,39.83468858752522,VALID_POLYGON,200,0,200,refine_20m
813.63567134162,-513.0190374250866,813.63567134162,-513.0190374250866,961.8687740227828,42.309572408325835,147.11520720520258,1499.771542734587,-26.178609655925268,-1.0,34.357201988671555,36.35720198867156,VALID_POLYGON,200,0,200,refine_20m
813.63567134162,513.0190374250867,813.63567134162,513.0190374250867,961.8687740227828,42.30957240832572,147.11520720520343,1499.771542734587,26.178609655925268,1.0,325.6427980113284,36.35720198867156,VALID_POLYGON,200,0,200,refine_20m
913.63567134162,413.0190374250867,913.63567134162,413.0190374250867,1002.6539109899277,1.863244949652767,147.1657529316792,1499.771542734587,26.178609655925268,1.0,327.575818484981,34.42418151501896,VALID_POLYGON,200,0,200,refine_20m
913.63567134162,-413.0190374250866,913.63567134162,-413.0190374250866,1002.6539109899276,1.8632449496528807,147.16575293168006,1499.771542734587,-26.178609655925268,-1.0,32.424181515018944,34.42418151501895,VALID_POLYGON,200,0,200,refine_20m
710.908537073296,629.52855613763,710.908537073296,629.52855613763,949.5773539193228,54.10147672380754,147.3701862126294,1499.771542734587,26.178609655925268,1.0,323.589979699582,38.410020300418005,VALID_POLYGON,200,0,200,refine_20m
710.908537073296,-629.52855613763,710.908537073296,-629.52855613763,949.5773539193228,54.10147672380754,147.37018621263047,1499.771542734587,-26.178609655925268,-1.0,36.41002030041799,38.410020300418005,VALID_POLYGON,200,0,200,refine_20m
742.2721042074579,-591.2737967813583,742.2721042074579,-591.2737967813583,948.9850259328701,54.86552257084884,147.4407559762395,1499.771542734587,-26.178609655925268,-1.0,35.722968058057994,37.722968058058,VALID_POLYGON,200,0,200,refine_20m
742.2721042074579,591.2737967813584,742.2721042074579,591.2737967813584,948.9850259328703,54.865522570848725,147.44075597624015,1499.771542734587,26.178609655925268,1.0,324.277031941942,37.72296805805801,VALID_POLYGON,200,0,200,refine_20m
679.5449699391339,667.7833154939019,679.5449699391339,667.7833154939019,952.7412674076875,50.756589614413315,147.57536051068524,1499.771542734587,26.178609655925268,1.0,322.96646485929176,39.033535140708274,VALID_POLYGON,200,0,200,refine_20m
679.5449699391339,-667.7833154939017,679.5449699391339,-667.7833154939017,952.7412674076872,50.75658961441343,147.57536051068567,1499.771542734587,-26.178609655925268,-1.0,37.033535140708246,39.03353514070825,VALID_POLYGON,200,0,200,refine_20m
579.5449699391339,-807.7833154939017,579.5449699391339,-807.7833154939017,994.1761699880318,8.65865234264868,147.66565775114415,1499.771542734587,-26.178609655925268,-1.0,39.34327991451567,41.34327991451567,VALID_POLYGON,200,0,200,refine_20m
579.5449699391339,807.7833154939019,579.5449699391339,807.7833154939019,994.176169988032,8.658652342648566,147.665657751145,1499.771542734587,26.178609655925268,1.0,320.6567200854843,41.34327991451567,VALID_POLYGON,200,0,200,refine_20m
619.5449699391339,747.7833154939019,619.5449699391339,747.7833154939019,971.0900353252189,32.02435113840215,147.75928236175267,1499.771542734587,26.178609655925268,1.0,321.6552961144428,40.34470388555717,VALID_POLYGON,200,0,200,refine_20m
619.5449699391339,-747.7833154939017,619.5449699391339,-747.7833154939017,971.0900353252187,32.02435113840238,147.75928236175352,1499.771542734587,-26.178609655925268,-1.0,38.34470388555715,40.34470388555716,VALID_POLYGON,200,0,200,refine_20m
759.5449699391339,567.7833154939019,759.5449699391339,567.7833154939019,948.3071520942398,55.639764872864816,148.05773165236795,1499.771542734587,26.178609655925268,1.0,324.80802750440233,37.19197249559769,VALID_POLYGON,200,0,200,refine_20m
759.5449699391339,-567.7833154939017,759.5449699391339,-567.7833154939017,948.3071520942397,55.63976487286493,148.05773165236837,1499.771542734587,-26.178609655925268,-1.0,35.191972495597675,37.19197249559768,VALID_POLYGON,200,0,200,refine_20m
722.2721042074579,-611.2737967813583,722.2721042074579,-611.2737967813583,946.2201895688795,57.53370980785235,148.07027049336884,1499.771542734587,-26.178609655925268,-1.0,35.96272466416798,37.96272466416798,VALID_POLYGON,200,0,200,refine_20m
722.2721042074579,611.2737967813584,722.2721042074579,611.2737967813584,946.2201895688796,57.53370980785223,148.07027049336926,1499.771542734587,26.178609655925268,1.0,324.037275335832,37.96272466416798,VALID_POLYGON,200,0,200,refine_20m
690.908537073296,649.52855613763,690.908537073296,649.52855613763,948.2836874263926,55.29249123394084,148.11897301466738,1499.771542734587,26.178609655925268,1.0,323.3803706517643,38.61962934823574,VALID_POLYGON,200,0,200,refine_20m
690.908537073296,-649.52855613763,690.908537073296,-649.52855613763,948.2836874263926,55.29249123394084,148.11897301466843,1499.771542734587,-26.178609655925268,-1.0,36.61962934823574,38.61962934823574,VALID_POLYGON,200,0,200,refine_20m
850.908537073296,469.52855613762995,850.908537073296,469.52855613762995,971.8551350344886,32.47658522956442,148.22883790258552,1499.771542734587,26.178609655925268,1.0,326.65629684282715,35.34370315717288,VALID_POLYGON,200,0,200,refine_20m
850.908537073296,-469.52855613762995,850.908537073296,-469.52855613762995,971.8551350344886,32.47658522956442,148.22883790258615,1499.771542734587,-26.178609655925268,-1.0,33.34370315717288,35.34370315717288,VALID_POLYGON,200,0,200,refine_20m
830.908537073296,-489.52855613762995,830.908537073296,-489.52855613762995,964.3895500550997,39.869894799701456,148.29093155870555,1499.771542734587,-26.178609655925268,-1.0,33.711997754852725,35.711997754852725,VALID_POLYGON,200,0,200,refine_20m
830.908537073296,489.52855613762995,830.908537073296,489.52855613762995,964.3895500550997,39.869894799701456,148.29093155870598,1499.771542734587,26.178609655925268,1.0,326.28800224514725,35.711997754852725,VALID_POLYGON,200,0,200,refine_20m
659.5449699391339,687.7833154939019,659.5449699391339,687.7833154939019,952.9141915428678,50.47588445423412,148.42102741269252,1499.771542734587,26.178609655925268,1.0,322.78267089368126,39.21732910631877,VALID_POLYGON,200,0,200,refine_20m
659.5449699391339,-687.7833154939017,659.5449699391339,-687.7833154939017,952.9141915428676,50.47588445423435,148.42102741269292,1499.771542734587,-26.178609655925268,-1.0,37.217329106318765,39.21732910631875,VALID_POLYGON,200,0,200,refine_20m
810.908537073296,-509.52855613762995,810.908537073296,-509.52855613762995,957.7014174668694,46.48121167182637,148.46475165408125,1499.771542734587,-26.178609655925268,-1.0,34.055933169559424,36.05593316955944,VALID_POLYGON,200,0,200,refine_20m
810.908537073296,509.52855613762995,810.908537073296,509.52855613762995,957.7014174668694,46.48121167182637,148.46475165408168,1499.771542734587,26.178609655925268,1.0,325.9440668304406,36.05593316955944,VALID_POLYGON,200,0,200,refine_20m
739.5449699391339,-587.7833154939017,739.5449699391339,-587.7833154939017,944.6777167559728,59.17629306448316,148.59024949404832,1499.771542734587,-26.178609655925268,-1.0,35.454517528778744,37.454517528778766,VALID_POLYGON,200,0,200,refine_20m
739.5449699391339,587.7833154939019,739.5449699391339,587.7833154939019,944.6777167559729,59.17629306448305,148.59024949404937,1499.771542734587,26.178609655925268,1.0,324.54548247122125,37.454517528778766,VALID_POLYGON,200,0,200,refine_20m
790.908537073296,529.52855613763,790.908537073296,529.52855613763,951.8071263552424,52.29416986191302,148.7367243212761,1499.771542734587,26.178609655925268,1.0,325.62217377502435,36.377826224975685,VALID_POLYGON,200,0,200,refine_20m
790.908537073296,-529.52855613763,790.908537073296,-529.52855613763,951.8071263552424,52.29416986191302,148.73672432127654,1499.771542734587,-26.178609655925268,-1.0,34.37782622497567,36.377826224975685,VALID_POLYGON,200,0,200,refine_20m
599.5449699391339,767.7833154939019,599.5449699391339,767.7833154939019,974.1382810105173,28.861569789589225,148.77019745971913,1499.771542734587,26.178609655925268,1.0,321.51837691058495,40.481623089415066,VALID_POLYGON,200,0,200,refine_20m
599.5449699391339,-767.7833154939017,599.5449699391339,-767.7833154939017,974.1382810105171,28.861569789589453,148.77019745972018,1499.771542734587,-26.178609655925268,-1.0,38.48162308941506,40.481623089415066,VALID_POLYGON,200,0,200,refine_20m
670.908537073296,-669.52855613763,670.908537073296,-669.52855613763,947.8326606535405,55.637496560846216,148.90819418978182,1499.771542734587,-26.178609655925268,-1.0,36.818031263111294,38.81803126311131,VALID_POLYGON,200,0,200,refine_20m
670.908537073296,669.52855613763,670.908537073296,669.52855613763,947.8326606535405,55.637496560846216,148.90819418978248,1499.771542734587,26.178609655925268,1.0,323.18196873688873,38.81803126311131,VALID_POLYGON,200,0,200,refine_20m
770.908537073296,549.52855613763,770.908537073296,549.52855613763,946.7215042150451,57.29400062341142,149.09542168999914,1499.771542734587,26.178609655925268,1.0,325.32028837900043,36.67971162099957,VALID_POLYGON,200,0,200,refine_20m
770.908537073296,-549.52855613763,770.908537073296,-549.52855613763,946.7215042150451,57.29400062341142,149.0954216899998,1499.771542734587,-26.178609655925268,-1.0,34.679711620999555,36.67971162099957,VALID_POLYGON,200,0,200,refine_20m
719.5449699391339,607.7833154939019,719.5449699391339,607.7833154939019,941.8840280827937,61.87301425958492,149.18251174745197,1499.771542734587,26.178609655925268,1.0,324.2980295446443,37.701970455355706,VALID_POLYGON,200,0,200,refine_20m
719.5449699391339,-607.7833154939017,719.5449699391339,-607.7833154939017,941.8840280827936,61.873014259585034,149.18251174745282,1499.771542734587,-26.178609655925268,-1.0,35.70197045535569,37.70197045535569,VALID_POLYGON,200,0,200,refine_20m
639.5449699391339,707.7833154939019,639.5449699391339,707.7833154939019,953.9260926644097,49.353357000889446,149.29922743338258,1499.771542734587,26.178609655925268,1.0,322.6082836525966,39.391716347403396,VALID_POLYGON,200,0,200,refine_20m
639.5449699391339,-707.7833154939017,639.5449699391339,-707.7833154939017,953.9260926644096,49.35335700088967,149.29922743338386,1499.771542734587,-26.178609655925268,-1.0,37.39171634740338,39.39171634740338,VALID_POLYGON,200,0,200,refine_20m
750.908537073296,-569.52855613763,750.908537073296,-569.52855613763,942.4576421812128,61.467708577107715,149.53115329678454,1499.771542734587,-26.178609655925268,-1.0,34.96338322698206,36.96338322698205,VALID_POLYGON,200,0,200,refine_20m
750.908537073296,569.52855613763,750.908537073296,569.52855613763,942.4576421812128,61.467708577107715,149.5311532967856,1499.771542734587,26.178609655925268,1.0,325.03661677301795,36.96338322698205,VALID_POLYGON,200,0,200,refine_20m
650.908537073296,-689.52855613763,650.908537073296,-689.52855613763,948.2254760151422,55.13556597533113,149.73426244113546,1499.771542734587,-26.178609655925268,-1.0,37.00609705808828,39.006097058088294,VALID_POLYGON,200,0,200,refine_20m
650.908537073296,689.52855613763,650.908537073296,689.52855613763,948.2254760151422,55.13556597533113,149.73426244113585,1499.771542734587,26.178609655925268,1.0,322.9939029419117,39.006097058088294,VALID_POLYGON,200,0,200,refine_20m
579.5449699391339,-787.7833154939017,579.5449699391339,-787.7833154939017,977.9953600873145,24.888291284506295,149.8017333953395,1499.771542734587,-26.178609655925268,-1.0,38.61208826290059,40.6120882629006,VALID_POLYGON,200,0,200,refine_20m
579.5449699391339,787.7833154939019,579.5449699391339,787.7833154939019,977.9953600873147,24.888291284506067,149.80173339534014,1499.771542734587,26.178609655925268,1.0,321.3879117370994,40.6120882629006,VALID_POLYGON,200,0,200,refine_20m
699.5449699391339,-627.7833154939017,699.5449699391339,-627.7833154939017,939.9335381715345,63.722671845085074,149.82856881368642,1499.771542734587,-26.178609655925268,-1.0,35.93558776070906,37.935587760709076,VALID_POLYGON,200,0,200,refine_20m
699.5449699391339,627.7833154939019,699.5449699391339,627.7833154939019,939.9335381715347,63.72267184508496,149.82856881368704,1499.771542734587,26.178609655925268,1.0,324.0644122392909,37.93558776070908,VALID_POLYGON,200,0,200,refine_20m
842.2721042074579,-471.2737967813583,842.2721042074579,-471.2737967813583,965.1535054377495,39.1633336220151,149.88446148890952,1499.771542734587,-26.178609655925268,-1.0,33.09609209274906,35.09609209274907,VALID_POLYGON,200,0,200,refine_20m
842.2721042074579,471.27379678135844,842.2721042074579,471.27379678135844,965.1535054377495,39.16333362201499,149.88446148890995,1499.771542734587,26.178609655925268,1.0,326.9039079072509,35.09609209274907,VALID_POLYGON,200,0,200,refine_20m
822.2721042074579,491.27379678135844,822.2721042074579,491.27379678135844,957.852471292804,46.39073663285228,149.90502167711992,1499.771542734587,26.178609655925268,1.0,326.5308716379152,35.46912836208479,VALID_POLYGON,200,0,200,coarse
822.2721042074579,491.27379678135844,822.2721042074579,491.27379678135844,957.852471292804,46.39073663285228,149.90502167711992,1499.771542734587,26.178609655925268,1.0,326.5308716379152,35.46912836208479,VALID_POLYGON,200,0,200,refine_20m
822.2721042074579,-491.2737967813583,822.2721042074579,-491.2737967813583,957.852471292804,46.390736632852395,149.90502167712097,1499.771542734587,-26.178609655925268,-1.0,33.469128362084774,35.46912836208479,VALID_POLYGON,200,0,200,coarse
822.2721042074579,-491.2737967813583,822.2721042074579,-491.2737967813583,957.852471292804,46.390736632852395,149.90502167712097,1499.771542734587,-26.178609655925268,-1.0,33.469128362084774,35.46912836208479,VALID_POLYGON,200,0,200,refine_20m
862.2721042074579,-451.2737967813583,862.2721042074579,-451.2737967813583,973.2220822380777,31.163805520724623,149.995684437633,1499.771542734587,-26.178609655925268,-1.0,32.696013111418715,34.69601311141872,VALID_POLYGON,200,0,200,refine_20m
862.2721042074579,451.27379678135844,862.2721042074579,451.27379678135844,973.2220822380779,31.16380552072451,149.99568443763366,1499.771542734587,26.178609655925268,1.0,327.3039868885813,34.69601311141872,VALID_POLYGON,200,0,200,refine_20m
730.908537073296,589.52855613763,730.908537073296,589.52855613763,939.0267344800916,64.80423288682664,150.0356472743429,1499.771542734587,26.178609655925268,1.0,324.76957160729654,37.23042839270349,VALID_POLYGON,200,0,200,coarse
730.908537073296,589.52855613763,730.908537073296,589.52855613763,939.0267344800916,64.80423288682664,150.0356472743429,1499.771542734587,26.178609655925268,1.0,324.76957160729654,37.23042839270349,VALID_POLYGON,200,0,200,refine_20m
730.908537073296,-589.52855613763,730.908537073296,-589.52855613763,939.0267344800916,64.80423288682664,150.03564727434352,1499.771542734587,-26.178609655925268,-1.0,35.23042839270348,37.23042839270349,VALID_POLYGON,200,0,200,coarse
730.908537073296,-589.52855613763,730.908537073296,-589.52855613763,939.0267344800916,64.80423288682664,150.03564727434352,1499.771542734587,-26.178609655925268,-1.0,35.23042839270348,37.23042839270349,VALID_POLYGON,200,0,200,refine_20m
802.2721042074579,511.27379678135844,802.2721042074579,511.27379678135844,951.3366514881512,52.828339263199496,150.04066634172924,1499.771542734587,26.178609655925268,1.0,326.1822545094755,35.81774549052452,VALID_POLYGON,200,0,200,refine_20m
802.2721042074579,-511.2737967813583,802.2721042074579,-511.2737967813583,951.3366514881511,52.828339263199496,150.04066634173006,1499.771542734587,-26.178609655925268,-1.0,33.81774549052451,35.81774549052451,VALID_POLYGON,200,0,200,refine_20m
619.5449699391339,727.7833154939019,619.5449699391339,727.7833154939019,955.7743060410123,47.391983191413715,150.20726227620472,1499.771542734587,26.178609655925268,1.0,322.442601986804,39.55739801319603,VALID_POLYGON,200,0,200,refine_20m
619.5449699391339,-727.7833154939017,619.5449699391339,-727.7833154939017,955.7743060410122,47.39198319141394,150.20726227620554,1499.771542734587,-26.178609655925268,-1.0,37.55739801319601,39.55739801319603,VALID_POLYGON,200,0,200,refine_20m
882.2721042074579,431.27379678135844,882.2721042074579,431.27379678135844,982.0392831515774,22.41110685022113,150.2588387806066,1499.771542734587,26.178609655925268,1.0,327.73411617858835,34.26588382141165,VALID_POLYGON,200,0,200,refine_20m
882.2721042074579,-431.2737967813583,882.2721042074579,-431.2737967813583,982.0392831515774,22.411106850221245,150.25883878060745,1499.771542734587,-26.178609655925268,-1.0,32.26588382141164,34.26588382141162,VALID_POLYGON,200,0,200,refine_20m
782.2721042074579,-531.2737967813583,782.2721042074579,-531.2737967813583,945.622277745001,58.459941040115154,150.27743852426934,1499.771542734587,-26.178609655925268,-1.0,34.14424176011312,36.144241760113125,VALID_POLYGON,200,0,200,refine_20m
782.2721042074579,531.2737967813584,782.2721042074579,531.2737967813584,945.6222777450012,58.45994104011504,150.27743852427017,1499.771542734587,26.178609655925268,1.0,325.8557582398869,36.144241760113125,VALID_POLYGON,200,0,200,refine_20m
679.5449699391339,647.7833154939019,679.5449699391339,647.7833154939019,938.8315024549669,64.72024021717652,150.5232554513177,1499.771542734587,26.178609655925268,1.0,323.8435089004756,38.15649109952441,VALID_POLYGON,200,0,200,refine_20m
679.5449699391339,-647.7833154939017,679.5449699391339,-647.7833154939017,938.8315024549668,64.72024021717675,150.52325545131814,1499.771542734587,-26.178609655925268,-1.0,36.15649109952438,38.156491099524395,VALID_POLYGON,200,0,200,refine_20m
630.908537073296,709.52855613763,630.908537073296,709.52855613763,949.4610861571507,53.78804728134514,150.59401682247903,1499.771542734587,26.178609655925268,1.0,322.8153898073458,39.18461019265423,VALID_POLYGON,200,0,200,refine_20m
630.908537073296,-709.52855613763,630.908537073296,-709.52855613763,949.4610861571507,53.78804728134514,150.59401682247963,1499.771542734587,-26.178609655925268,-1.0,37.18461019265422,39.18461019265423,VALID_POLYGON,200,0,200,refine_20m
710.908537073296,-609.52855613763,710.908537073296,-609.52855613763,936.4379364543695,67.29458905328045,150.60179916230362,1499.771542734587,-26.178609655925268,-1.0,35.4822566044425,37.48225660444251,VALID_POLYGON,200,0,200,refine_20m
710.908537073296,609.52855613763,710.908537073296,609.52855613763,936.4379364543695,67.29458905328045,150.60179916230467,1499.771542734587,26.178609655925268,1.0,324.5177433955575,37.48225660444251,VALID_POLYGON,200,0,200,refine_20m
762.2721042074579,-551.2737967813583,762.2721042074579,-551.2737967813583,940.7239551912133,63.271004852813235,150.6035821642613,1499.771542734587,-26.178609655925268,-1.0,34.450638556596594,36.4506385565966,VALID_POLYGON,200,0,200,refine_20m
762.2721042074579,551.2737967813584,762.2721042074579,551.2737967813584,940.7239551912133,63.271004852813235,150.60358216426215,1499.771542734587,26.178609655925268,1.0,325.5493614434034,36.4506385565966,VALID_POLYGON,200,0,200,refine_20m
902.2721042074579,-411.2737967813583,902.2721042074579,-411.2737967813583,991.5851380239156,12.925273200384822,150.6984606072389,1499.771542734587,-26.178609655925268,-1.0,31.802240897359752,33.80224089735976,VALID_POLYGON,200,0,200,refine_20m
902.2721042074579,411.27379678135844,902.2721042074579,411.27379678135844,991.5851380239156,12.925273200384822,150.6984606072391,1499.771542734587,26.178609655925268,1.0,328.19775910264025,33.802240897359766,VALID_POLYGON,200,0,200,refine_20m
559.5449699391339,807.7833154939019,559.5449699391339,807.7833154939019,982.6517481664127,20.11437488012939,150.85239955655732,1499.771542734587,26.178609655925268,1.0,321.26345602363375,40.73654397636625,VALID_POLYGON,200,0,200,refine_20m
559.5449699391339,-807.7833154939017,559.5449699391339,-807.7833154939017,982.6517481664125,20.114374880129503,150.85239955655794,1499.771542734587,-26.178609655925268,-1.0,38.73654397636625,40.73654397636624,VALID_POLYGON,200,0,200,refine_20m
742.2721042074579,571.2737967813584,742.2721042074579,571.2737967813584,936.6544867631586,67.24883378645245,151.00912420544472,1499.771542734587,26.178609655925268,1.0,325.26127954049457,36.73872045950545,VALID_POLYGON,200,0,200,refine_20m
742.2721042074579,-571.2737967813583,742.2721042074579,-571.2737967813583,936.6544867631585,67.24883378645245,151.00912420544535,1499.771542734587,-26.178609655925268,-1.0,34.73872045950544,36.73872045950544,VALID_POLYGON,200,0,200,refine_20m
599.5449699391339,747.7833154939019,599.5449699391339,747.7833154939019,958.4539936326466,44.596929285604006,151.1427355039441,1499.771542734587,26.178609655925268,1.0,322.28499246057856,39.71500753942142,VALID_POLYGON,200,0,200,refine_20m
599.5449699391339,-747.7833154939017,599.5449699391339,-747.7833154939017,958.4539936326464,44.59692928560412,151.14273550394518,1499.771542734587,-26.178609655925268,-1.0,37.715007539421414,39.71500753942142,VALID_POLYGON,200,0,200,refine_20m
690.908537073296,629.52855613763,690.908537073296,629.52855613763,934.6982452072385,68.9319872360661,151.22347220820515,1499.771542734587,26.178609655925268,1.0,324.27987646463623,37.720123535363776,VALID_POLYGON,200,0,200,refine_20m
690.908537073296,-629.52855613763,690.908537073296,-629.52855613763,934.6982452072385,68.9319872360661,151.22347220820558,1499.771542734587,-26.178609655925268,-1.0,35.72012353536378,37.720123535363776,VALID_POLYGON,200,0,200,refine_20m
659.5449699391339,-667.7833154939017,659.5449699391339,-667.7833154939017,938.5809095778802,64.8629924433933,151.26206488513884,1499.771542734587,-26.178609655925268,-1.0,36.365684797218094,38.3656847972181,VALID_POLYGON,200,0,200,refine_20m
659.5449699391339,667.7833154939019,659.5449699391339,667.7833154939019,938.5809095778803,64.86299244339318,151.2620648851397,1499.771542734587,26.178609655925268,1.0,323.6343152027819,38.36568479721811,VALID_POLYGON,200,0,200,refine_20m
922.2721042074579,-391.2737967813583,922.2721042074579,-391.2737967813583,1001.8388184967439,2.7272245953666925,151.3447344976201,1499.771542734587,-26.178609655925268,-1.0,31.301077222794262,33.30107722279428,VALID_POLYGON,200,0,200,refine_20m
922.2721042074579,391.27379678135844,922.2721042074579,391.27379678135844,1001.838818496744,2.7272245953666925,151.34473449762052,1499.771542734587,26.178609655925268,1.0,328.6989227772057,33.30107722279428,VALID_POLYGON,200,0,200,refine_20m
722.2721042074579,-591.2737967813583,722.2721042074579,-591.2737967813583,933.4247132342875,70.38273155238358,151.48554827569555,1499.771542734587,-26.178609655925268,-1.0,35.01006862826498,37.010068628264975,VALID_POLYGON,200,0,200,refine_20m
722.2721042074579,591.2737967813584,722.2721042074579,591.2737967813584,933.4247132342877,70.38273155238358,151.48554827569617,1499.771542734587,26.178609655925268,1.0,324.989931371735,37.010068628264975,VALID_POLYGON,200,0,200,refine_20m
813.63567134162,-493.0190374250866,813.63567134162,-493.0190374250866,951.3520783301457,52.87450508265124,151.5236413650388,1499.771542734587,-26.178609655925268,-1.0,33.23100452382887,35.23100452382888,VALID_POLYGON,200,0,200,refine_20m
813.63567134162,493.0190374250867,813.63567134162,493.0190374250867,951.3520783301457,52.87450508265124,151.52364136503923,1499.771542734587,26.178609655925268,1.0,326.76899547617114,35.23100452382888,VALID_POLYGON,200,0,200,refine_20m
833.63567134162,473.0190374250867,833.63567134162,473.0190374250867,958.486015703802,45.8155794298591,151.5445774781018,1499.771542734587,26.178609655925268,1.0,327.1464995162034,34.8535004837966,VALID_POLYGON,200,0,200,refine_20m
833.63567134162,-473.0190374250866,833.63567134162,-473.0190374250866,958.486015703802,45.81557942985921,151.54457747810264,1499.771542734587,-26.178609655925268,-1.0,32.8535004837966,34.8535004837966,VALID_POLYGON,200,0,200,refine_20m
793.63567134162,-513.0190374250866,793.63567134162,-513.0190374250866,945.011170085532,59.13577080107336,151.62112309188333,1499.771542734587,-26.178609655925268,-1.0,33.58404928582127,35.58404928582129,VALID_POLYGON,200,0,200,refine_20m
793.63567134162,513.0190374250867,793.63567134162,513.0190374250867,945.0111700855321,59.13577080107336,151.62112309188439,1499.771542734587,26.178609655925268,1.0,326.41595071417873,35.58404928582129,VALID_POLYGON,200,0,200,refine_20m
853.63567134162,453.0190374250867,853.63567134162,453.0190374250867,966.395419927273,37.976552367293834,151.70107255524223,1499.771542734587,26.178609655925268,1.0,327.5510594182662,34.44894058173379,VALID_POLYGON,200,0,200,refine_20m
853.63567134162,-453.0190374250866,853.63567134162,-453.0190374250866,966.395419927273,37.97655236729395,151.70107255524331,1499.771542734587,-26.178609655925268,-1.0,32.44894058173377,34.44894058173379,VALID_POLYGON,200,0,200,refine_20m
670.908537073296,649.52855613763,670.908537073296,649.52855613763,933.8124064050897,69.71192355535743,151.89533727341856,1499.771542734587,26.178609655925268,1.0,324.05484867540787,37.94515132459212,VALID_POLYGON,200,0,200,refine_20m
670.908537073296,-649.52855613763,670.908537073296,-649.52855613763,933.8124064050897,69.71192355535743,151.89533727341922,1499.771542734587,-26.178609655925268,-1.0,35.94515132459211,37.94515132459212,VALID_POLYGON,200,0,200,refine_20m
873.63567134162,-433.0190374250866,873.63567134162,-433.0190374250866,975.0614201234051,29.376324659520492,152.0137962399367,1499.771542734587,-26.178609655925268,-1.0,32.014353111089356,34.01435311108938,VALID_POLYGON,200,0,200,refine_20m
873.63567134162,433.0190374250867,873.63567134162,433.0190374250867,975.0614201234051,29.376324659520378,152.01379623993714,1499.771542734587,26.178609655925268,1.0,327.98564688891065,34.01435311108938,VALID_POLYGON,200,0,200,refine_20m
702.2721042074579,-611.2737967813583,702.2721042074579,-611.2737967813583,931.043373307317,72.6641420071785,152.02553739940936,1499.771542734587,-26.178609655925268,-1.0,35.26608874435121,37.266088744351215,VALID_POLYGON,200,0,200,refine_20m
702.2721042074579,611.2737967813584,702.2721042074579,611.2737967813584,931.0433733073171,72.66414200717838,152.02553739940996,1499.771542734587,26.178609655925268,1.0,324.73391125564876,37.266088744351215,VALID_POLYGON,200,0,200,refine_20m
639.5449699391339,687.7833154939019,639.5449699391339,687.7833154939019,939.182441087051,64.15053734885612,152.0410464088878,1499.771542734587,26.178609655925268,1.0,323.435929289163,38.56407071083696,VALID_POLYGON,200,0,200,coarse
639.5449699391339,687.7833154939019,639.5449699391339,687.7833154939019,939.182441087051,64.15053734885612,152.0410464088878,1499.771542734587,26.178609655925268,1.0,323.435929289163,38.56407071083696,VALID_POLYGON,200,0,200,refine_20m
639.5449699391339,-687.7833154939017,639.5449699391339,-687.7833154939017,939.1824410870507,64.15053734885623,152.04104640888843,1499.771542734587,-26.178609655925268,-1.0,36.56407071083694,38.564070710836944,VALID_POLYGON,200,0,200,coarse
639.5449699391339,-687.7833154939017,639.5449699391339,-687.7833154939017,939.1824410870507,64.15053734885623,152.04104640888843,1499.771542734587,-26.178609655925268,-1.0,36.56407071083694,38.564070710836944,VALID_POLYGON,200,0,200,refine_20m
579.5449699391339,-767.7833154939017,579.5449699391339,-767.7833154939017,961.9582068533746,40.97548447758311,152.10351093364574,1499.771542734587,-26.178609655925268,-1.0,37.86511859805321,39.86511859805322,VALID_POLYGON,200,0,200,refine_20m
579.5449699391339,767.7833154939019,579.5449699391339,767.7833154939019,961.9582068533748,40.975484477582995,152.10351093364676,1499.771542734587,26.178609655925268,1.0,322.13488140194676,39.86511859805323,VALID_POLYGON,200,0,200,refine_20m
739.5449699391339,-567.7833154939017,739.5449699391339,-567.7833154939017,932.3650872461506,71.54191024535533,152.24347338473703,1499.771542734587,-26.178609655925268,-1.0,34.46703630914296,36.46703630914298,VALID_POLYGON,200,0,200,refine_20m
739.5449699391339,567.7833154939019,739.5449699391339,567.7833154939019,932.3650872461507,71.54191024535521,152.24347338473743,1499.771542734587,26.178609655925268,1.0,325.532963690857,36.46703630914299,VALID_POLYGON,200,0,200,refine_20m
893.63567134162,-413.0190374250866,893.63567134162,-413.0190374250866,984.4640360976794,20.03493711877502,152.50790257078245,1499.771542734587,-26.178609655925268,-1.0,31.54632220561625,33.54632220561624,VALID_POLYGON,200,0,200,refine_20m
893.63567134162,413.0190374250867,893.63567134162,413.0190374250867,984.4640360976794,20.03493711877502,152.50790257078287,1499.771542734587,26.178609655925268,1.0,328.45367779438374,33.54632220561624,VALID_POLYGON,200,0,200,refine_20m
650.908537073296,-669.52855613763,650.908537073296,-669.52855613763,933.7828500880908,69.63224155285491,152.6127434888963,1499.771542734587,-26.178609655925268,-1.0,36.158345752313295,38.15834575231331,VALID_POLYGON,200,0,200,refine_20m
650.908537073296,669.52855613763,650.908537073296,669.52855613763,933.7828500880908,69.63224155285491,152.6127434888974,1499.771542734587,26.178609655925268,1.0,323.84165424768673,38.15834575231331,VALID_POLYGON,200,0,200,refine_20m
719.5449699391339,587.7833154939019,719.5449699391339,587.7833154939019,929.1039714357662,74.70684738654131,152.6768558774849,1499.771542734587,26.178609655925268,1.0,325.25377551128196,36.746224488718035,VALID_POLYGON,200,0,200,refine_20m
719.5449699391339,-587.7833154939017,719.5449699391339,-587.7833154939017,929.103971435766,74.70684738654143,152.676855877486,1499.771542734587,-26.178609655925268,-1.0,34.74622448871803,36.74622448871803,VALID_POLYGON,200,0,200,refine_20m
619.5449699391339,707.7833154939019,619.5449699391339,707.7833154939019,940.6344621947585,62.584824857766534,152.8567215281596,1499.771542734587,26.178609655925268,1.0,323.24753909999373,38.75246090000628,VALID_POLYGON,200,0,200,refine_20m
619.5449699391339,-707.7833154939017,619.5449699391339,-707.7833154939017,940.6344621947584,62.58482485776665,152.85672152816045,1499.771542734587,-26.178609655925268,-1.0,36.75246090000626,38.75246090000628,VALID_POLYGON,200,0,200,refine_20m
810.908537073296,489.52855613762995,810.908537073296,489.52855613762995,947.2121529903138,57.01885121279554,152.99052181837652,1499.771542734587,26.178609655925268,1.0,327.07403832198804,34.92596167801196,VALID_POLYGON,200,0,200,refine_20m
810.908537073296,-489.52855613762995,810.908537073296,-489.52855613762995,947.2121529903138,57.01885121279554,152.99052181837718,1499.771542734587,-26.178609655925268,-1.0,32.92596167801196,34.92596167801196,VALID_POLYGON,200,0,200,refine_20m
790.908537073296,-509.52855613762995,790.908537073296,-509.52855613762995,940.8271167090791,63.32411809050632,153.02432929707015,1499.771542734587,-26.178609655925268,-1.0,33.288767348973295,35.288767348973295,VALID_POLYGON,200,0,200,refine_20m
790.908537073296,509.52855613762995,790.908537073296,509.52855613762995,940.8271167090791,63.32411809050632,153.0243292970708,1499.771542734587,26.178609655925268,1.0,326.7112326510267,35.288767348973295,VALID_POLYGON,200,0,200,refine_20m
830.908537073296,-469.52855613762995,830.908537073296,-469.52855613762995,954.3930332991605,49.9130638803922,153.08226250813237,1499.771542734587,-26.178609655925268,-1.0,32.53805670605981,34.53805670605981,VALID_POLYGON,200,0,200,refine_20m
830.908537073296,469.52855613762995,830.908537073296,469.52855613762995,954.3930332991605,49.9130638803922,153.08226250813323,1499.771542734587,26.178609655925268,1.0,327.4619432939402,34.53805670605981,VALID_POLYGON,200,0,200,refine_20m
559.5449699391339,-787.7833154939017,559.5449699391339,-787.7833154939017,966.2779753025268,36.53696738509177,153.08767774970767,1499.771542734587,-26.178609655925268,-1.0,38.008251957039526,40.008251957039526,VALID_POLYGON,200,0,200,refine_20m
559.5449699391339,787.7833154939019,559.5449699391339,787.7833154939019,966.2779753025269,36.53696738509154,153.0876777497085,1499.771542734587,26.178609655925268,1.0,321.99174804296047,40.008251957039526,VALID_POLYGON,200,0,200,refine_20m
770.908537073296,529.52855613763,770.908537073296,529.52855613763,935.2542244211958,68.81260289143734,153.16834824767787,1499.771542734587,26.178609655925268,1.0,326.3711930284512,35.62880697154879,VALID_POLYGON,200,0,200,refine_20m
770.908537073296,-529.52855613763,770.908537073296,-529.52855613763,935.2542244211958,68.81260289143734,153.1683482476783,1499.771542734587,-26.178609655925268,-1.0,33.628806971548784,35.62880697154879,VALID_POLYGON,200,0,200,refine_20m
699.5449699391339,-607.7833154939017,699.5449699391339,-607.7833154939017,926.6950542437913,77.01548652436065,153.17731580847274,1499.771542734587,-26.178609655925268,-1.0,35.009655699070436,37.00965569907044,VALID_POLYGON,200,0,200,refine_20m
699.5449699391339,607.7833154939019,699.5449699391339,607.7833154939019,926.6950542437916,77.01548652436054,153.1773158084734,1499.771542734587,26.178609655925268,1.0,324.99034430092956,37.00965569907044,VALID_POLYGON,200,0,200,refine_20m
913.63567134162,393.0190374250867,913.63567134162,393.0190374250867,994.5823765412266,9.973369143967943,153.21431294766384,1499.771542734587,26.178609655925268,1.0,328.9590966986348,33.04090330136521,VALID_POLYGON,200,0,200,coarse
913.63567134162,393.0190374250867,913.63567134162,393.0190374250867,994.5823765412266,9.973369143967943,153.21431294766384,1499.771542734587,26.178609655925268,1.0,328.9590966986348,33.04090330136521,VALID_POLYGON,200,0,200,refine_20m
913.63567134162,-393.0190374250866,913.63567134162,-393.0190374250866,994.5823765412266,9.973369143968057,153.21431294766427,1499.771542734587,-26.178609655925268,-1.0,31.04090330136519,33.0409033013652,VALID_POLYGON,200,0,200,coarse
913.63567134162,-393.0190374250866,913.63567134162,-393.0190374250866,994.5823765412266,9.973369143968057,153.21431294766427,1499.771542734587,-26.178609655925268,-1.0,31.04090330136519,33.0409033013652,VALID_POLYGON,200,0,200,refine_20m
630.908537073296,689.52855613763,630.908537073296,689.52855613763,934.6096574940851,68.6931618736727,153.37161299471262,1499.771542734587,26.178609655925268,1.0,323.6393891523922,38.3606108476078,VALID_POLYGON,200,0,200,refine_20m
630.908537073296,-689.52855613763,630.908537073296,-689.52855613763,934.6096574940851,68.6931618736727,153.37161299471327,1499.771542734587,-26.178609655925268,-1.0,36.36061084760781,38.3606108476078,VALID_POLYGON,200,0,200,refine_20m
750.908537073296,-549.52855613763,750.908537073296,-549.52855613763,930.5080682402844,73.46979039174767,153.4096727117993,1499.771542734587,-26.178609655925268,-1.0,33.948136357572956,35.94813635757295,VALID_POLYGON,200,0,200,refine_20m
750.908537073296,549.52855613763,750.908537073296,549.52855613763,930.5080682402844,73.46979039174767,153.40967271180014,1499.771542734587,26.178609655925268,1.0,326.05186364242707,35.94813635757295,VALID_POLYGON,200,0,200,refine_20m
599.5449699391339,727.7833154939019,599.5449699391339,727.7833154939019,942.933043906413,60.170119420831725,153.7060148466921,1499.771542734587,26.178609655925268,1.0,323.06841152674224,38.93158847325775,VALID_POLYGON,200,0,200,refine_20m
599.5449699391339,-727.7833154939017,599.5449699391339,-727.7833154939017,942.9330439064128,60.17011942083195,153.70601484669277,1499.771542734587,-26.178609655925268,-1.0,36.93158847325775,38.93158847325775,VALID_POLYGON,200,0,200,refine_20m
730.908537073296,569.52855613763,730.908537073296,569.52855613763,926.6013521589741,77.28309319726657,153.73736397564323,1499.771542734587,26.178609655925268,1.0,325.7514265090333,36.24857349096672,VALID_POLYGON,200,0,200,refine_20m
730.908537073296,-569.52855613763,730.908537073296,-569.52855613763,926.6013521589741,77.28309319726657,153.73736397564366,1499.771542734587,-26.178609655925268,-1.0,34.248573490966706,36.24857349096672,VALID_POLYGON,200,0,200,refine_20m
679.5449699391339,-627.7833154939017,679.5449699391339,-627.7833154939017,925.1449926266121,78.46139204134693,153.73812429938857,1499.771542734587,-26.178609655925268,-1.0,35.258617026739834,37.258617026739856,VALID_POLYGON,200,0,200,refine_20m
679.5449699391339,627.7833154939019,679.5449699391339,627.7833154939019,925.1449926266122,78.46139204134681,153.73812429938943,1499.771542734587,26.178609655925268,1.0,324.74138297326016,37.258617026739856,VALID_POLYGON,200,0,200,refine_20m
539.5449699391339,807.7833154939019,539.5449699391339,807.7833154939019,971.4024188650868,31.29260916516921,154.0935211028777,1499.771542734587,26.178609655925268,1.0,321.85511858018174,40.14488141981824,VALID_POLYGON,200,0,200,refine_20m
539.5449699391339,-807.7833154939017,539.5449699391339,-807.7833154939017,971.4024188650866,31.292609165169438,154.09352110287855,1499.771542734587,-26.178609655925268,-1.0,38.14488141981823,40.14488141981822,VALID_POLYGON,200,0,200,refine_20m
710.908537073296,589.52855613763,710.908537073296,589.52855613763,923.5447290659032,80.24201504825396,154.1420890389249,1499.771542734587,26.178609655925268,1.0,325.46826838618307,36.53173161381693,VALID_POLYGON,200,0,200,refine_20m
710.908537073296,-589.52855613763,710.908537073296,-589.52855613763,923.5447290659032,80.24201504825396,154.14208903892577,1499.771542734587,-26.178609655925268,-1.0,34.531731613816916,36.53173161381693,VALID_POLYGON,200,0,200,refine_20m
610.908537073296,-709.52855613763,610.908537073296,-709.52855613763,936.290559945888,66.89727922176257,154.1683546967065,1499.771542734587,-26.178609655925268,-1.0,36.55276136295302,38.552761362953035,VALID_POLYGON,200,0,200,refine_20m
610.908537073296,709.52855613763,610.908537073296,709.52855613763,936.290559945888,66.89727922176257,154.16835469670755,1499.771542734587,26.178609655925268,1.0,323.447238637047,38.552761362953035,VALID_POLYGON,200,0,200,refine_20m
659.5449699391339,647.7833154939019,659.5449699391339,647.7833154939019,924.4581067870437,79.04050045570307,154.35344252709285,1499.771542734587,26.178609655925268,1.0,324.50573985658656,37.49426014341344,VALID_POLYGON,200,0,200,refine_20m
659.5449699391339,-647.7833154939017,659.5449699391339,-647.7833154939017,924.4581067870436,79.0405004557033,154.35344252709328,1499.771542734587,-26.178609655925268,-1.0,35.494260143413435,37.49426014341344,VALID_POLYGON,200,0,200,refine_20m
579.5449699391339,747.7833154939019,579.5449699391339,747.7833154939019,946.0720158174028,56.912942368540826,154.5861967613194,1499.771542734587,26.178609655925268,1.0,322.89788309256494,39.102116907435075,VALID_POLYGON,200,0,200,refine_20m
579.5449699391339,-747.7833154939017,579.5449699391339,-747.7833154939017,946.0720158174026,56.91294236854105,154.5861967613209,1499.771542734587,-26.178609655925268,-1.0,37.10211690743505,39.102116907435054,VALID_POLYGON,200,0,200,refine_20m
690.908537073296,-609.52855613763,690.908537073296,-609.52855613763,921.3466597041452,82.33829127211129,154.61583585405842,1499.771542734587,-26.178609655925268,-1.0,34.799046993175494,36.79904699317549,VALID_POLYGON,200,0,200,refine_20m
690.908537073296,609.52855613763,690.908537073296,609.52855613763,921.3466597041452,82.33829127211129,154.6158358540597,1499.771542734587,26.178609655925268,1.0,325.20095300682453,36.79904699317549,VALID_POLYGON,200,0,200,refine_20m
782.2721042074579,511.27379678135844,782.2721042074579,511.27379678135844,934.5322574937634,69.60049426408136,154.6225703476865,1499.771542734587,26.178609655925268,1.0,326.9377131606037,35.06228683939628,VALID_POLYGON,200,0,200,refine_20m
782.2721042074579,-511.2737967813583,782.2721042074579,-511.2737967813583,934.5322574937634,69.60049426408148,154.62257034768692,1499.771542734587,-26.178609655925268,-1.0,33.062286839396286,35.062286839396265,VALID_POLYGON,200,0,200,refine_20m
802.2721042074579,-491.2737967813583,802.2721042074579,-491.2737967813583,940.739322338252,63.47465995288371,154.62768213239573,1499.771542734587,-26.178609655925268,-1.0,32.69550169513903,34.69550169513904,VALID_POLYGON,200,0,200,refine_20m
802.2721042074579,491.27379678135844,802.2721042074579,491.27379678135844,940.739322338252,63.4746599528836,154.62768213239636,1499.771542734587,26.178609655925268,1.0,327.30449830486094,34.69550169513904,VALID_POLYGON,200,0,200,refine_20m
762.2721042074579,531.2737967813584,762.2721042074579,531.2737967813584,929.1450952350476,74.90175224632685,154.73067614556442,1499.771542734587,26.178609655925268,1.0,326.5937178546226,35.40628214537737,VALID_POLYGON,200,0,200,refine_20m
762.2721042074579,-531.2737967813583,762.2721042074579,-531.2737967813583,929.1450952350475,74.90175224632685,154.7306761455655,1499.771542734587,-26.178609655925268,-1.0,33.40628214537738,35.40628214537737,VALID_POLYGON,200,0,200,refine_20m
822.2721042074579,-471.2737967813583,822.2721042074579,-471.2737967813583,947.7501806333131,56.54031096867095,154.7617298654616,1499.771542734587,-26.178609655925268,-1.0,32.30361765719547,34.303617657195474,VALID_POLYGON,200,0,200,refine_20m
822.2721042074579,471.27379678135844,822.2721042074579,471.27379678135844,947.7501806333131,56.54031096867095,154.76172986546223,1499.771542734587,26.178609655925268,1.0,327.69638234280455,34.303617657195474,VALID_POLYGON,200,0,200,refine_20m
742.2721042074579,-551.2737967813583,742.2721042074579,-551.2737967813583,924.5921672295854,79.36418942114187,154.9387657589162,1499.771542734587,-26.178609655925268,-1.0,33.72952500414846,35.72952500414848,VALID_POLYGON,200,0,200,refine_20m
742.2721042074579,551.2737967813584,742.2721042074579,551.2737967813584,924.5921672295855,79.36418942114176,154.93876575891724,1499.771542734587,26.178609655925268,1.0,326.27047499585154,35.72952500414848,VALID_POLYGON,200,0,200,refine_20m
639.5449699391339,-667.7833154939017,639.5449699391339,-667.7833154939017,924.6363204127748,78.75117712781253,155.01817861615203,1499.771542734587,-26.178609655925268,-1.0,35.71761852740109,37.7176185274011,VALID_POLYGON,200,0,200,refine_20m
639.5449699391339,667.7833154939019,639.5449699391339,667.7833154939019,924.6363204127749,78.75117712781241,155.01817861615308,1499.771542734587,26.178609655925268,1.0,324.2823814725989,37.71761852740111,VALID_POLYGON,200,0,200,refine_20m
842.2721042074579,451.27379678135844,842.2721042074579,451.27379678135844,955.5471402225646,48.815129901753835,155.0435281329632,1499.771542734587,26.178609655925268,1.0,328.1159920544419,33.88400794555813,VALID_POLYGON,200,0,200,refine_20m
842.2721042074579,-451.2737967813583,842.2721042074579,-451.2737967813583,955.5471402225646,48.815129901753835,155.043528132964,1499.771542734587,-26.178609655925268,-1.0,31.88400794555811,33.88400794555811,VALID_POLYGON,200,0,200,refine_20m
670.908537073296,629.52855613763,670.908537073296,629.52855613763,920.0132977900696,83.56600213202455,155.1516870032026,1499.771542734587,26.178609655925268,1.0,324.9481976697904,37.051802330209654,VALID_POLYGON,200,0,200,refine_20m
670.908537073296,-629.52855613763,670.908537073296,-629.52855613763,920.0132977900696,83.56600213202455,155.15168700320302,1499.771542734587,-26.178609655925268,-1.0,35.05180233020965,37.051802330209654,VALID_POLYGON,200,0,200,refine_20m
548.181402804972,-786.0380748501733,548.181402804972,-786.0380748501733,958.3103388231776,44.46878181100385,155.18783383464444,1499.771542734587,-26.178609655925268,-1.0,37.607907111854765,39.60790711185477,VALID_POLYGON,200,0,200,coarse
548.181402804972,786.0380748501732,548.181402804972,786.0380748501732,958.3103388231776,44.468781811003964,155.18783383464526,1499.771542734587,26.178609655925268,1.0,322.3920928881452,39.60790711185477,VALID_POLYGON,200,0,200,coarse
722.2721042074579,-571.2737967813583,722.2721042074579,-571.2737967813583,920.8858471087813,82.97556006207446,155.23561756978484,1499.771542734587,-26.178609655925268,-1.0,34.03381951171549,36.03381951171549,VALID_POLYGON,200,0,200,refine_20m
722.2721042074579,571.2737967813584,722.2721042074579,571.2737967813584,920.8858471087814,82.97556006207446,155.23561756978546,1499.771542734587,26.178609655925268,1.0,325.9661804882845,36.03381951171549,VALID_POLYGON,200,0,200,refine_20m
559.5449699391339,767.7833154939019,559.5449699391339,767.7833154939019,950.0430479378263,52.821984992011835,155.4948356790434,1499.771542734587,26.178609655925268,1.0,322.73535191607033,39.264648083929686,VALID_POLYGON,200,0,200,refine_20m
559.5449699391339,-767.7833154939017,559.5449699391339,-767.7833154939017,950.043047937826,52.82198499201206,155.49483567904446,1499.771542734587,-26.178609655925268,-1.0,37.264648083929664,39.26464808392967,VALID_POLYGON,200,0,200,refine_20m
862.2721042074579,-431.2737967813583,862.2721042074579,-431.2737967813583,964.1111292193268,40.31821452080135,155.49578864311567,1499.771542734587,-26.178609655925268,-1.0,31.43367248285685,33.43367248285685,VALID_POLYGON,200,0,200,refine_20m
862.2721042074579,431.27379678135844,862.2721042074579,431.27379678135844,964.1111292193269,40.31821452080135,155.4957886431161,1499.771542734587,26.178609655925268,1.0,328.5663275171431,33.43367248285685,VALID_POLYGON,200,0,200,refine_20m
702.2721042074579,-591.2737967813583,702.2721042074579,-591.2737967813583,918.0363887712805,85.7257790100715,155.61165330884137,1499.771542734587,-26.178609655925268,-1.0,34.32076858650072,36.32076858650072,VALID_POLYGON,200,0,200,refine_20m
702.2721042074579,591.2737967813584,702.2721042074579,591.2737967813584,918.0363887712806,85.72577901007139,155.61165330884222,1499.771542734587,26.178609655925268,1.0,325.6792314134993,36.32076858650072,VALID_POLYGON,200,0,200,refine_20m
619.5449699391339,687.7833154939019,619.5449699391339,687.7833154939019,925.6791338518259,77.59423923855468,155.7278712692285,1499.771542734587,26.178609655925268,1.0,324.0703778586856,37.9296221413144,VALID_POLYGON,200,0,200,refine_20m
619.5449699391339,-687.7833154939017,619.5449699391339,-687.7833154939017,925.6791338518257,77.59423923855479,155.72787126922913,1499.771542734587,-26.178609655925268,-1.0,35.929622141314375,37.92962214131438,VALID_POLYGON,200,0,200,refine_20m
650.908537073296,-649.52855613763,650.908537073296,-649.52855613763,919.5484048559557,83.92165551674975,155.74363831077312,1499.771542734587,-26.178609655925268,-1.0,35.291146581723595,37.291146581723595,VALID_POLYGON,200,0,200,refine_20m
650.908537073296,649.52855613763,650.908537073296,649.52855613763,919.5484048559557,83.92165551674975,155.74363831077417,1499.771542734587,26.178609655925268,1.0,324.7088534182764,37.291146581723595,VALID_POLYGON,200,0,200,refine_20m
882.2721042074579,-411.2737967813583,882.2721042074579,-411.2737967813583,973.4219032781261,31.06986750474732,156.14618218525575,1499.771542734587,-26.178609655925268,-1.0,30.949170490407734,32.94917049040774,VALID_POLYGON,200,0,200,refine_20m
882.2721042074579,411.27379678135844,882.2721042074579,411.27379678135844,973.4219032781261,31.06986750474732,156.14618218525706,1499.771542734587,26.178609655925268,1.0,329.0508295095923,32.94917049040774,VALID_POLYGON,200,0,200,refine_20m
793.63567134162,493.0190374250867,793.63567134162,493.0190374250867,934.3047415535377,69.89180962223577,156.26911737759082,1499.771542734587,26.178609655925268,1.0,327.53051861226146,34.46948138773855,VALID_POLYGON,200,0,200,refine_20m
793.63567134162,-493.0190374250866,793.63567134162,-493.0190374250866,934.3047415535376,69.89180962223577,156.26911737759124,1499.771542734587,-26.178609655925268,-1.0,32.46948138773853,34.469481387738526,VALID_POLYGON,200,0,200,refine_20m
630.908537073296,669.52855613763,630.908537073296,669.52855613763,919.9532975296659,83.40423631021258,156.38645233481043,1499.771542734587,26.178609655925268,1.0,324.4818881861001,37.5181118138999,VALID_POLYGON,200,0,200,refine_20m
630.908537073296,-669.52855613763,630.908537073296,-669.52855613763,919.9532975296659,83.40423631021258,156.38645233481213,1499.771542734587,-26.178609655925268,-1.0,35.51811181389989,37.5181118138999,VALID_POLYGON,200,0,200,refine_20m
539.5449699391339,-787.7833154939017,539.5449699391339,-787.7833154939017,954.8357590482173,47.90799501467211,156.42975796138862,1499.771542734587,-26.178609655925268,-1.0,37.41972924224694,39.41972924224694,VALID_POLYGON,200,0,200,refine_20m
539.5449699391339,787.7833154939019,539.5449699391339,787.7833154939019,954.8357590482174,47.90799501467188,156.42975796138927,1499.771542734587,26.178609655925268,1.0,322.58027075775306,39.419729242246966,VALID_POLYGON,200,0,200,refine_20m
813.63567134162,473.0190374250867,813.63567134162,473.0190374250867,941.1429304022233,63.131572127578806,156.44541128912306,1499.771542734587,26.178609655925268,1.0,327.9261393407508,34.073860659249185,VALID_POLYGON,200,0,200,refine_20m
813.63567134162,-473.0190374250866,813.63567134162,-473.0190374250866,941.1429304022233,63.13157212757892,156.44541128912456,1499.771542734587,-26.178609655925268,-1.0,32.07386065924916,34.07386065924917,VALID_POLYGON,200,0,200,refine_20m
599.5449699391339,707.7833154939019,599.5449699391339,707.7833154939019,927.5836310925594,75.57294429013484,156.47859449229705,1499.771542734587,26.178609655925268,1.0,323.86889000942745,38.13110999057253,VALID_POLYGON,200,0,200,refine_20m
599.5449699391339,-707.7833154939017,599.5449699391339,-707.7833154939017,927.5836310925592,75.57294429013496,156.4785944922977,1499.771542734587,-26.178609655925268,-1.0,36.131109990572526,38.13110999057253,VALID_POLYGON,200,0,200,refine_20m
719.5449699391339,-567.7833154939017,719.5449699391339,-567.7833154939017,916.5821605933407,87.28285040089793,156.5149553932023,1499.771542734587,-26.178609655925268,-1.0,33.766965073943844,35.766965073943844,VALID_POLYGON,200,0,200,refine_20m
719.5449699391339,567.7833154939019,719.5449699391339,567.7833154939019,916.5821605933409,87.28285040089781,156.5149553932025,1499.771542734587,26.178609655925268,1.0,326.2330349260561,35.76696507394386,VALID_POLYGON,200,0,200,refine_20m
833.63567134162,-453.0190374250866,833.63567134162,-453.0190374250866,948.7753584504319,55.572312730887575,156.7732554174095,1499.771542734587,-26.178609655925268,-1.0,31.650563453309395,33.65056345330941,VALID_POLYGON,200,0,200,refine_20m
833.63567134162,453.0190374250867,833.63567134162,453.0190374250867,948.7753584504319,55.57231273088746,156.77325541741013,1499.771542734587,26.178609655925268,1.0,328.3494365466906,33.65056345330941,VALID_POLYGON,200,0,200,refine_20m
699.5449699391339,-587.7833154939017,699.5449699391339,-587.7833154939017,913.7025724710134,90.06286535012805,156.84538485117915,1499.771542734587,-26.178609655925268,-1.0,34.0614513588296,36.06145135882961,VALID_POLYGON,200,0,200,refine_20m
699.5449699391339,587.7833154939019,699.5449699391339,587.7833154939019,913.7025724710135,90.06286535012794,156.84538485117935,1499.771542734587,26.178609655925268,1.0,325.93854864117037,36.06145135882962,VALID_POLYGON,200,0,200,refine_20m
902.2721042074579,391.27379678135844,902.2721042074579,391.27379678135844,983.4582523313603,21.091386321484492,157.0287662102841,1499.771542734587,26.178609655925268,1.0,329.5734617155161,32.42653828448389,VALID_POLYGON,200,0,200,refine_20m
902.2721042074579,-391.2737967813583,902.2721042074579,-391.2737967813583,983.4582523313603,21.091386321484492,157.02876621028472,1499.771542734587,-26.178609655925268,-1.0,30.426538284483886,32.42653828448389,VALID_POLYGON,200,0,200,refine_20m
610.908537073296,-689.52855613763,610.908537073296,-689.52855613763,921.2268289614016,82.01522082500912,157.0755391689952,1499.771542734587,-26.178609655925268,-1.0,35.73362758976785,37.733627589767856,VALID_POLYGON,200,0,200,refine_20m
610.908537073296,689.52855613763,610.908537073296,689.52855613763,921.2268289614016,82.01522082500912,157.07553916899585,1499.771542734587,26.178609655925268,1.0,324.2663724102322,37.733627589767856,VALID_POLYGON,200,0,200,refine_20m
679.5449699391339,607.7833154939019,679.5449699391339,607.7833154939019,911.6917926373684,91.96994385795313,157.25052781374484,1499.771542734587,26.178609655925268,1.0,325.66038115747807,36.33961884252193,VALID_POLYGON,200,0,200,refine_20m
679.5449699391339,-607.7833154939017,679.5449699391339,-607.7833154939017,911.6917926373683,91.96994385795324,157.25052781374572,1499.771542734587,-26.178609655925268,-1.0,34.3396188425219,36.339618842521915,VALID_POLYGON,200,0,200,refine_20m
579.5449699391339,727.7833154939019,579.5449699391339,727.7833154939019,930.3445203219333,72.6929445049393,157.26687909077123,1499.771542734587,26.178609655925268,1.0,323.67715909115856,38.32284090884143,VALID_POLYGON,200,0,200,refine_20m
579.5449699391339,-727.7833154939017,579.5449699391339,-727.7833154939017,930.344520321933,72.69294450493942,157.2668790907721,1499.771542734587,-26.178609655925268,-1.0,36.32284090884141,38.32284090884142,VALID_POLYGON,200,0,200,refine_20m
853.63567134162,433.0190374250867,853.63567134162,433.0190374250867,957.1830264685051,47.23304957779567,157.27587718245914,1499.771542734587,26.178609655925268,1.0,328.8033682774882,33.19663172251184,VALID_POLYGON,200,0,200,refine_20m
853.63567134162,-433.0190374250866,853.63567134162,-433.0190374250866,957.183026468505,47.23304957779567,157.27587718245977,1499.771542734587,-26.178609655925268,-1.0,31.196631722511825,33.19663172251184,VALID_POLYGON,200,0,200,refine_20m
519.5449699391339,807.7833154939019,519.5449699391339,807.7833154939019,960.4378483688448,42.18363983512393,157.38901417719586,1499.771542734587,26.178609655925268,1.0,322.43214098344725,39.56785901655274,VALID_POLYGON,200,0,200,refine_20m
519.5449699391339,-807.7833154939017,519.5449699391339,-807.7833154939017,960.4378483688447,42.183639835124154,157.38901417719734,1499.771542734587,-26.178609655925268,-1.0,37.56785901655273,39.56785901655274,VALID_POLYGON,200,0,200,refine_20m
770.908537073296,509.52855613762995,770.908537073296,509.52855613762995,924.0775519685495,80.0405792606789,157.68284261117628,1499.771542734587,26.178609655925268,1.0,327.44940950742347,34.55059049257654,VALID_POLYGON,200,0,200,refine_20m
770.908537073296,-509.52855613762995,770.908537073296,-509.52855613762995,924.0775519685495,80.0405792606789,157.6828426111769,1499.771542734587,-26.178609655925268,-1.0,32.55059049257654,34.55059049257654,VALID_POLYGON,200,0,200,refine_20m
750.908537073296,529.52855613763,750.908537073296,529.52855613763,918.8384639395331,85.19204387482534,157.69396546264608,1499.771542734587,26.178609655925268,1.0,327.0928905878065,34.90710941219347,VALID_POLYGON,200,0,200,refine_20m
750.908537073296,-529.52855613763,750.908537073296,-529.52855613763,918.8384639395331,85.19204387482534,157.69396546264673,1499.771542734587,-26.178609655925268,-1.0,32.907109412193485,34.90710941219347,VALID_POLYGON,200,0,200,refine_20m
659.5449699391339,627.7833154939019,659.5449699391339,627.7833154939019,910.5555768784951,92.99857954916172,157.72284267397663,1499.771542734587,26.178609655925268,1.0,325.39722468861896,36.60277531138104,VALID_POLYGON,200,0,200,refine_20m
659.5449699391339,-627.7833154939017,659.5449699391339,-627.7833154939017,910.555576878495,92.99857954916195,157.72284267397748,1499.771542734587,-26.178609655925268,-1.0,34.60277531138102,36.60277531138102,VALID_POLYGON,200,0,200,refine_20m
790.908537073296,489.52855613762995,790.908537073296,489.52855613762995,930.1475803815296,74.05341675443549,157.794490610866,1499.771542734587,26.178609655925268,1.0,327.82926898660895,34.170731013391034,VALID_POLYGON,200,0,200,refine_20m
790.908537073296,-489.52855613762995,790.908537073296,-489.52855613762995,930.1475803815296,74.05341675443549,157.7944906108669,1499.771542734587,-26.178609655925268,-1.0,32.170731013391034,34.170731013391034,VALID_POLYGON,200,0,200,refine_20m
730.908537073296,-549.52855613763,730.908537073296,-549.52855613763,914.4445984188075,89.4936258472369,157.81341129612107,1499.771542734587,-26.178609655925268,-1.0,33.242349664380505,35.2423496643805,VALID_POLYGON,200,0,200,refine_20m
730.908537073296,549.52855613763,730.908537073296,549.52855613763,914.4445984188075,89.4936258472369,157.8134112961217,1499.771542734587,26.178609655925268,1.0,326.7576503356195,35.2423496643805,VALID_POLYGON,200,0,200,refine_20m
873.63567134162,413.0190374250867,873.63567134162,413.0190374250867,966.3456997969558,38.134070073604335,157.98155620580914,1499.771542734587,26.178609655925268,1.0,329.29132125940276,32.708678740597236,VALID_POLYGON,200,0,200,refine_20m
873.63567134162,-413.0190374250866,873.63567134162,-413.0190374250866,966.3456997969557,38.13407007360445,157.98155620581022,1499.771542734587,-26.178609655925268,-1.0,30.708678740597215,32.708678740597236,VALID_POLYGON,200,0,200,refine_20m
710.908537073296,-569.52855613763,710.908537073296,-569.52855613763,910.9081865588361,92.93323390408375,158.02893959964587,1499.771542734587,-26.178609655925268,-1.0,33.55814002372797,35.55814002372799,VALID_POLYGON,200,0,200,refine_20m
710.908537073296,569.52855613763,710.908537073296,569.52855613763,910.9081865588361,92.93323390408375,158.02893959964652,1499.771542734587,26.178609655925268,1.0,326.44185997627204,35.55814002372799,VALID_POLYGON,200,0,200,refine_20m
810.908537073296,469.52855613762995,810.908537073296,469.52855613762995,937.0324010017159,67.24664876439977,158.04608566180565,1499.771542734587,26.178609655925268,1.0,328.2348017484273,33.76519825157271,VALID_POLYGON,200,0,200,refine_20m
810.908537073296,-469.52855613762995,810.908537073296,-469.52855613762995,937.0324010017159,67.24664876439977,158.0460856618065,1499.771542734587,-26.178609655925268,-1.0,31.76519825157269,33.76519825157271,VALID_POLYGON,200,0,200,refine_20m
559.5449699391339,747.7833154939019,559.5449699391339,747.7833154939019,933.9542067549344,68.96220860083827,158.0896475951479,1499.771542734587,26.178609655925268,1.0,323.494497146165,38.505502853835054,VALID_POLYGON,200,0,200,refine_20m
559.5449699391339,-747.7833154939017,559.5449699391339,-747.7833154939017,933.9542067549341,68.96220860083838,158.08964759514876,1499.771542734587,-26.178609655925268,-1.0,36.505502853835026,38.50550285383505,VALID_POLYGON,200,0,200,refine_20m
922.2721042074579,-371.2737967813583,922.2721042074579,-371.2737967813583,994.1982027622548,10.404857423643989,158.18593321283993,1499.771542734587,-26.178609655925268,-1.0,29.86118844993742,31.861188449937433,VALID_POLYGON,200,0,200,refine_20m
922.2721042074579,371.27379678135844,922.2721042074579,371.27379678135844,994.1982027622548,10.404857423643989,158.18593321284015,1499.771542734587,26.178609655925268,1.0,330.1388115500626,31.861188449937433,VALID_POLYGON,200,0,200,refine_20m
639.5449699391339,647.7833154939019,639.5449699391339,647.7833154939019,910.2972000433264,93.14578319205702,158.2557882442401,1499.771542734587,26.178609655925268,1.0,325.14790633593816,36.85209366406182,VALID_POLYGON,200,0,200,refine_20m
639.5449699391339,-647.7833154939017,639.5449699391339,-647.7833154939017,910.2972000433263,93.14578319205714,158.255788244241,1499.771542734587,-26.178609655925268,-1.0,34.85209366406181,36.85209366406181,VALID_POLYGON,200,0,200,refine_20m
690.908537073296,589.52855613763,690.908537073296,589.52855613763,908.2392444188264,95.50103430761419,158.33011098648,1499.771542734587,26.178609655925268,1.0,326.14389219176235,35.85610780823762,VALID_POLYGON,200,0,200,refine_20m
690.908537073296,-589.52855613763,690.908537073296,-589.52855613763,908.2392444188264,95.50103430761419,158.3301109864809,1499.771542734587,-26.178609655925268,-1.0,33.856107808237624,35.85610780823762,VALID_POLYGON,200,0,200,refine_20m
670.908537073296,609.52855613763,670.908537073296,609.52855613763,906.4454345767615,97.18958816289239,158.7079673235104,1499.771542734587,26.178609655925268,1.0,325.8622944231282,36.13770557687176,VALID_POLYGON,200,0,200,refine_20m
670.908537073296,-609.52855613763,670.908537073296,-609.52855613763,906.4454345767615,97.18958816289239,158.70796732351127,1499.771542734587,-26.178609655925268,-1.0,34.13770557687175,36.13770557687176,VALID_POLYGON,200,0,200,refine_20m
619.5449699391339,667.7833154939019,619.5449699391339,667.7833154939019,910.9174091150693,92.4111259028914,158.8436626518495,1499.771542734587,26.178609655925268,1.0,324.9113712848674,37.08862871513261,VALID_POLYGON,200,0,200,refine_20m
619.5449699391339,-667.7833154939017,619.5449699391339,-667.7833154939017,910.9174091150691,92.41112590289163,158.8436626518506,1499.771542734587,-26.178609655925268,-1.0,35.088628715132586,37.0886287151326,VALID_POLYGON,200,0,200,refine_20m
893.63567134162,-393.0190374250866,893.63567134162,-393.0190374250866,976.242120005447,28.2967158182945,158.9250725531439,1499.771542734587,-26.178609655925268,-1.0,30.182810330806433,32.18281033080643,VALID_POLYGON,200,0,200,refine_20m
893.63567134162,393.0190374250867,893.63567134162,393.0190374250867,976.242120005447,28.2967158182945,158.92507255314453,1499.771542734587,26.178609655925268,1.0,329.81718966919357,32.18281033080643,VALID_POLYGON,200,0,200,refine_20m
539.5449699391339,-767.7833154939017,539.5449699391339,-767.7833154939017,938.402895422552,64.39091343877055,158.94416001341264,1499.771542734587,-26.178609655925268,-1.0,36.67972094662713,38.67972094662712,VALID_POLYGON,200,0,200,refine_20m
539.5449699391339,767.7833154939019,539.5449699391339,767.7833154939019,938.4028954225522,64.39091343877033,158.94416001341352,1499.771542734587,26.178609655925268,1.0,323.3202790533729,38.67972094662714,VALID_POLYGON,200,0,200,refine_20m
650.908537073296,629.52855613763,650.908537073296,629.52855613763,905.5319578168555,97.99395761204573,159.15477757555234,1499.771542734587,26.178609655925268,1.0,325.59576626256126,36.404233737438744,VALID_POLYGON,200,0,200,refine_20m
650.908537073296,-629.52855613763,650.908537073296,-629.52855613763,905.5319578168555,97.99395761204573,159.154777575553,1499.771542734587,-26.178609655925268,-1.0,34.40423373743873,36.404233737438744,VALID_POLYGON,200,0,200,refine_20m
742.2721042074579,-531.2737967813583,742.2721042074579,-531.2737967813583,912.8087005671272,91.20087292754874,159.27746193396206,1499.771542734587,-26.178609655925268,-1.0,32.69507129064216,34.695071290642154,VALID_POLYGON,200,0,200,refine_20m
742.2721042074579,531.2737967813584,742.2721042074579,531.2737967813584,912.8087005671273,91.20087292754874,159.2774619339627,1499.771542734587,26.178609655925268,1.0,327.30492870935785,34.695071290642176,VALID_POLYGON,200,0,200,refine_20m
762.2721042074579,-511.2737967813583,762.2721042074579,-511.2737967813583,917.8560105637982,86.24274249428004,159.30291828882434,1499.771542734587,-26.178609655925268,-1.0,32.33518665172283,34.33518665172283,VALID_POLYGON,200,0,200,refine_20m
762.2721042074579,511.27379678135844,762.2721042074579,511.27379678135844,917.8560105637982,86.24274249428004,159.30291828882497,1499.771542734587,26.178609655925268,1.0,327.66481334827716,34.33518665172283,VALID_POLYGON,200,0,200,refine_20m
722.2721042074579,551.2737967813584,722.2721042074579,551.2737967813584,908.6142149086176,95.30149713237381,159.36303277241282,1499.771542734587,26.178609655925268,1.0,326.96632194295137,35.03367805704862,VALID_POLYGON,200,0,200,refine_20m
722.2721042074579,-551.2737967813583,722.2721042074579,-551.2737967813583,908.6142149086174,95.30149713237392,159.3630327724137,1499.771542734587,-26.178609655925268,-1.0,33.03367805704862,35.033678057048604,VALID_POLYGON,200,0,200,refine_20m
782.2721042074579,-491.2737967813583,782.2721042074579,-491.2737967813583,923.742165555484,80.4409763799282,159.45417613062347,1499.771542734587,-26.178609655925268,-1.0,31.95198472161897,33.95198472161896,VALID_POLYGON,200,0,200,refine_20m
782.2721042074579,491.27379678135844,782.2721042074579,491.27379678135844,923.7421655554841,80.44097637992809,159.45417613062367,1499.771542734587,26.178609655925268,1.0,328.048015278381,33.95198472161896,VALID_POLYGON,200,0,200,refine_20m
599.5449699391339,687.7833154939019,599.5449699391339,687.7833154939019,912.4144124525332,90.79674537132973,159.4814723677873,1499.771542734587,26.178609655925268,1.0,324.68666843051307,37.313331569486934,VALID_POLYGON,200,0,200,refine_20m
599.5449699391339,-687.7833154939017,599.5449699391339,-687.7833154939017,912.4144124525329,90.79674537132985,159.48147236778837,1499.771542734587,-26.178609655925268,-1.0,35.31333156948693,37.313331569486934,VALID_POLYGON,200,0,200,refine_20m
702.2721042074579,-571.2737967813583,702.2721042074579,-571.2737967813583,905.284407927674,98.5329130721417,159.5471079015237,1499.771542734587,-26.178609655925268,-1.0,33.35281813014713,35.35281813014713,VALID_POLYGON,200,0,200,refine_20m
702.2721042074579,571.2737967813584,702.2721042074579,571.2737967813584,905.2844079276741,98.53291307214158,159.54710790152518,1499.771542734587,26.178609655925268,1.0,326.6471818698529,35.35281813014713,VALID_POLYGON,200,0,200,refine_20m
630.908537073296,-649.52855613763,630.908537073296,-649.52855613763,905.5014784031006,97.9117774367786,159.66383416607945,1499.771542734587,-26.178609655925268,-1.0,34.65685976930903,36.656859769309044,VALID_POLYGON,200,0,200,refine_20m
630.908537073296,649.52855613763,630.908537073296,649.52855613763,905.5014784031006,97.9117774367786,159.6638341660805,1499.771542734587,26.178609655925268,1.0,325.34314023069095,36.656859769309044,VALID_POLYGON,200,0,200,refine_20m
802.2721042074579,-471.2737967813583,802.2721042074579,-471.2737967813583,930.4512457523925,73.81142838090193,159.74879067835244,1499.771542734587,-26.178609655925268,-1.0,31.54316137938634,33.543161379386355,VALID_POLYGON,200,0,200,refine_20m
802.2721042074579,471.27379678135844,802.2721042074579,471.27379678135844,930.4512457523927,73.81142838090193,159.74879067835352,1499.771542734587,26.178609655925268,1.0,328.45683862061367,33.543161379386376,VALID_POLYGON,200,0,200,refine_20m
519.5449699391339,787.7833154939019,519.5449699391339,787.7833154939019,943.6787207305356,58.99130891449897,159.82796836756035,1499.771542734587,26.178609655925268,1.0,323.15393555291104,38.846064447088985,VALID_POLYGON,200,0,200,refine_20m
519.5449699391339,-787.7833154939017,519.5449699391339,-787.7833154939017,943.6787207305354,58.991308914499086,159.82796836756143,1499.771542734587,-26.178609655925268,-1.0,36.84606444708896,38.84606444708897,VALID_POLYGON,200,0,200,refine_20m
913.63567134162,-373.0190374250866,913.63567134162,-373.0190374250866,986.8502126611671,17.743171148271017,160.149680958228,1499.771542734587,-26.178609655925268,-1.0,29.614528545720724,31.614528545720727,VALID_POLYGON,200,0,200,refine_20m
913.63567134162,373.0190374250867,913.63567134162,373.0190374250867,986.8502126611671,17.743171148270903,160.14968095822823,1499.771542734587,26.178609655925268,1.0,330.38547145427924,31.614528545720738,VALID_POLYGON,200,0,200,refine_20m
579.5449699391339,-707.7833154939017,579.5449699391339,-707.7833154939017,914.7839055609207,88.30731489724246,160.1648250030616,1499.771542734587,-26.178609655925268,-1.0,35.52706196402676,37.527061964026764,VALID_POLYGON,200,0,200,refine_20m
579.5449699391339,707.7833154939019,579.5449699391339,707.7833154939019,914.783905560921,88.30731489724235,160.16482500306265,1499.771542734587,26.178609655925268,1.0,324.47293803597324,37.52706196402677,VALID_POLYGON,200,0,200,refine_20m
822.2721042074579,451.27379678135844,822.2721042074579,451.27379678135844,937.9655926627711,66.37173217894133,160.20778384684664,1499.771542734587,26.178609655925268,1.0,328.8938957327681,33.10610426723193,VALID_POLYGON,200,0,200,refine_20m
822.2721042074579,-451.2737967813583,822.2721042074579,-451.2737967813583,937.965592662771,66.37173217894144,160.2077838468477,1499.771542734587,-26.178609655925268,-1.0,31.10610426723192,33.10610426723193,VALID_POLYGON,200,0,200,refine_20m
610.908537073296,669.52855613763,610.908537073296,669.52855613763,906.3540854173793,96.94328967103945,160.22928853770367,1499.771542734587,26.178609655925268,1.0,325.10336536828265,36.896634631717355,VALID_POLYGON,200,0,200,refine_20m
610.908537073296,-669.52855613763,610.908537073296,-669.52855613763,906.3540854173793,96.94328967103945,160.2292885377041,1499.771542734587,-26.178609655925268,-1.0,34.89663463171736,36.896634631717355,VALID_POLYGON,200,0,200,refine_20m
842.2721042074579,431.27379678135844,842.2721042074579,431.27379678135844,946.2660224885321,58.14108553813878,160.85654260334533,1499.771542734587,26.178609655925268,1.0,329.3621594283712,32.63784057162875,VALID_POLYGON,200,0,200,refine_20m
842.2721042074579,-431.2737967813583,842.2721042074579,-431.2737967813583,946.2660224885321,58.14108553813878,160.85654260334618,1499.771542734587,-26.178609655925268,-1.0,30.637840571628747,32.63784057162874,VALID_POLYGON,200,0,200,refine_20m
699.5449699391339,567.7833154939019,699.5449699391339,567.7833154939019,900.9667354127962,102.8540999849713,160.87210252201152,1499.771542734587,26.178609655925268,1.0,326.9093002851395,35.09069971486049,VALID_POLYGON,200,0,200,refine_20m
699.5449699391339,-567.7833154939017,699.5449699391339,-567.7833154939017,900.9667354127961,102.85409998497153,160.87210252201237,1499.771542734587,-26.178609655925268,-1.0,33.09069971486048,35.090699714860484,VALID_POLYGON,200,0,200,refine_20m
559.5449699391339,-727.7833154939017,559.5449699391339,-727.7833154939017,918.0191325323685,84.94997627868167,160.88984099654425,1499.771542734587,-26.178609655925268,-1.0,35.73059890149077,37.730598901490794,VALID_POLYGON,200,0,200,refine_20m
559.5449699391339,727.7833154939019,559.5449699391339,727.7833154939019,918.0191325323686,84.94997627868156,160.8898409965451,1499.771542734587,26.178609655925268,1.0,324.2694010985092,37.730598901490794,VALID_POLYGON,200,0,200,refine_20m
679.5449699391339,587.7833154939019,679.5449699391339,587.7833154939019,898.4823827669535,105.23536069182683,161.09577456521657,1499.771542734587,26.178609655925268,1.0,326.6007680496217,35.39923195037833,VALID_POLYGON,200,0,200,refine_20m
679.5449699391339,-587.7833154939017,679.5449699391339,-587.7833154939017,898.4823827669533,105.23536069182694,161.09577456521743,1499.771542734587,-26.178609655925268,-1.0,33.3992319503783,35.399231950378315,VALID_POLYGON,200,0,200,refine_20m
659.5449699391339,-607.7833154939017,659.5449699391339,-607.7833154939017,896.8835632147424,106.72694342726618,161.4020977981085,1499.771542734587,-26.178609655925268,-1.0,33.69097629410994,35.690976294109944,VALID_POLYGON,200,0,200,refine_20m
659.5449699391339,607.7833154939019,659.5449699391339,607.7833154939019,896.8835632147425,106.72694342726606,161.40209779810957,1499.771542734587,26.178609655925268,1.0,326.30902370589007,35.69097629410995,VALID_POLYGON,200,0,200,refine_20m
793.63567134162,-473.0190374250866,793.63567134162,-473.0190374250866,923.9072402532731,80.33865263918574,161.45544556707873,1499.771542734587,-26.178609655925268,-1.0,31.3254923346125,33.3254923346125,VALID_POLYGON,200,0,200,refine_20m
793.63567134162,473.0190374250867,793.63567134162,473.0190374250867,923.9072402532731,80.33865263918563,161.45544556707938,1499.771542734587,26.178609655925268,1.0,328.6745076653875,33.32549233461251,VALID_POLYGON,200,0,200,refine_20m
539.5449699391339,-747.7833154939017,539.5449699391339,-747.7833154939017,922.1109811284502,80.7342387780916,161.65308042710464,1499.771542734587,-26.178609655925268,-1.0,35.924649843788394,37.924649843788394,VALID_POLYGON,200,0,200,refine_20m
539.5449699391339,747.7833154939019,539.5449699391339,747.7833154939019,922.1109811284504,80.73423877809148,161.6530804271055,1499.771542734587,26.178609655925268,1.0,324.0753501562116,37.924649843788394,VALID_POLYGON,200,0,200,refine_20m
933.63567134162,353.0190374250867,933.63567134162,353.0190374250867,998.1472875212617,6.496259110114124,161.70984732692673,1499.771542734587,26.178609655925268,1.0,331.0013867791482,30.998613220851766,VALID_POLYGON,200,0,200,refine_20m
933.63567134162,-353.0190374250866,933.63567134162,-353.0190374250866,998.1472875212617,6.496259110114124,161.70984732692804,1499.771542734587,-26.178609655925268,-1.0,28.998613220851748,30.998613220851755,VALID_POLYGON,200,0,200,refine_20m
862.2721042074579,411.27379678135844,862.2721042074579,411.27379678135844,955.3320457376645,49.14002764444808,161.72601067780369,1499.771542734587,26.178609655925268,1.0,329.8650259133018,32.13497408669821,VALID_POLYGON,200,0,200,refine_20m
862.2721042074579,-411.2737967813583,862.2721042074579,-411.2737967813583,955.3320457376645,49.140027644448196,161.7260106778043,1499.771542734587,-26.178609655925268,-1.0,30.13497408669819,32.13497408669821,VALID_POLYGON,200,0,200,refine_20m
639.5449699391339,-627.7833154939017,639.5449699391339,-627.7833154939017,896.1750162702391,107.32438845832473,161.78268456060476,1499.771542734587,-26.178609655925268,-1.0,33.967252684668836,35.967252684668836,VALID_POLYGON,200,0,200,refine_20m
639.5449699391339,627.7833154939019,639.5449699391339,627.7833154939019,896.1750162702393,107.32438845832462,161.78268456060604,1499.771542734587,26.178609655925268,1.0,326.03274731533116,35.96725268466886,VALID_POLYGON,200,0,200,refine_20m
813.63567134162,-453.0190374250866,813.63567134162,-453.0190374250866,931.2514450722107,73.07055329661091,161.96119008312897,1499.771542734587,-26.178609655925268,-1.0,30.885460380194615,32.885460380194644,VALID_POLYGON,200,0,200,refine_20m
813.63567134162,453.0190374250867,813.63567134162,453.0190374250867,931.2514450722107,73.07055329661091,161.96119008313005,1499.771542734587,26.178609655925268,1.0,329.1145396198054,32.885460380194644,VALID_POLYGON,200,0,200,refine_20m
619.5449699391339,647.7833154939019,619.5449699391339,647.7833154939019,896.3588531437364,107.02590111257223,162.23026263943348,1499.771542734587,26.178609655925268,1.0,325.7707523920301,36.22924760796991,VALID_POLYGON,200,0,200,refine_20m
619.5449699391339,-647.7833154939017,619.5449699391339,-647.7833154939017,896.3588531437363,107.02590111257234,162.23026263943478,1499.771542734587,-26.178609655925268,-1.0,34.229247607969874,36.22924760796988,VALID_POLYGON,200,0,200,refine_20m
710.908537073296,549.52855613763,710.908537073296,549.52855613763,898.539137764406,105.3573420471663,162.30656166133699,1499.771542734587,26.178609655925268,1.0,327.43878517929625,34.56121482070377,VALID_POLYGON,200,0,200,refine_20m
710.908537073296,-549.52855613763,710.908537073296,-549.52855613763,898.539137764406,105.3573420471663,162.30656166133784,1499.771542734587,-26.178609655925268,-1.0,32.561214820703746,34.56121482070377,VALID_POLYGON,200,0,200,refine_20m
730.908537073296,529.52855613763,730.908537073296,529.52855613763,902.567327866364,101.42489203961429,162.31348580168452,1499.771542734587,26.178609655925268,1.0,327.7885176519078,34.21148234809223,VALID_POLYGON,200,0,200,refine_20m
730.908537073296,-529.52855613763,730.908537073296,-529.52855613763,902.567327866364,101.42489203961429,162.31348580168537,1499.771542734587,-26.178609655925268,-1.0,32.21148234809222,34.21148234809223,VALID_POLYGON,200,0,200,refine_20m
690.908537073296,-569.52855613763,690.908537073296,-569.52855613763,895.3867225154589,108.40942904727672,162.40581742640086,1499.771542734587,-26.178609655925268,-1.0,32.89104742285304,34.89104742285304,VALID_POLYGON,200,0,200,refine_20m
690.908537073296,569.52855613763,690.908537073296,569.52855613763,895.3867225154589,108.40942904727672,162.4058174264017,1499.771542734587,26.178609655925268,1.0,327.10895257714697,34.89104742285304,VALID_POLYGON,200,0,200,refine_20m
750.908537073296,-509.52855613762995,750.908537073296,-509.52855613762995,907.4596302697191,96.62357576527006,162.4401856831201,1499.771542734587,-26.178609655925268,-1.0,31.840021643089095,33.84002164308908,VALID_POLYGON,200,0,200,refine_20m
750.908537073296,509.52855613762995,750.908537073296,509.52855613762995,907.4596302697191,96.62357576527006,162.44018568312117,1499.771542734587,26.178609655925268,1.0,328.1599783569109,33.84002164308908,VALID_POLYGON,200,0,200,refine_20m
519.5449699391339,767.7833154939019,519.5449699391339,767.7833154939019,927.0481084279629,75.67184744950862,162.4514820162111,1499.771542734587,26.178609655925268,1.0,323.8901413142075,38.109858685792524,VALID_POLYGON,200,0,200,refine_20m
519.5449699391339,-767.7833154939017,519.5449699391339,-767.7833154939017,927.0481084279627,75.67184744950885,162.4514820162122,1499.771542734587,-26.178609655925268,-1.0,36.109858685792496,38.109858685792496,VALID_POLYGON,200,0,200,refine_20m
670.908537073296,-589.52855613763,670.908537073296,-589.52855613763,893.1193557523815,110.57209005187212,162.59966213021664,1499.771542734587,-26.178609655925268,-1.0,33.20261151938826,35.20261151938828,VALID_POLYGON,200,0,200,refine_20m
670.908537073296,589.52855613763,670.908537073296,589.52855613763,893.1193557523815,110.57209005187212,162.5996621302177,1499.771542734587,26.178609655925268,1.0,326.79738848061174,35.20261151938828,VALID_POLYGON,200,0,200,refine_20m
833.63567134162,433.0190374250867,833.63567134162,433.0190374250867,939.3901848038131,65.00299224960418,162.6610229253404,1499.771542734587,26.178609655925268,1.0,329.5856298671419,32.414370132858096,VALID_POLYGON,200,0,200,refine_20m
833.63567134162,-433.0190374250866,833.63567134162,-433.0190374250866,939.390184803813,65.00299224960429,162.66102292534148,1499.771542734587,-26.178609655925268,-1.0,30.414370132858075,32.41437013285807,VALID_POLYGON,200,0,200,refine_20m
770.908537073296,489.52855613762995,770.908537073296,489.52855613762995,913.2021571408393,90.96716061506629,162.70271494978005,1499.771542734587,26.178609655925268,1.0,328.5552227597651,33.44477724023489,VALID_POLYGON,200,0,200,refine_20m
770.908537073296,-489.52855613762995,770.908537073296,-489.52855613762995,913.2021571408393,90.96716061506629,162.70271494978073,1499.771542734587,-26.178609655925268,-1.0,31.444777240234878,33.44477724023489,VALID_POLYGON,200,0,200,refine_20m
599.5449699391339,-667.7833154939017,599.5449699391339,-667.7833154939017,897.4345254286492,105.83237861890643,162.7384953830267,1499.771542734587,-26.178609655925268,-1.0,34.47803037905345,36.47803037905346,VALID_POLYGON,200,0,200,refine_20m
599.5449699391339,667.7833154939019,599.5449699391339,667.7833154939019,897.4345254286494,105.8323786189062,162.73849538302755,1499.771542734587,26.178609655925268,1.0,325.52196962094655,36.47803037905346,VALID_POLYGON,200,0,200,refine_20m
882.2721042074579,-391.2737967813583,882.2721042074579,-391.2737967813583,965.1420879385352,39.39021486103627,162.85429137049803,1499.771542734587,-26.178609655925268,-1.0,29.593608983043865,31.593608983043868,VALID_POLYGON,200,0,200,refine_20m
882.2721042074579,391.27379678135844,882.2721042074579,391.27379678135844,965.1420879385353,39.39021486103627,162.8542913704991,1499.771542734587,26.178609655925268,1.0,330.40639101695615,31.593608983043868,VALID_POLYGON,200,0,200,refine_20m
650.908537073296,609.52855613763,650.908537073296,609.52855613763,891.7437885301597,111.8388278146881,162.87815313654409,1499.771542734587,26.178609655925268,1.0,326.50263301601893,35.49736698398107,VALID_POLYGON,200,0,200,refine_20m
650.908537073296,-609.52855613763,650.908537073296,-609.52855613763,891.7437885301597,111.8388278146881,162.87815313654517,1499.771542734587,-26.178609655925268,-1.0,33.497366983981046,35.49736698398107,VALID_POLYGON,200,0,200,refine_20m
790.908537073296,469.52855613762995,790.908537073296,469.52855613762995,919.7789838021462,84.47149563908033,163.12016612539293,1499.771542734587,26.178609655925268,1.0,328.9765691115068,33.02343088849315,VALID_POLYGON,200,0,200,refine_20m
790.908537073296,-469.52855613762995,790.908537073296,-469.52855613762995,919.7789838021462,84.47149563908033,163.1201661253942,1499.771542734587,-26.178609655925268,-1.0,31.023430888493152,33.02343088849315,VALID_POLYGON,200,0,200,refine_20m
630.908537073296,629.52855613763,630.908537073296,629.52855613763,891.2641500389744,112.20580731766483,163.23271293139518,1499.771542734587,26.178609655925268,1.0,326.2233761073707,35.776623892629296,VALID_POLYGON,200,0,200,refine_20m
630.908537073296,-629.52855613763,630.908537073296,-629.52855613763,891.2641500389744,112.20580731766483,163.23271293139624,1499.771542734587,-26.178609655925268,-1.0,33.77662389262929,35.776623892629296,VALID_POLYGON,200,0,200,refine_20m
579.5449699391339,687.7833154939019,579.5449699391339,687.7833154939019,899.3988332511533,103.74739667388826,163.30183549750657,1499.771542734587,26.178609655925268,1.0,325.285432879017,36.714567120983006,VALID_POLYGON,200,0,200,refine_20m
579.5449699391339,-687.7833154939017,579.5449699391339,-687.7833154939017,899.3988332511532,103.74739667388849,163.30183549750765,1499.771542734587,-26.178609655925268,-1.0,34.714567120982984,36.714567120982984,VALID_POLYGON,200,0,200,refine_20m
853.63567134162,413.0190374250867,853.63567134162,413.0190374250867,948.303002558994,56.1564696208718,163.58648525368238,1499.771542734587,26.178609655925268,1.0,330.09111591250456,31.908884087495466,VALID_POLYGON,200,0,200,refine_20m
853.63567134162,-413.0190374250866,853.63567134162,-413.0190374250866,948.303002558994,56.15646962087192,163.586485253683,1499.771542734587,-26.178609655925268,-1.0,29.908884087495455,31.908884087495466,VALID_POLYGON,200,0,200,refine_20m
610.908537073296,649.52855613763,610.908537073296,649.52855613763,891.6818860486451,111.67191345574838,163.65590226665714,1499.771542734587,26.178609655925268,1.0,325.95843895537905,36.04156104462094,VALID_POLYGON,200,0,200,refine_20m
610.908537073296,-649.52855613763,610.908537073296,-649.52855613763,891.6818860486451,111.67191345574838,163.65590226665822,1499.771542734587,-26.178609655925268,-1.0,34.04156104462093,36.04156104462094,VALID_POLYGON,200,0,200,refine_20m
702.2721042074579,551.2737967813584,702.2721042074579,551.2737967813584,892.7983576181718,111.07454392302543,163.87632113889663,1499.771542734587,26.178609655925268,1.0,327.63801251428373,34.361987485716256,VALID_POLYGON,200,0,200,refine_20m
702.2721042074579,-551.2737967813583,702.2721042074579,-551.2737967813583,892.7983576181718,111.07454392302554,163.8763211388977,1499.771542734587,-26.178609655925268,-1.0,32.36198748571624,34.36198748571624,VALID_POLYGON,200,0,200,refine_20m
559.5449699391339,-707.7833154939017,559.5449699391339,-707.7833154939017,902.2459726015552,100.77715620023218,163.91540540229815,1499.771542734587,-26.178609655925268,-1.0,34.93973280815402,36.93973280815404,VALID_POLYGON,200,0,200,refine_20m
559.5449699391339,707.7833154939019,559.5449699391339,707.7833154939019,902.2459726015553,100.77715620023196,163.91540540229923,1499.771542734587,26.178609655925268,1.0,325.060267191846,36.93973280815404,VALID_POLYGON,200,0,200,refine_20m
722.2721042074579,-531.2737967813583,722.2721042074579,-531.2737967813583,896.620789220699,107.34948678758815,163.91772145853503,1499.771542734587,-26.178609655925268,-1.0,32.00938842562189,34.00938842562191,VALID_POLYGON,200,0,200,refine_20m
722.2721042074579,531.2737967813584,722.2721042074579,531.2737967813584,896.620789220699,107.34948678758803,163.91772145853545,1499.771542734587,26.178609655925268,1.0,327.9906115743781,34.00938842562191,VALID_POLYGON,200,0,200,refine_20m
742.2721042074579,511.27379678135844,742.2721042074579,511.27379678135844,901.3150237069129,102.7478553856181,164.08162235074698,1499.771542734587,26.178609655925268,1.0,328.36490094248074,33.635099057519255,VALID_POLYGON,200,0,200,refine_20m
742.2721042074579,-511.2737967813583,742.2721042074579,-511.2737967813583,901.3150237069129,102.74785538561821,164.08162235074784,1499.771542734587,-26.178609655925268,-1.0,31.635099057519234,33.635099057519255,VALID_POLYGON,200,0,200,refine_20m
902.2721042074579,371.27379678135844,902.2721042074579,371.27379678135844,975.6737068341031,28.914199680866773,164.2888363347875,1499.771542734587,26.178609655925268,1.0,330.9907429992195,31.009257000780522,VALID_POLYGON,200,0,200,refine_20m
902.2721042074579,-371.2737967813583,902.2721042074579,-371.2737967813583,975.673706834103,28.914199680866886,164.28883633478813,1499.771542734587,-26.178609655925268,-1.0,29.009257000780508,31.009257000780508,VALID_POLYGON,200,0,200,refine_20m
762.2721042074579,-491.2737967813583,762.2721042074579,-491.2737967813583,906.8675229915541,97.28305472211684,164.38440156563905,1499.771542734587,-26.178609655925268,-1.0,31.237089545141323,33.23708954514131,VALID_POLYGON,200,0,200,refine_20m
762.2721042074579,491.27379678135844,762.2721042074579,491.27379678135844,906.8675229915542,97.28305472211673,164.3844015656399,1499.771542734587,26.178609655925268,1.0,328.7629104548587,33.23708954514134,VALID_POLYGON,200,0,200,refine_20m
539.5449699391339,727.7833154939019,539.5449699391339,727.7833154939019,905.9676202259755,96.9303921325602,164.57489869144692,1499.771542734587,26.178609655925268,1.0,324.84567832339997,37.154321676600034,VALID_POLYGON,200,0,200,refine_20m
539.5449699391339,-727.7833154939017,539.5449699391339,-727.7833154939017,905.9676202259752,96.93039213256043,164.57489869144734,1499.771542734587,-26.178609655925268,-1.0,35.15432167660002,37.15432167660003,VALID_POLYGON,200,0,200,refine_20m
873.63567134162,393.0190374250867,873.63567134162,393.0190374250867,957.9682928046548,46.55266785475828,164.77638585915747,1499.771542734587,26.178609655925268,1.0,330.63481943674265,31.365180563257354,VALID_POLYGON,200,0,200,refine_20m
873.63567134162,-393.0190374250866,873.63567134162,-393.0190374250866,957.9682928046547,46.55266785475828,164.77638585915832,1499.771542734587,-26.178609655925268,-1.0,29.365180563257336,31.36518056325733,VALID_POLYGON,200,0,200,refine_20m
782.2721042074579,-471.2737967813583,782.2721042074579,-471.2737967813583,913.2626328465875,90.9706519762093,164.84552685034734,1499.771542734587,-26.178609655925268,-1.0,30.81307359019607,32.81307359019604,VALID_POLYGON,200,0,200,refine_20m
782.2721042074579,471.27379678135844,782.2721042074579,471.27379678135844,913.2626328465876,90.97065197620918,164.84552685034797,1499.771542734587,26.178609655925268,1.0,329.1869264098039,32.81307359019604,VALID_POLYGON,200,0,200,refine_20m
519.5449699391339,-747.7833154939017,519.5449699391339,-747.7833154939017,910.5530532155211,92.21824732132859,165.27649848825934,1499.771542734587,-26.178609655925268,-1.0,35.35905625154634,37.35905625154636,VALID_POLYGON,200,0,200,refine_20m
519.5449699391339,747.7833154939019,519.5449699391339,747.7833154939019,910.5530532155213,92.21824732132836,165.27649848826061,1499.771542734587,26.178609655925268,1.0,324.64094374845365,37.35905625154636,VALID_POLYGON,200,0,200,refine_20m
679.5449699391339,567.7833154939019,679.5449699391339,567.7833154939019,885.5276729288736,118.24666904216247,165.31487207272934,1499.771542734587,26.178609655925268,1.0,327.56277460735566,34.43722539264438,VALID_POLYGON,200,0,200,refine_20m
679.5449699391339,-567.7833154939017,679.5449699391339,-567.7833154939017,885.5276729288735,118.24666904216258,165.31487207272977,1499.771542734587,-26.178609655925268,-1.0,32.43722539264436,34.43722539264437,VALID_POLYGON,200,0,200,refine_20m
659.5449699391339,587.7833154939019,659.5449699391339,587.7833154939019,883.4527680329135,120.2148384419346,165.42799152422597,1499.771542734587,26.178609655925268,1.0,327.24136146168934,34.75863853831064,VALID_POLYGON,200,0,200,refine_20m
659.5449699391339,-587.7833154939017,659.5449699391339,-587.7833154939017,883.4527680329134,120.21483844193472,165.42799152422708,1499.771542734587,-26.178609655925268,-1.0,32.75863853831063,34.75863853831064,VALID_POLYGON,200,0,200,refine_20m
802.2721042074579,451.27379678135844,802.2721042074579,451.27379678135844,920.4827911758725,83.82816685662976,165.48831926463632,1499.771542734587,26.178609655925268,1.0,329.63953247977645,32.360467520223544,VALID_POLYGON,200,0,200,refine_20m
802.2721042074579,-451.2737967813583,802.2721042074579,-451.2737967813583,920.4827911758725,83.82816685662988,165.48831926463654,1499.771542734587,-26.178609655925268,-1.0,30.360467520223537,32.360467520223544,VALID_POLYGON,200,0,200,refine_20m
639.5449699391339,-607.7833154939017,639.5449699391339,-607.7833154939017,882.2801863168,121.2765370491918,165.63200064377205,1499.771542734587,-26.178609655925268,-1.0,33.062878025773244,35.062878025773244,VALID_POLYGON,200,0,200,refine_20m
639.5449699391339,607.7833154939019,639.5449699391339,607.7833154939019,882.2801863168002,121.27653704919169,165.63200064377287,1499.771542734587,26.178609655925268,1.0,326.9371219742267,35.062878025773266,VALID_POLYGON,200,0,200,refine_20m
619.5449699391339,627.7833154939019,619.5449699391339,627.7833154939019,882.0135265342581,121.42847861840517,165.91763242080935,1499.771542734587,26.178609655925268,1.0,326.64873139631715,35.35126860368285,VALID_POLYGON,200,0,200,refine_20m
619.5449699391339,-627.7833154939017,619.5449699391339,-627.7833154939017,882.0135265342578,121.42847861840539,165.91763242081,1499.771542734587,-26.178609655925268,-1.0,33.351268603682826,35.35126860368283,VALID_POLYGON,200,0,200,refine_20m
599.5449699391339,647.7833154939019,599.5449699391339,647.7833154939019,882.6536097538994,120.67019155195271,166.27685499717805,1499.771542734587,26.178609655925268,1.0,326.37499626469605,35.62500373530397,VALID_POLYGON,200,0,200,refine_20m
599.5449699391339,-647.7833154939017,599.5449699391339,-647.7833154939017,882.6536097538993,120.67019155195283,166.2768549971791,1499.771542734587,-26.178609655925268,-1.0,33.62500373530396,35.62500373530397,VALID_POLYGON,200,0,200,refine_20m
893.63567134162,373.0190374250867,893.63567134162,373.0190374250867,968.3635243934615,36.214224782695055,166.27901306470648,1499.771542734587,26.178609655925268,1.0,331.22113484735024,30.77886515264975,VALID_POLYGON,200,0,200,refine_20m
893.63567134162,-373.0190374250866,893.63567134162,-373.0190374250866,968.3635243934614,36.214224782695055,166.27901306470713,1499.771542734587,-26.178609655925268,-1.0,28.778865152649736,30.77886515264975,VALID_POLYGON,200,0,200,refine_20m
822.2721042074579,-431.2737967813583,822.2721042074579,-431.2737967813583,928.5087512500725,75.87484607223871,166.34095353897013,1499.771542734587,-26.178609655925268,-1.0,29.876341495815744,31.876341495815748,VALID_POLYGON,200,0,200,refine_20m
822.2721042074579,431.27379678135844,822.2721042074579,431.27379678135844,928.5087512500725,75.8748460722386,166.34095353897055,1499.771542734587,26.178609655925268,1.0,330.1236585041843,31.876341495815748,VALID_POLYGON,200,0,200,refine_20m
579.5449699391339,667.7833154939019,579.5449699391339,667.7833154939019,884.1984667673767,119.00402619093143,166.70267221058035,1499.771542734587,26.178609655925268,1.0,326.11483871712613,35.88516128287389,VALID_POLYGON,200,0,200,refine_20m
579.5449699391339,-667.7833154939017,579.5449699391339,-667.7833154939017,884.1984667673765,119.00402619093165,166.70267221058097,1499.771542734587,-26.178609655925268,-1.0,33.88516128287388,35.88516128287389,VALID_POLYGON,200,0,200,refine_20m
670.908537073296,569.52855613763,670.908537073296,569.52855613763,880.0460450306243,123.70246247755404,166.86796635401043,1499.771542734587,26.178609655925268,1.0,327.75369623724094,34.246303762759034,VALID_POLYGON,200,0,200,refine_20m
670.908537073296,-569.52855613763,670.908537073296,-569.52855613763,880.0460450306243,123.70246247755404,166.8679663540113,1499.771542734587,-26.178609655925268,-1.0,32.24630376275905,34.246303762759034,VALID_POLYGON,200,0,200,refine_20m
690.908537073296,549.52855613763,690.908537073296,549.52855613763,882.8002268981755,121.05226919627898,166.8890843144172,1499.771542734587,26.178609655925268,1.0,328.0963547841444,33.90364521585562,VALID_POLYGON,200,0,200,refine_20m
690.908537073296,-549.52855613763,690.908537073296,-549.52855613763,882.8002268981755,121.05226919627898,166.88908431441806,1499.771542734587,-26.178609655925268,-1.0,31.90364521585562,33.90364521585562,VALID_POLYGON,200,0,200,refine_20m
650.908537073296,-589.52855613763,650.908537073296,-589.52855613763,878.1946493441059,125.44546479319274,166.95071915939883,1499.771542734587,-26.178609655925268,-1.0,32.57033514936426,34.57033514936426,VALID_POLYGON,200,0,200,refine_20m
650.908537073296,589.52855613763,650.908537073296,589.52855613763,878.1946493441059,125.44546479319274,166.9507191593999,1499.771542734587,26.178609655925268,1.0,327.42966485063573,34.57033514936426,VALID_POLYGON,200,0,200,refine_20m
710.908537073296,-529.52855613763,710.908537073296,-529.52855613763,886.4487801609843,117.50305796443786,167.02686086009274,1499.771542734587,-26.178609655925268,-1.0,31.540732555337947,33.540732555337954,VALID_POLYGON,200,0,200,refine_20m
710.908537073296,529.52855613763,710.908537073296,529.52855613763,886.4487801609843,117.50305796443786,167.02686086009382,1499.771542734587,26.178609655925268,1.0,328.45926744466203,33.540732555337954,VALID_POLYGON,200,0,200,refine_20m
630.908537073296,609.52855613763,630.908537073296,609.52855613763,877.2517557116602,126.27584682939732,167.12637714107538,1499.771542734587,26.178609655925268,1.0,327.1228010761829,34.87719892381712,VALID_POLYGON,200,0,200,refine_20m
630.908537073296,-609.52855613763,630.908537073296,-609.52855613763,877.2517557116602,126.27584682939732,167.12637714107643,1499.771542734587,-26.178609655925268,-1.0,32.87719892381711,34.87719892381712,VALID_POLYGON,200,0,200,refine_20m
559.5449699391339,-687.7833154939017,559.5449699391339,-687.7833154939017,886.6433682467659,116.43511856214081,167.18896152236317,1499.771542734587,-26.178609655925268,-1.0,34.13271702209127,36.13271702209129,VALID_POLYGON,200,0,200,refine_20m
559.5449699391339,687.7833154939019,559.5449699391339,687.7833154939019,886.6433682467662,116.43511856214059,167.1889615223638,1499.771542734587,26.178609655925268,1.0,325.8672829779087,36.13271702209129,VALID_POLYGON,200,0,200,refine_20m
793.63567134162,-453.0190374250866,793.63567134162,-453.0190374250866,913.8292111195701,90.46564559043873,167.26477102120134,1499.771542734587,-26.178609655925268,-1.0,30.151850195076545,32.151850195076555,VALID_POLYGON,200,0,200,refine_20m
793.63567134162,453.0190374250867,793.63567134162,453.0190374250867,913.8292111195701,90.46564559043861,167.2647710212022,1499.771542734587,26.178609655925268,1.0,329.8481498049234,32.151850195076555,VALID_POLYGON,200,0,200,refine_20m
730.908537073296,-509.52855613762995,730.908537073296,-509.52855613762995,890.9807175726777,113.06562141315885,167.29630082622634,1499.771542734587,-26.178609655925268,-1.0,31.155747184667483,33.15574718466749,VALID_POLYGON,200,0,200,refine_20m
730.908537073296,509.52855613762995,730.908537073296,509.52855613762995,890.9807175726777,113.06562141315885,167.29630082622742,1499.771542734587,26.178609655925268,1.0,328.84425281533254,33.15574718466749,VALID_POLYGON,200,0,200,refine_20m
610.908537073296,629.52855613763,610.908537073296,629.52855613763,877.2202936901106,126.19100678890993,167.38548344282958,1499.771542734587,26.178609655925268,1.0,326.8317920667919,35.16820793320815,VALID_POLYGON,200,0,200,refine_20m
610.908537073296,-629.52855613763,610.908537073296,-629.52855613763,877.2202936901106,126.19100678890993,167.38548344283063,1499.771542734587,-26.178609655925268,-1.0,33.168207933208144,35.16820793320815,VALID_POLYGON,200,0,200,refine_20m
842.2721042074579,411.27379678135844,842.2721042074579,411.27379678135844,937.3198138549152,67.13142812144542,167.437785716119,1499.771542734587,26.178609655925268,1.0,330.6426389340856,31.35736106591436,VALID_POLYGON,200,0,200,refine_20m
842.2721042074579,-411.2737967813583,842.2721042074579,-411.2737967813583,937.3198138549152,67.13142812144554,167.4377857161199,1499.771542734587,-26.178609655925268,-1.0,29.357361065914372,31.35736106591436,VALID_POLYGON,200,0,200,refine_20m
750.908537073296,489.52855613762995,750.908537073296,489.52855613762995,896.3826405747437,107.75321175342185,167.7151277523837,1499.771542734587,26.178609655925268,1.0,329.2533496144564,32.74665038554364,VALID_POLYGON,200,0,200,refine_20m
750.908537073296,-489.52855613762995,750.908537073296,-489.52855613762995,896.3826405747437,107.75321175342185,167.71512775238412,1499.771542734587,-26.178609655925268,-1.0,30.746650385543628,32.74665038554364,VALID_POLYGON,200,0,200,refine_20m
539.5449699391339,707.7833154939019,539.5449699391339,707.7833154939019,889.980896580461,112.97131187722687,167.7303414175336,1499.771542734587,26.178609655925268,1.0,325.6314436751604,36.36855632483959,VALID_POLYGON,200,0,200,refine_20m
539.5449699391339,-707.7833154939017,539.5449699391339,-707.7833154939017,889.9808965804608,112.9713118772271,167.73034141753402,1499.771542734587,-26.178609655925268,-1.0,34.368556324839574,36.36855632483959,VALID_POLYGON,200,0,200,refine_20m
913.63567134162,-353.0190374250866,913.63567134162,-353.0190374250866,979.4654566304966,25.16451344467157,168.1552027025403,1499.771542734587,-26.178609655925268,-1.0,28.144862694317734,30.144862694317737,VALID_POLYGON,200,0,200,refine_20m
913.63567134162,353.0190374250867,913.63567134162,353.0190374250867,979.4654566304966,25.164513444671456,168.15520270254072,1499.771542734587,26.178609655925268,1.0,331.85513730568226,30.144862694317762,VALID_POLYGON,200,0,200,refine_20m
813.63567134162,-433.0190374250866,813.63567134162,-433.0190374250866,921.6878497908482,82.6811093259007,168.16911745410275,1499.771542734587,-26.178609655925268,-1.0,29.665584261097646,31.665584261097663,VALID_POLYGON,200,0,200,refine_20m
813.63567134162,433.0190374250867,813.63567134162,433.0190374250867,921.6878497908483,82.6811093259007,168.16911745410317,1499.771542734587,26.178609655925268,1.0,330.33441573890235,31.665584261097663,VALID_POLYGON,200,0,200,refine_20m
770.908537073296,469.52855613762995,770.908537073296,469.52855613762995,902.6389297837629,101.58135017496329,168.30442772023525,1499.771542734587,26.178609655925268,1.0,329.68885026879633,32.3111497312037,VALID_POLYGON,200,0,200,refine_20m
770.908537073296,-469.52855613762995,770.908537073296,-469.52855613762995,902.6389297837629,101.58135017496329,168.3044277202361,1499.771542734587,-26.178609655925268,-1.0,30.31114973120368,32.3111497312037,VALID_POLYGON,200,0,200,refine_20m
519.5449699391339,-727.7833154939017,519.5449699391339,-727.7833154939017,894.2010568660448,108.62303855477785,168.3220622195157,1499.771542734587,-26.178609655925268,-1.0,34.59348429011783,36.59348429011784,VALID_POLYGON,200,0,200,refine_20m
519.5449699391339,727.7833154939019,519.5449699391339,727.7833154939019,894.2010568660451,108.62303855477762,168.32206221951634,1499.771542734587,26.178609655925268,1.0,325.40651570988217,36.59348429011786,VALID_POLYGON,200,0,200,refine_20m
702.2721042074579,531.2737967813584,702.2721042074579,531.2737967813584,880.5895499575558,123.33927651051033,168.65142088769244,1499.771542734587,26.178609655925268,1.0,328.6519304481552,33.3480695518448,VALID_POLYGON,200,0,200,refine_20m
702.2721042074579,-531.2737967813583,702.2721042074579,-531.2737967813583,880.5895499575558,123.33927651051044,168.65142088769306,1499.771542734587,-26.178609655925268,-1.0,31.3480695518448,33.34806955184479,VALID_POLYGON,200,0,200,refine_20m
862.2721042074579,391.27379678135844,862.2721042074579,391.27379678135844,946.894062576198,57.619904350978345,168.82113972760223,1499.771542734587,26.178609655925268,1.0,331.200283150617,30.799716849382968,VALID_POLYGON,200,0,200,refine_20m
862.2721042074579,-391.2737967813583,862.2721042074579,-391.2737967813583,946.894062576198,57.61990435097846,168.8211397276033,1499.771542734587,-26.178609655925268,-1.0,28.799716849382968,30.799716849382968,VALID_POLYGON,200,0,200,refine_20m
722.2721042074579,511.27379678135844,722.2721042074579,511.27379678135844,884.9168818547281,119.10812446371119,168.9586415365953,1499.771542734587,26.178609655925268,1.0,329.0392559832237,32.96074401677626,VALID_POLYGON,200,0,200,refine_20m
722.2721042074579,-511.2737967813583,722.2721042074579,-511.2737967813583,884.916881854728,119.10812446371119,168.9586415365964,1499.771542734587,-26.178609655925268,-1.0,30.96074401677626,32.96074401677626,VALID_POLYGON,200,0,200,refine_20m
833.63567134162,-413.0190374250866,833.63567134162,-413.0190374250866,930.3403451472684,74.0976549744014,169.3225655799359,1499.771542734587,-26.178609655925268,-1.0,29.144721161159787,31.144721161159787,VALID_POLYGON,200,0,200,refine_20m
833.63567134162,413.0190374250867,833.63567134162,413.0190374250867,930.3403451472684,74.09765497440128,169.32256557993654,1499.771542734587,26.178609655925268,1.0,330.8552788388402,31.1447211611598,VALID_POLYGON,200,0,200,refine_20m
742.2721042074579,491.27379678135844,742.2721042074579,491.27379678135844,890.1223624247054,113.99381003146152,169.41831051705634,1499.771542734587,26.178609655925268,1.0,329.45059508769435,32.54940491230568,VALID_POLYGON,200,0,200,refine_20m
742.2721042074579,-491.2737967813583,742.2721042074579,-491.2737967813583,890.1223624247054,113.99381003146163,169.418310517057,1499.771542734587,-26.178609655925268,-1.0,30.54940491230566,32.549404912305654,VALID_POLYGON,200,0,200,refine_20m
548.181402804972,687.7833154939019,548.181402804972,687.7833154939019,879.5161962425769,123.52250737887312,169.4272907780118,1499.771542734587,26.178609655925268,1.0,326.1905686988154,35.80943130118461,VALID_POLYGON,200,0,200,coarse
548.181402804972,-687.7833154939017,548.181402804972,-687.7833154939017,879.5161962425768,123.52250737887323,169.42729077801312,1499.771542734587,-26.178609655925268,-1.0,33.80943130118458,35.8094313011846,VALID_POLYGON,200,0,200,coarse
639.5449699391339,-589.52855613763,639.5449699391339,-589.52855613763,869.8055455538131,133.80423785704056,169.45920687606932,1499.771542734587,-26.178609655925268,-1.0,32.22020949718177,34.22020949718177,VALID_POLYGON,200,0,200,coarse
639.5449699391339,589.52855613763,639.5449699391339,589.52855613763,869.8055455538131,133.80423785704056,169.45920687607102,1499.771542734587,26.178609655925268,1.0,327.77979050281823,34.22020949718177,VALID_POLYGON,200,0,200,coarse
639.5449699391339,-587.7833154939017,639.5449699391339,-587.7833154939017,868.6236207630157,134.99127100403382,169.84202954975686,1499.771542734587,-26.178609655925268,-1.0,32.13878134845239,34.13878134845239,VALID_POLYGON,200,0,200,refine_20m
639.5449699391339,587.7833154939019,639.5449699391339,587.7833154939019,868.6236207630159,134.9912710040337,169.84202954975794,1499.771542734587,26.178609655925268,1.0,327.86121865154763,34.138781348452405,VALID_POLYGON,200,0,200,refine_20m
659.5449699391339,-567.7833154939017,659.5449699391339,-567.7833154939017,870.2743594552585,133.4510357765654,169.84325252708237,1499.771542734587,-26.178609655925268,-1.0,31.805570770283865,33.80557077028387,VALID_POLYGON,200,0,200,refine_20m
659.5449699391339,567.7833154939019,659.5449699391339,567.7833154939019,870.2743594552587,133.45103577656516,169.84325252708257,1499.771542734587,26.178609655925268,1.0,328.1944292297161,33.80557077028387,VALID_POLYGON,200,0,200,refine_20m
619.5449699391339,607.7833154939019,619.5449699391339,607.7833154939019,867.8920027109607,135.60825138035557,169.9402352361681,1499.771542734587,26.178609655925268,1.0,327.545492771722,34.454507228278,VALID_POLYGON,200,0,200,refine_20m
619.5449699391339,-607.7833154939017,619.5449699391339,-607.7833154939017,867.8920027109606,135.60825138035568,169.94023523616917,1499.771542734587,-26.178609655925268,-1.0,32.45450722827798,34.45450722827799,VALID_POLYGON,200,0,200,refine_20m
762.2721042074579,-471.2737967813583,762.2721042074579,-471.2737967813583,896.1906897449797,108.01152421161237,170.05188426033436,1499.771542734587,-26.178609655925268,-1.0,30.111794231203977,32.111794231203966,VALID_POLYGON,200,0,200,refine_20m
762.2721042074579,471.27379678135844,762.2721042074579,471.27379678135844,896.1906897449799,108.01152421161237,170.051884260335,1499.771542734587,26.178609655925268,1.0,329.888205768796,32.111794231203966,VALID_POLYGON,200,0,200,refine_20m
599.5449699391339,-627.7833154939017,599.5449699391339,-627.7833154939017,868.081829202658,135.30000062204476,170.12768986715653,1499.771542734587,-26.178609655925268,-1.0,32.75407169554151,34.75407169554152,VALID_POLYGON,200,0,200,refine_20m
599.5449699391339,627.7833154939019,599.5449699391339,627.7833154939019,868.0818292026581,135.30000062204465,170.1276898671574,1499.771542734587,26.178609655925268,1.0,327.24592830445846,34.75407169554152,VALID_POLYGON,200,0,200,refine_20m
579.5449699391339,-647.7833154939017,579.5449699391339,-647.7833154939017,869.1924965242299,134.06750680740413,170.39557328988627,1499.771542734587,-26.178609655925268,-1.0,33.038669499605874,35.038669499605874,VALID_POLYGON,200,0,200,refine_20m
579.5449699391339,647.7833154939019,579.5449699391339,647.7833154939019,869.19249652423,134.0675068074039,170.39557328988735,1499.771542734587,26.178609655925268,1.0,326.9613305003941,35.038669499605895,VALID_POLYGON,200,0,200,refine_20m
933.63567134162,333.0190374250867,933.63567134162,333.0190374250867,991.2503448115662,13.427432378181948,170.4826738829661,1499.771542734587,26.178609655925268,1.0,332.54271518546693,29.45728481453306,VALID_POLYGON,200,0,200,refine_20m
933.63567134162,-333.0190374250866,933.63567134162,-333.0190374250866,991.250344811566,13.427432378182061,170.48267388296722,1499.771542734587,-26.178609655925268,-1.0,27.457284814533036,29.457284814533036,VALID_POLYGON,200,0,200,refine_20m
882.2721042074579,371.27379678135844,882.2721042074579,371.27379678135844,957.2085969312545,47.36328175312053,170.54374860444028,1499.771542734587,26.178609655925268,1.0,331.8009604548245,30.199039545175502,VALID_POLYGON,200,0,200,refine_20m
882.2721042074579,-371.2737967813583,882.2721042074579,-371.2737967813583,957.2085969312545,47.363281753120646,170.54374860444094,1499.771542734587,-26.178609655925268,-1.0,28.199039545175495,30.199039545175502,VALID_POLYGON,200,0,200,refine_20m
559.5449699391339,667.7833154939019,559.5449699391339,667.7833154939019,871.2204829067177,131.91470660467076,170.7362050894857,1499.771542734587,26.178609655925268,1.0,326.6906181120408,35.30938188795922,VALID_POLYGON,200,0,200,refine_20m
559.5449699391339,-667.7833154939017,559.5449699391339,-667.7833154939017,871.2204829067175,131.91470660467087,170.7362050894868,1499.771542734587,-26.178609655925268,-1.0,33.309381887959205,35.30938188795922,VALID_POLYGON,200,0,200,refine_20m
853.63567134162,-393.0190374250866,853.63567134162,-393.0190374250866,939.7647701235666,64.73727869638401,170.76812493771436,1499.771542734587,-26.178609655925268,-1.0,28.58552845535916,30.58552845535918,VALID_POLYGON,200,0,200,refine_20m
853.63567134162,393.0190374250867,853.63567134162,393.0190374250867,939.7647701235666,64.73727869638401,170.76812493771544,1499.771542734587,26.178609655925268,1.0,331.41447154464083,30.58552845535918,VALID_POLYGON,200,0,200,refine_20m
782.2721042074579,-451.2737967813583,782.2721042074579,-451.2737967813583,903.1044705252137,101.17859770919108,170.88507551674485,1499.771542734587,-26.178609655925268,-1.0,29.645368385709027,31.645368385709023,VALID_POLYGON,200,0,200,refine_20m
782.2721042074579,451.27379678135844,782.2721042074579,451.27379678135844,903.1044705252137,101.17859770919097,170.88507551674527,1499.771542734587,26.178609655925268,1.0,330.35463161429095,31.645368385709023,VALID_POLYGON,200,0,200,refine_20m
456.81783567081,-786.0380748501733,456.81783567081,-786.0380748501733,909.1415676896145,30.21735331442494,171.1015670332149,1499.771542734587,-26.178609655925268,-1.0,35.07576727087367,37.07576727087367,VALID_POLYGON,200,0,200,coarse
456.81783567081,786.0380748501732,456.81783567081,786.0380748501732,909.1415676896144,30.217353314425054,171.1015670332158,1499.771542734587,26.178609655925268,1.0,324.92423272912635,37.07576727087367,VALID_POLYGON,200,0,200,coarse
539.5449699391339,687.7833154939019,539.5449699391339,687.7833154939019,874.1594040324711,128.84842280360624,171.14286600623356,1499.771542734587,26.178609655925268,1.0,326.4328103931417,35.56718960685827,VALID_POLYGON,200,0,200,refine_20m
539.5449699391339,-687.7833154939017,539.5449699391339,-687.7833154939017,874.159404032471,128.84842280360647,171.14286600623464,1499.771542734587,-26.178609655925268,-1.0,33.567189606858264,35.567189606858264,VALID_POLYGON,200,0,200,refine_20m
630.908537073296,-589.52855613763,630.908537073296,-589.52855613763,863.4752461151884,140.11090069306374,171.3832854186554,1499.771542734587,-26.178609655925268,-1.0,31.958408387414842,33.958408387414835,VALID_POLYGON,200,0,200,refine_20m
630.908537073296,589.52855613763,630.908537073296,589.52855613763,863.4752461151884,140.11090069306374,171.38328541865621,1499.771542734587,26.178609655925268,1.0,328.04159161258514,33.958408387414835,VALID_POLYGON,200,0,200,refine_20m
650.908537073296,569.52855613763,650.908537073296,569.52855613763,864.8957740046553,138.80257645299355,171.4153856683731,1499.771542734587,26.178609655925268,1.0,328.37704020118935,33.62295979881066,VALID_POLYGON,200,0,200,refine_20m
650.908537073296,-569.52855613763,650.908537073296,-569.52855613763,864.8957740046553,138.80257645299355,171.41538566837397,1499.771542734587,-26.178609655925268,-1.0,31.622959798810648,33.62295979881066,VALID_POLYGON,200,0,200,refine_20m
610.908537073296,609.52855613763,610.908537073296,609.52855613763,862.979896299015,140.4899512572374,171.4526466342388,1499.771542734587,26.178609655925268,1.0,327.7235982128411,34.27640178715886,VALID_POLYGON,200,0,200,refine_20m
610.908537073296,-609.52855613763,610.908537073296,-609.52855613763,862.979896299015,140.4899512572374,171.45264663423987,1499.771542734587,-26.178609655925268,-1.0,32.276401787158846,34.27640178715886,VALID_POLYGON,200,0,200,refine_20m
670.908537073296,-549.52855613763,670.908537073296,-549.52855613763,867.236933674148,136.56920280713302,171.56097451072765,1499.771542734587,-26.178609655925268,-1.0,31.26860326081286,33.26860326081286,VALID_POLYGON,200,0,200,refine_20m
670.908537073296,549.52855613763,670.908537073296,549.52855613763,867.236933674148,136.56920280713302,171.5609745107283,1499.771542734587,26.178609655925268,1.0,328.7313967391871,33.26860326081286,VALID_POLYGON,200,0,200,refine_20m
519.5449699391339,-707.7833154939017,519.5449699391339,-707.7833154939017,878.0001124604686,124.87825744398651,171.60965186037643,1499.771542734587,-26.178609655925268,-1.0,33.81298417751524,35.812984177515254,VALID_POLYGON,200,0,200,refine_20m
519.5449699391339,707.7833154939019,519.5449699391339,707.7833154939019,878.0001124604688,124.8782574439864,171.6096518603777,1499.771542734587,26.178609655925268,1.0,326.18701582248474,35.81298417751526,VALID_POLYGON,200,0,200,refine_20m
690.908537073296,529.52855613763,690.908537073296,529.52855613763,870.4912971224727,133.41793189668545,171.83408209513416,1499.771542734587,26.178609655925268,1.0,329.1062766850678,32.893723314932146,VALID_POLYGON,200,0,200,refine_20m
690.908537073296,-529.52855613763,690.908537073296,-529.52855613763,870.4912971224727,133.41793189668545,171.83408209513502,1499.771542734587,-26.178609655925268,-1.0,30.893723314932153,32.893723314932146,VALID_POLYGON,200,0,200,refine_20m
802.2721042074579,431.27379678135844,802.2721042074579,431.27379678135844,910.8444526809562,93.51426624974317,171.94896038022233,1499.771542734587,26.178609655925268,1.0,330.85274717438256,31.14725282561744,VALID_POLYGON,200,0,200,refine_20m
802.2721042074579,-431.2737967813583,802.2721042074579,-431.2737967813583,910.8444526809561,93.51426624974317,171.9489603802234,1499.771542734587,-26.178609655925268,-1.0,29.147252825617425,31.14725282561744,VALID_POLYGON,200,0,200,refine_20m
710.908537073296,509.52855613762995,710.908537073296,509.52855613762995,874.6486709550251,129.35873060408767,172.25117623594517,1499.771542734587,26.178609655925268,1.0,329.5034811258679,32.49651887413215,VALID_POLYGON,200,0,200,refine_20m
710.908537073296,-509.52855613762995,710.908537073296,-509.52855613762995,874.6486709550251,129.35873060408767,172.25117623594602,1499.771542734587,-26.178609655925268,-1.0,30.496518874132132,32.49651887413215,VALID_POLYGON,200,0,200,refine_20m
730.908537073296,491.27379678135844,730.908537073296,491.27379678135844,880.6686283560902,123.4271280100537,172.3246591798724,1499.771542734587,26.178609655925268,1.0,329.8297132141689,32.170286785831095,VALID_POLYGON,200,0,200,coarse
730.908537073296,-491.2737967813583,730.908537073296,-491.2737967813583,880.66862835609,123.42712801005382,172.32465917987307,1499.771542734587,-26.178609655925268,-1.0,30.170286785831095,32.170286785831095,VALID_POLYGON,200,0,200,coarse
873.63567134162,-373.0190374250866,873.63567134162,-373.0190374250866,949.9381498403258,54.623057613214314,172.55933606225227,1499.771542734587,-26.178609655925268,-1.0,27.983732923021304,29.98373292302132,VALID_POLYGON,200,0,200,refine_20m
873.63567134162,373.0190374250867,873.63567134162,373.0190374250867,949.9381498403258,54.623057613214314,172.55933606225312,1499.771542734587,26.178609655925268,1.0,332.0162670769787,29.98373292302132,VALID_POLYGON,200,0,200,refine_20m
730.908537073296,489.52855613762995,730.908537073296,489.52855613762995,879.6962526013274,124.40422614517286,172.83171493491227,1499.771542734587,26.178609655925268,1.0,329.9250235980551,32.0749764019449,VALID_POLYGON,200,0,200,refine_20m
730.908537073296,-489.52855613762995,730.908537073296,-489.52855613762995,879.6962526013274,124.40422614517286,172.83171493491335,1499.771542734587,-26.178609655925268,-1.0,30.0749764019449,32.0749764019449,VALID_POLYGON,200,0,200,refine_20m
822.2721042074579,-411.2737967813583,822.2721042074579,-411.2737967813583,919.389770052242,85.03942283316564,173.2814482189811,1499.771542734587,-26.178609655925268,-1.0,28.61418800653488,30.614188006534874,VALID_POLYGON,200,0,200,refine_20m
822.2721042074579,411.27379678135844,822.2721042074579,411.27379678135844,919.3897700522422,85.03942283316553,173.28144821898152,1499.771542734587,26.178609655925268,1.0,331.3858119934651,30.61418800653489,VALID_POLYGON,200,0,200,refine_20m
953.63567134162,-313.0190374250866,953.63567134162,-313.0190374250866,1003.6941324157026,1.0272093193683531,173.3622866720795,1499.771542734587,-26.178609655925268,-1.0,26.70926668190733,28.709266681907362,VALID_POLYGON,200,0,200,refine_20m
953.63567134162,313.0190374250867,953.63567134162,313.0190374250867,1003.6941324157026,1.0272093193682394,173.3622866720797,1499.771542734587,26.178609655925268,1.0,333.29073331809263,28.709266681907362,VALID_POLYGON,200,0,200,refine_20m
750.908537073296,469.52855613762995,750.908537073296,469.52855613762995,885.6188209823937,118.56951583829289,173.59885571669247,1499.771542734587,26.178609655925268,1.0,330.3731615667641,31.626838433235875,VALID_POLYGON,200,0,200,refine_20m
750.908537073296,-469.52855613762995,750.908537073296,-469.52855613762995,885.6188209823937,118.56951583829289,173.59885571669247,1499.771542734587,-26.178609655925268,-1.0,29.626838433235893,31.626838433235875,VALID_POLYGON,200,0,200,refine_20m
793.63567134162,-433.0190374250866,793.63567134162,-433.0190374250866,904.081337932828,100.2619882027177,173.80012774359534,1499.771542734587,-26.178609655925268,-1.0,28.948410377616188,30.948410377616188,VALID_POLYGON,200,0,200,refine_20m
793.63567134162,433.0190374250867,793.63567134162,433.0190374250867,904.0813379328281,100.26198820271759,173.80012774359597,1499.771542734587,26.178609655925268,1.0,331.0515896223838,30.948410377616213,VALID_POLYGON,200,0,200,refine_20m
702.2721042074579,-511.2737967813583,702.2721042074579,-511.2737967813583,868.6696746308095,135.31532813598835,173.93397938851987,1499.771542734587,-26.178609655925268,-1.0,30.310905299779954,32.310905299779954,VALID_POLYGON,200,0,200,refine_20m
702.2721042074579,511.27379678135844,702.2721042074579,511.27379678135844,868.6696746308095,135.31532813598835,173.93397938852095,1499.771542734587,26.178609655925268,1.0,329.68909470022004,32.310905299779954,VALID_POLYGON,200,0,200,refine_20m
599.5449699391339,-607.7833154939017,599.5449699391339,-607.7833154939017,853.7298926311979,149.71106921047578,174.3268236130206,1499.771542734587,-26.178609655925268,-1.0,31.8650797826759,33.865079782675906,VALID_POLYGON,200,0,200,refine_20m
599.5449699391339,607.7833154939019,599.5449699391339,607.7833154939019,853.729892631198,149.71106921047567,174.326823613021,1499.771542734587,26.178609655925268,1.0,328.13492021732407,33.865079782675906,VALID_POLYGON,200,0,200,refine_20m
619.5449699391339,587.7833154939019,619.5449699391339,587.7833154939019,854.0053839115337,149.55407462867868,174.3379087425164,1499.771542734587,26.178609655925268,1.0,328.4611921599569,33.53880784004308,VALID_POLYGON,200,0,200,refine_20m
619.5449699391339,-587.7833154939017,619.5449699391339,-587.7833154939017,854.0053839115336,149.5540746286788,174.33790874251747,1499.771542734587,-26.178609655925268,-1.0,31.538807840043056,33.53880784004308,VALID_POLYGON,200,0,200,refine_20m
579.5449699391339,627.7833154939019,579.5449699391339,627.7833154939019,854.3911653301827,148.92758259610957,174.41288096465993,1499.771542734587,26.178609655925268,1.0,327.8250606242999,34.17493937570007,VALID_POLYGON,200,0,200,refine_20m
579.5449699391339,-627.7833154939017,579.5449699391339,-627.7833154939017,854.3911653301825,148.9275825961097,174.41288096466104,1499.771542734587,-26.178609655925268,-1.0,32.17493937570006,34.17493937570007,VALID_POLYGON,200,0,200,refine_20m
639.5449699391339,567.7833154939019,639.5449699391339,567.7833154939019,855.2167338912958,148.45711902560447,174.45726227940239,1499.771542734587,26.178609655925268,1.0,328.80519294763826,33.19480705236174,VALID_POLYGON,200,0,200,refine_20m
639.5449699391339,-567.7833154939017,639.5449699391339,-567.7833154939017,855.2167338912957,148.45711902560458,174.45726227940347,1499.771542734587,-26.178609655925268,-1.0,31.194807052361725,33.19480705236173,VALID_POLYGON,200,0,200,refine_20m
722.2721042074579,-491.2737967813583,722.2721042074579,-491.2737967813583,873.5141303494983,130.5656700858318,174.5559064353992,1499.771542734587,-26.178609655925268,-1.0,29.887593548422622,31.887593548422604,VALID_POLYGON,200,0,200,refine_20m
722.2721042074579,491.27379678135844,722.2721042074579,491.27379678135844,873.5141303494984,130.5656700858317,174.55590643539986,1499.771542734587,26.178609655925268,1.0,330.1124064515774,31.887593548422604,VALID_POLYGON,200,0,200,refine_20m
559.5449699391339,-647.7833154939017,559.5449699391339,-647.7833154939017,855.9870309861348,147.20620692443413,174.58644360394794,1499.771542734587,-26.178609655925268,-1.0,32.469577780183684,34.4695777801837,VALID_POLYGON,200,0,200,refine_20m
559.5449699391339,647.7833154939019,559.5449699391339,647.7833154939019,855.987030986135,147.2062069244339,174.58644360394817,1499.771542734587,26.178609655925268,1.0,327.53042221981633,34.4695777801837,VALID_POLYGON,200,0,200,refine_20m
893.63567134162,353.0190374250867,893.63567134162,353.0190374250867,960.8366946982836,43.77891231528963,174.7636868821707,1499.771542734587,26.178609655925268,1.0,332.6655775167279,29.33442248327211,VALID_POLYGON,200,0,200,refine_20m
893.63567134162,-353.0190374250866,893.63567134162,-353.0190374250866,960.8366946982835,43.77891231528963,174.76368688217113,1499.771542734587,-26.178609655925268,-1.0,27.334422483272093,29.33442248327209,VALID_POLYGON,200,0,200,refine_20m
539.5449699391339,667.7833154939019,539.5449699391339,667.7833154939019,858.5122777448491,144.55260398390317,174.83912205709083,1499.771542734587,26.178609655925268,1.0,327.2499248257375,34.75007517426253,VALID_POLYGON,200,0,200,refine_20m
539.5449699391339,-667.7833154939017,539.5449699391339,-667.7833154939017,858.512277744849,144.55260398390328,174.83912205709169,1499.771542734587,-26.178609655925268,-1.0,32.750075174262506,34.750075174262506,VALID_POLYGON,200,0,200,refine_20m
842.2721042074579,-391.2737967813583,842.2721042074579,-391.2737967813583,928.7181927655765,75.77636361852763,174.9292608332901,1499.771542734587,-26.178609655925268,-1.0,28.042464803487192,30.042464803487192,VALID_POLYGON,200,0,200,refine_20m
842.2721042074579,391.27379678135844,842.2721042074579,391.27379678135844,928.7181927655765,75.77636361852763,174.92926083329095,1499.771542734587,26.178609655925268,1.0,331.9575351965128,30.042464803487206,VALID_POLYGON,200,0,200,refine_20m
519.5449699391339,687.7833154939019,519.5449699391339,687.7833154939019,861.958737330761,140.97541292857613,175.16357882527467,1499.771542734587,26.178609655925268,1.0,326.98258679342234,35.01741320657764,VALID_POLYGON,200,0,200,refine_20m
519.5449699391339,-687.7833154939017,519.5449699391339,-687.7833154939017,861.9587373307608,140.97541292857625,175.16357882527598,1499.771542734587,-26.178609655925268,-1.0,33.01741320657763,35.01741320657764,VALID_POLYGON,200,0,200,refine_20m
813.63567134162,-413.0190374250866,813.63567134162,-413.0190374250866,912.4624545454316,91.95281223426002,175.18977054255342,1499.771542734587,-26.178609655925268,-1.0,28.41411521532222,30.414115215322237,VALID_POLYGON,200,0,200,refine_20m
813.63567134162,413.0190374250867,813.63567134162,413.0190374250867,912.4624545454316,91.95281223425991,175.18977054255427,1499.771542734587,26.178609655925268,1.0,331.5858847846778,30.414115215322237,VALID_POLYGON,200,0,200,refine_20m
742.2721042074579,471.27379678135844,742.2721042074579,471.27379678135844,879.2422124860045,124.92713085707885,175.3678682547526,1499.771542734587,26.178609655925268,1.0,330.5621506517338,31.437849348266173,VALID_POLYGON,200,0,200,refine_20m
742.2721042074579,-471.2737967813583,742.2721042074579,-471.2737967813583,879.2422124860045,124.92713085707885,175.36786825475346,1499.771542734587,-26.178609655925268,-1.0,29.437849348266166,31.437849348266163,VALID_POLYGON,200,0,200,refine_20m
610.908537073296,-589.52855613763,610.908537073296,-589.52855613763,848.9718247213822,154.557576671839,175.89738989039643,1499.771542734587,-26.178609655925268,-1.0,31.365997451584846,33.36599745158485,VALID_POLYGON,200,0,200,refine_20m
610.908537073296,589.52855613763,610.908537073296,589.52855613763,848.9718247213822,154.557576671839,175.89738989039685,1499.771542734587,26.178609655925268,1.0,328.63400254841514,33.36599745158485,VALID_POLYGON,200,0,200,refine_20m
630.908537073296,-569.52855613763,630.908537073296,-569.52855613763,849.9460914717945,153.6994444169959,176.04810380349375,1499.771542734587,-26.178609655925268,-1.0,31.020107965445455,33.02010796544545,VALID_POLYGON,200,0,200,refine_20m
630.908537073296,569.52855613763,630.908537073296,569.52855613763,849.9460914717945,153.6994444169959,176.04810380349505,1499.771542734587,26.178609655925268,1.0,328.97989203455455,33.02010796544545,VALID_POLYGON,200,0,200,refine_20m
650.908537073296,549.52855613763,650.908537073296,549.52855613763,851.8588836454114,151.8983730724193,176.32226074090002,1499.771542734587,26.178609655925268,1.0,329.3449009257516,32.655099074248405,VALID_POLYGON,200,0,200,refine_20m
650.908537073296,-549.52855613763,650.908537073296,-549.52855613763,851.8588836454114,151.8983730724193,176.32226074090153,1499.771542734587,-26.178609655925268,-1.0,30.6550990742484,32.655099074248405,VALID_POLYGON,200,0,200,refine_20m
762.2721042074579,-451.2737967813583,762.2721042074579,-451.2737967813583,885.8367798383223,118.41676593372699,176.39806283994764,1499.771542734587,-26.178609655925268,-1.0,28.959178171689416,30.95917817168941,VALID_POLYGON,200,0,200,refine_20m
762.2721042074579,451.27379678135844,762.2721042074579,451.27379678135844,885.8367798383224,118.41676593372688,176.3980628399485,1499.771542734587,26.178609655925268,1.0,331.0408218283106,30.95917817168941,VALID_POLYGON,200,0,200,refine_20m
670.908537073296,529.52855613763,670.908537073296,529.52855613763,854.7039001215762,149.16035070389603,176.73517897507043,1499.771542734587,26.178609655925268,1.0,329.7306273019394,32.26937269806059,VALID_POLYGON,200,0,200,refine_20m
670.908537073296,-529.52855613763,670.908537073296,-529.52855613763,854.7039001215762,149.16035070389603,176.73517897507062,1499.771542734587,-26.178609655925268,-1.0,30.26937269806058,32.26937269806059,VALID_POLYGON,200,0,200,refine_20m
833.63567134162,393.0190374250867,833.63567134162,393.0190374250867,921.6357177929549,82.84630484001661,176.90027693623796,1499.771542734587,26.178609655925268,1.0,332.15846237593837,29.841537624061644,VALID_POLYGON,200,0,200,refine_20m
833.63567134162,-393.0190374250866,833.63567134162,-393.0190374250866,921.6357177929548,82.84630484001661,176.9002769362388,1499.771542734587,-26.178609655925268,-1.0,27.84153762406163,29.841537624061644,VALID_POLYGON,200,0,200,refine_20m
862.2721042074579,-371.2737967813583,862.2721042074579,-371.2737967813583,938.8063771996879,65.74853367901142,176.9506385401441,1499.771542734587,-26.178609655925268,-1.0,27.42784699804932,29.427846998049326,VALID_POLYGON,200,0,200,refine_20m
862.2721042074579,371.27379678135844,862.2721042074579,371.27379678135844,938.8063771996879,65.74853367901142,176.95063854014518,1499.771542734587,26.178609655925268,1.0,332.57215300195065,29.427846998049326,VALID_POLYGON,200,0,200,refine_20m
690.908537073296,509.52855613762995,690.908537073296,509.52855613762995,858.4718726437459,145.4943838502727,177.30484371989425,1499.771542734587,26.178609655925268,1.0,330.13884838961036,31.861151610389655,VALID_POLYGON,200,0,200,refine_20m
690.908537073296,-509.52855613762995,690.908537073296,-509.52855613762995,858.4718726437459,145.4943838502727,177.30484371989468,1499.771542734587,-26.178609655925268,-1.0,29.861151610389655,31.861151610389655,VALID_POLYGON,200,0,200,refine_20m
913.63567134162,-333.0190374250866,913.63567134162,-333.0190374250866,972.4360232094366,32.22937951740187,177.46744480763851,1499.771542734587,-26.178609655925268,-1.0,26.63192694542607,28.63192694542608,VALID_POLYGON,200,0,200,refine_20m
913.63567134162,333.0190374250867,913.63567134162,333.0190374250867,972.4360232094366,32.22937951740175,177.46744480763894,1499.771542734587,26.178609655925268,1.0,333.3680730545739,28.63192694542608,VALID_POLYGON,200,0,200,refine_20m
782.2721042074579,431.27379678135844,782.2721042074579,431.27379678135844,893.2786423123372,111.05373004693104,177.68058269322373,1499.771542734587,26.178609655925268,1.0,331.5512297705853,30.448770229414713,VALID_POLYGON,200,0,200,refine_20m
782.2721042074579,-431.2737967813583,782.2721042074579,-431.2737967813583,893.2786423123371,111.05373004693115,177.68058269322526,1499.771542734587,-26.178609655925268,-1.0,28.4487702294147,30.44877022941468,VALID_POLYGON,200,0,200,refine_20m
710.908537073296,489.52855613762995,710.908537073296,489.52855613762995,863.1507141617196,140.91235182402204,178.05251262092477,1499.771542734587,26.178609655925268,1.0,330.5715457287897,31.4284542712103,VALID_POLYGON,200,0,200,refine_20m
710.908537073296,-489.52855613762995,710.908537073296,-489.52855613762995,863.1507141617196,140.91235182402204,178.05251262092563,1499.771542734587,-26.178609655925268,-1.0,29.42845427121031,31.4284542712103,VALID_POLYGON,200,0,200,refine_20m
559.5449699391339,-627.7833154939017,559.5449699391339,-627.7833154939017,840.9533070252486,162.29931932272632,178.77324952947654,1499.771542734587,-26.178609655925268,-1.0,31.613177333310574,33.613177333310595,VALID_POLYGON,200,0,200,refine_20m
559.5449699391339,627.7833154939019,559.5449699391339,627.7833154939019,840.9533070252487,162.2993193227262,178.7732495294774,1499.771542734587,26.178609655925268,1.0,328.3868226666894,33.613177333310595,VALID_POLYGON,200,0,200,refine_20m
579.5449699391339,607.7833154939019,579.5449699391339,607.7833154939019,839.8052933713335,163.57341232798058,178.7918101161555,1499.771542734587,26.178609655925268,1.0,328.7061564144822,33.29384358551778,VALID_POLYGON,200,0,200,refine_20m
579.5449699391339,-607.7833154939017,579.5449699391339,-607.7833154939017,839.8052933713334,163.5734123279807,178.79181011615657,1499.771542734587,-26.178609655925268,-1.0,31.293843585517763,33.29384358551778,VALID_POLYGON,200,0,200,refine_20m
539.5449699391339,-647.7833154939017,539.5449699391339,-647.7833154939017,843.0492265691801,160.07415550557266,178.84950955925316,1499.771542734587,-26.178609655925268,-1.0,31.917086494086476,33.917086494086476,VALID_POLYGON,200,0,200,refine_20m
539.5449699391339,647.7833154939019,539.5449699391339,647.7833154939019,843.0492265691802,160.07415550557243,178.84950955925422,1499.771542734587,26.178609655925268,1.0,328.0829135059135,33.91708649408649,VALID_POLYGON,200,0,200,refine_20m
599.5449699391339,587.7833154939019,599.5449699391339,587.7833154939019,839.6090738863658,163.892086676517,178.9156744552107,1499.771542734587,26.178609655925268,1.0,329.0420981718128,32.9579018281872,VALID_POLYGON,200,0,200,refine_20m
599.5449699391339,-587.7833154939017,599.5449699391339,-587.7833154939017,839.6090738863656,163.89208667651712,178.91567445521156,1499.771542734587,-26.178609655925268,-1.0,30.957901828187183,32.9579018281872,VALID_POLYGON,200,0,200,refine_20m
853.63567134162,373.0190374250867,853.63567134162,373.0190374250867,931.5777271212512,72.96596293234495,178.99066210942374,1499.771542734587,26.178609655925268,1.0,332.773461979921,29.226538020078983,VALID_POLYGON,200,0,200,refine_20m
853.63567134162,-373.0190374250866,853.63567134162,-373.0190374250866,931.5777271212512,72.96596293234495,178.9906621094246,1499.771542734587,-26.178609655925268,-1.0,27.226538020078976,29.226538020078983,VALID_POLYGON,200,0,200,refine_20m
730.908537073296,-469.52855613762995,730.908537073296,-469.52855613762995,868.7257073411107,135.4288193181311,179.00349339023936,1499.771542734587,-26.178609655925268,-1.0,28.969065428366847,30.969065428366857,VALID_POLYGON,200,0,200,refine_20m
730.908537073296,469.52855613762995,730.908537073296,469.52855613762995,868.7257073411107,135.4288193181311,179.00349339024024,1499.771542734587,26.178609655925268,1.0,331.03093457163317,30.969065428366857,VALID_POLYGON,200,0,200,refine_20m
519.5449699391339,667.7833154939019,519.5449699391339,667.7833154939019,846.0860075908854,156.90545127359132,179.0114667523287,1499.771542734587,26.178609655925268,1.0,327.7933536475513,34.20664635244871,VALID_POLYGON,200,0,200,refine_20m
519.5449699391339,-667.7833154939017,519.5449699391339,-667.7833154939017,846.0860075908852,156.90545127359144,179.01146675232914,1499.771542734587,-26.178609655925268,-1.0,32.20664635244868,34.206646352448686,VALID_POLYGON,200,0,200,refine_20m
619.5449699391339,567.7833154939019,619.5449699391339,567.7833154939019,840.3653152826633,163.2542507549623,179.1569483906352,1499.771542734587,26.178609655925268,1.0,329.39595314959047,32.60404685040955,VALID_POLYGON,200,0,200,refine_20m
619.5449699391339,-567.7833154939017,619.5449699391339,-567.7833154939017,840.3653152826631,163.2542507549624,179.15694839063605,1499.771542734587,-26.178609655925268,-1.0,30.604046850409542,32.60404685040955,VALID_POLYGON,200,0,200,refine_20m
802.2721042074579,411.27379678135844,802.2721042074579,411.27379678135844,901.5468180346578,102.85901713264718,179.25703360224117,1499.771542734587,26.178609655925268,1.0,332.0965492995226,29.90345070047741,VALID_POLYGON,200,0,200,refine_20m
802.2721042074579,-411.2737967813583,802.2721042074579,-411.2737967813583,901.5468180346577,102.8590171326473,179.2570336022414,1499.771542734587,-26.178609655925268,-1.0,27.9034507004774,29.90345070047741,VALID_POLYGON,200,0,200,refine_20m
702.2721042074579,491.27379678135844,702.2721042074579,491.27379678135844,857.0507871485459,146.9905396749508,179.79724144182882,1499.771542734587,26.178609655925268,1.0,330.7496107446708,31.250389255329175,VALID_POLYGON,200,0,200,refine_20m
702.2721042074579,-491.2737967813583,702.2721042074579,-491.2737967813583,857.0507871485459,146.9905396749508,179.79724144182947,1499.771542734587,-26.178609655925268,-1.0,29.25038925532917,31.25038925532916,VALID_POLYGON,200,0,200,refine_20m
822.2721042074579,393.0190374250867,822.2721042074579,393.0190374250867,911.3700549920994,93.10006079267077,180.44701898755,1499.771542734587,26.178609655925268,1.0,332.5661237443972,29.4338762556028,VALID_POLYGON,200,0,200,coarse
822.2721042074579,-393.0190374250866,822.2721042074579,-393.0190374250866,911.3700549920993,93.10006079267089,180.4470189875511,1499.771542734587,-26.178609655925268,-1.0,27.43387625560278,29.433876255602772,VALID_POLYGON,200,0,200,coarse
610.908537073296,569.52855613763,610.908537073296,569.52855613763,835.207768717011,168.38214398907905,180.76617712569137,1499.771542734587,26.178609655925268,1.0,329.5631187825115,32.43688121748853,VALID_POLYGON,200,0,200,refine_20m
610.908537073296,-569.52855613763,610.908537073296,-569.52855613763,835.207768717011,168.38214398907905,180.76617712569268,1499.771542734587,-26.178609655925268,-1.0,30.436881217488516,32.43688121748853,VALID_POLYGON,200,0,200,refine_20m
933.63567134162,313.0190374250867,933.63567134162,313.0190374250867,984.7113712108971,19.99939836466649,180.78263734644986,1499.771542734587,26.178609655925268,1.0,334.13032760707085,27.86967239292918,VALID_POLYGON,200,0,200,refine_20m
933.63567134162,-313.0190374250866,933.63567134162,-313.0190374250866,984.7113712108971,19.99939836466649,180.7826373464505,1499.771542734587,-26.178609655925268,-1.0,25.869672392929147,27.869672392929154,VALID_POLYGON,200,0,200,refine_20m
722.2721042074579,471.27379678135844,722.2721042074579,471.27379678135844,862.4244802004324,141.7100654902465,180.7935403256391,1499.771542734587,26.178609655925268,1.0,331.210152651023,30.78984734897696,VALID_POLYGON,200,0,200,refine_20m
722.2721042074579,-471.2737967813583,722.2721042074579,-471.2737967813583,862.4244802004324,141.7100654902465,180.7935403256404,1499.771542734587,-26.178609655925268,-1.0,28.78984734897697,30.78984734897696,VALID_POLYGON,200,0,200,refine_20m
630.908537073296,549.52855613763,630.908537073296,549.52855613763,836.6762911441167,167.029413692591,181.17300325674125,1499.771542734587,26.178609655925268,1.0,329.9378109986853,32.062189001314735,VALID_POLYGON,200,0,200,refine_20m
630.908537073296,-549.52855613763,630.908537073296,-549.52855613763,836.6762911441167,167.029413692591,181.1730032567419,1499.771542734587,-26.178609655925268,-1.0,30.06218900131474,32.062189001314735,VALID_POLYGON,200,0,200,refine_20m
822.2721042074579,391.27379678135844,822.2721042074579,391.27379678135844,910.6187991720028,93.85519070243242,181.1787154912593,1499.771542734587,26.178609655925268,1.0,332.680379383279,29.319620616721014,VALID_POLYGON,200,0,200,refine_20m
822.2721042074579,-391.2737967813583,822.2721042074579,-391.2737967813583,910.6187991720027,93.85519070243254,181.17871549125974,1499.771542734587,-26.178609655925268,-1.0,27.319620616721007,29.319620616721004,VALID_POLYGON,200,0,200,refine_20m
793.63567134162,413.0190374250867,793.63567134162,413.0190374250867,894.6744123430651,109.71676535237634,181.1881644943023,1499.771542734587,26.178609655925268,1.0,332.28487401163846,29.715125988361542,VALID_POLYGON,200,0,200,refine_20m
793.63567134162,-413.0190374250866,793.63567134162,-413.0190374250866,894.6744123430651,109.71676535237646,181.18816449430315,1499.771542734587,-26.178609655925268,-1.0,27.715125988361528,29.715125988361514,VALID_POLYGON,200,0,200,refine_20m
873.63567134162,353.0190374250867,873.63567134162,353.0190374250867,942.2641492835529,62.33624831803536,181.53535396982667,1499.771542734587,26.178609655925268,1.0,333.4356206374481,28.564379362551907,VALID_POLYGON,200,0,200,refine_20m
873.63567134162,-353.0190374250866,873.63567134162,-353.0190374250866,942.2641492835529,62.33624831803536,181.53535396982733,1499.771542734587,-26.178609655925268,-1.0,26.564379362551886,28.564379362551907,VALID_POLYGON,200,0,200,refine_20m
650.908537073296,529.52855613763,650.908537073296,529.52855613763,839.0961895993221,164.72056360136787,181.73021718795422,1499.771542734587,26.178609655925268,1.0,330.3333483240502,31.66665167594985,VALID_POLYGON,200,0,200,refine_20m
650.908537073296,-529.52855613763,650.908537073296,-529.52855613763,839.0961895993221,164.72056360136787,181.73021718795528,1499.771542734587,-26.178609655925268,-1.0,29.66665167594984,31.66665167594985,VALID_POLYGON,200,0,200,refine_20m
742.2721042074579,451.27379678135844,742.2721042074579,451.27379678135844,868.6863164261482,135.53595565952992,182.02735647715735,1499.771542734587,26.178609655925268,1.0,331.69963601677114,30.300363983228866,VALID_POLYGON,200,0,200,refine_20m
742.2721042074579,-451.2737967813583,742.2721042074579,-451.2737967813583,868.6863164261481,135.53595565952992,182.027356477158,1499.771542734587,-26.178609655925268,-1.0,28.300363983228863,30.300363983228866,VALID_POLYGON,200,0,200,refine_20m
670.908537073296,509.52855613762995,670.908537073296,509.52855613762995,842.4592658624678,161.4634914999083,182.45737651603744,1499.771542734587,26.178609655925268,1.0,330.7514789756018,31.248521024398226,VALID_POLYGON,200,0,200,refine_20m
670.908537073296,-509.52855613762995,670.908537073296,-509.52855613762995,842.4592658624678,161.4634914999083,182.4573765160381,1499.771542734587,-26.178609655925268,-1.0,29.24852102439821,31.248521024398226,VALID_POLYGON,200,0,200,refine_20m
813.63567134162,393.0190374250867,813.63567134162,393.0190374250867,903.5856182222415,100.87517928210968,183.17293592387333,1499.771542734587,26.178609655925268,1.0,332.8689494548261,29.13105054517389,VALID_POLYGON,200,0,200,refine_20m
813.63567134162,-393.0190374250866,813.63567134162,-393.0190374250866,903.5856182222415,100.8751792821098,183.17293592387352,1499.771542734587,-26.178609655925268,-1.0,27.131050545173885,29.13105054517389,VALID_POLYGON,200,0,200,refine_20m
519.5449699391339,647.7833154939019,519.5449699391339,647.7833154939019,830.3915941417806,172.65871915445723,183.18483172828553,1499.771542734587,26.178609655925268,1.0,328.61942188901764,33.380578110982334,VALID_POLYGON,200,0,200,refine_20m
519.5449699391339,-647.7833154939017,519.5449699391339,-647.7833154939017,830.3915941417804,172.65871915445746,183.1848317282871,1499.771542734587,-26.178609655925268,-1.0,31.380578110982313,33.380578110982334,VALID_POLYGON,200,0,200,refine_20m
539.5449699391339,627.7833154939019,539.5449699391339,627.7833154939019,827.7805662125301,175.40276428511243,183.2088584316808,1499.771542734587,26.178609655925268,1.0,328.9318810890169,33.06811891098313,VALID_POLYGON,200,0,200,refine_20m
539.5449699391339,-627.7833154939017,539.5449699391339,-627.7833154939017,827.78056621253,175.40276428511265,183.20885843168165,1499.771542734587,-26.178609655925268,-1.0,31.06811891098311,33.0681189109831,VALID_POLYGON,200,0,200,refine_20m
559.5449699391339,607.7833154939019,559.5449699391339,607.7833154939019,826.1302149037682,177.1831265061926,183.33526055372425,1499.771542734587,26.178609655925268,1.0,329.25992224007206,32.74007775992794,VALID_POLYGON,200,0,200,refine_20m
559.5449699391339,-607.7833154939017,559.5449699391339,-607.7833154939017,826.130214903768,177.1831265061927,183.33526055372533,1499.771542734587,-26.178609655925268,-1.0,30.740077759927917,32.74007775992792,VALID_POLYGON,200,0,200,refine_20m
690.908537073296,489.52855613762995,690.908537073296,489.52855613762995,846.7542818757722,157.26919167231563,183.3776044765471,1499.771542734587,26.178609655925268,1.0,331.19414706877416,30.80585293122583,VALID_POLYGON,200,0,200,refine_20m
690.908537073296,-489.52855613762995,690.908537073296,-489.52855613762995,846.7542818757722,157.26919167231563,183.37760447654776,1499.771542734587,-26.178609655925268,-1.0,28.80585293122583,30.80585293122583,VALID_POLYGON,200,0,200,refine_20m
842.2721042074579,371.27379678135844,842.2721042074579,371.27379678135844,920.4708195822963,84.06611172331316,183.5096062834758,1499.771542734587,26.178609655925268,1.0,333.3068135990998,28.69318640090018,VALID_POLYGON,200,0,200,refine_20m
842.2721042074579,-371.2737967813583,842.2721042074579,-371.2737967813583,920.4708195822963,84.06611172331316,183.50960628347642,1499.771542734587,-26.178609655925268,-1.0,26.693186400900185,28.69318640090018,VALID_POLYGON,200,0,200,refine_20m
762.2721042074579,431.27379678135844,762.2721042074579,431.27379678135844,875.817246143894,128.48720248397524,183.53591560126517,1499.771542734587,26.178609655925268,1.0,332.22079876817895,29.779201231821084,VALID_POLYGON,200,0,200,refine_20m
762.2721042074579,-431.2737967813583,762.2721042074579,-431.2737967813583,875.8172461438938,128.48720248397535,183.5359156012658,1499.771542734587,-26.178609655925268,-1.0,27.779201231821062,29.77920123182106,VALID_POLYGON,200,0,200,refine_20m
579.5449699391339,-587.7833154939017,579.5449699391339,-587.7833154939017,825.4463024054049,177.99354414724053,183.57539628436865,1499.771542734587,-26.178609655925268,-1.0,30.39528248398593,32.39528248398593,VALID_POLYGON,200,0,200,refine_20m
579.5449699391339,587.7833154939019,579.5449699391339,587.7833154939019,825.446302405405,177.9935441472404,183.5753962843695,1499.771542734587,26.178609655925268,1.0,329.60471751601403,32.39528248398595,VALID_POLYGON,200,0,200,refine_20m
599.5449699391339,-567.7833154939017,599.5449699391339,-567.7833154939017,825.731230081898,177.8311489595917,183.9423853731112,1499.771542734587,-26.178609655925268,-1.0,30.03244291873161,32.032442918731604,VALID_POLYGON,200,0,200,refine_20m
599.5449699391339,567.7833154939019,599.5449699391339,567.7833154939019,825.7312300818983,177.83114895959147,183.94238537311227,1499.771542734587,26.178609655925268,1.0,329.9675570812684,32.03244291873163,VALID_POLYGON,200,0,200,refine_20m
710.908537073296,469.52855613762995,710.908537073296,469.52855613762995,851.9671432117447,152.15157338015877,184.51843875736108,1499.771542734587,26.178609655925268,1.0,331.6635199907446,30.33648000925542,VALID_POLYGON,200,0,200,refine_20m
710.908537073296,-469.52855613762995,710.908537073296,-469.52855613762995,851.9671432117447,152.15157338015877,184.51843875736196,1499.771542734587,-26.178609655925268,-1.0,28.336480009255414,30.33648000925542,VALID_POLYGON,200,0,200,refine_20m
893.63567134162,333.0190374250867,893.63567134162,333.0190374250867,953.6699598822012,50.98234128408353,184.62954750270077,1499.771542734587,26.178609655925268,1.0,334.1503798478292,27.849620152170825,VALID_POLYGON,200,0,200,refine_20m
893.63567134162,-333.0190374250866,893.63567134162,-333.0190374250866,953.669959882201,50.982341284083645,184.62954750270163,1499.771542734587,-26.178609655925268,-1.0,25.849620152170825,27.849620152170825,VALID_POLYGON,200,0,200,refine_20m
953.63567134162,293.0190374250867,953.63567134162,293.0190374250867,997.6377849443687,7.114113031130728,184.85738134179144,1499.771542734587,26.178609655925268,1.0,334.9599973671199,27.04000263288009,VALID_POLYGON,200,0,200,refine_20m
953.63567134162,-293.0190374250866,953.63567134162,-293.0190374250866,997.6377849443687,7.114113031130728,184.85738134179275,1499.771542734587,-26.178609655925268,-1.0,25.04000263288006,27.04000263288008,VALID_POLYGON,200,0,200,refine_20m
782.2721042074579,-411.2737967813583,782.2721042074579,-411.2737967813583,883.7962327030581,120.58483722934784,185.3646654643986,1499.771542734587,-26.178609655925268,-1.0,27.223276069075414,29.22327606907541,VALID_POLYGON,200,0,200,refine_20m
782.2721042074579,411.27379678135844,782.2721042074579,411.27379678135844,883.7962327030581,120.58483722934773,185.36466546439945,1499.771542734587,26.178609655925268,1.0,332.77672393092456,29.223276069075435,VALID_POLYGON,200,0,200,refine_20m
833.63567134162,-373.0190374250866,833.63567134162,-373.0190374250866,913.2861735593787,91.23894858586686,185.57312960625475,1499.771542734587,-26.178609655925268,-1.0,26.504875102699305,28.5048751026993,VALID_POLYGON,200,0,200,refine_20m
833.63567134162,373.0190374250867,833.63567134162,373.0190374250867,913.2861735593788,91.23894858586675,185.5731296062554,1499.771542734587,26.178609655925268,1.0,333.4951248973007,28.50487510269933,VALID_POLYGON,200,0,200,refine_20m
610.908537073296,-549.52855613763,610.908537073296,-549.52855613763,821.6999906777065,181.95133047635352,186.11329264499983,1499.771542734587,-26.178609655925268,-1.0,29.488974013584855,31.48897401358487,VALID_POLYGON,200,0,200,refine_20m
610.908537073296,549.52855613763,610.908537073296,549.52855613763,821.6999906777065,181.95133047635352,186.11329264500003,1499.771542734587,26.178609655925268,1.0,330.5110259864151,31.48897401358487,VALID_POLYGON,200,0,200,refine_20m
702.2721042074579,-471.2737967813583,702.2721042074579,-471.2737967813583,845.7452925560317,158.35239140630244,186.32901496621872,1499.771542734587,-26.178609655925268,-1.0,28.166475129305027,30.16647512930503,VALID_POLYGON,200,0,200,refine_20m
702.2721042074579,471.27379678135844,702.2721042074579,471.27379678135844,845.7452925560318,158.35239140630244,186.32901496622003,1499.771542734587,26.178609655925268,1.0,331.833524870695,30.16647512930503,VALID_POLYGON,200,0,200,refine_20m
630.908537073296,529.52855613763,630.908537073296,529.52855613763,823.6783801443191,180.08819686107938,186.81929691941792,1499.771542734587,26.178609655925268,1.0,330.91541788886366,31.084582111136335,VALID_POLYGON,200,0,200,refine_20m
630.908537073296,-529.52855613763,630.908537073296,-529.52855613763,823.6783801443191,180.08819686107938,186.8192969194188,1499.771542734587,-26.178609655925268,-1.0,29.08458211113632,31.084582111136335,VALID_POLYGON,200,0,200,refine_20m
802.2721042074579,391.27379678135844,802.2721042074579,391.27379678135844,892.6005339664334,111.85164483198082,187.5696678751027,1499.771542734587,26.178609655925268,1.0,333.3708935858402,28.629106414159835,VALID_POLYGON,200,0,200,refine_20m
802.2721042074579,-391.2737967813583,802.2721042074579,-391.2737967813583,892.6005339664333,111.85164483198082,187.5696678751038,1499.771542734587,-26.178609655925268,-1.0,26.62910641415981,28.62910641415982,VALID_POLYGON,200,0,200,refine_20m
650.908537073296,509.52855613762995,650.908537073296,509.52855613762995,826.6203924139521,177.25635575616639,187.70888720819525,1499.771542734587,26.178609655925268,1.0,331.342439043672,30.657560956328027,VALID_POLYGON,200,0,200,refine_20m
650.908537073296,-509.52855613762995,650.908537073296,-509.52855613762995,826.6203924139521,177.25635575616639,187.7088872081961,1499.771542734587,-26.178609655925268,-1.0,28.657560956328005,30.657560956328027,VALID_POLYGON,200,0,200,refine_20m
519.5449699391339,-627.7833154939017,519.5449699391339,-627.7833154939017,814.8857999754146,188.2249253086792,187.71978890769304,1499.771542734587,-26.178609655925268,-1.0,30.53912440235974,32.53912440235975,VALID_POLYGON,200,0,200,refine_20m
519.5449699391339,627.7833154939019,519.5449699391339,627.7833154939019,814.8857999754147,188.22492530867908,187.71978890769435,1499.771542734587,26.178609655925268,1.0,329.46087559764027,32.53912440235976,VALID_POLYGON,200,0,200,refine_20m
722.2721042074579,451.27379678135844,722.2721042074579,451.27379678135844,851.6601623756577,152.5289566432283,187.77309282416707,1499.771542734587,26.178609655925268,1.0,332.33251620282897,29.667483797171023,VALID_POLYGON,200,0,200,refine_20m
722.2721042074579,-451.2737967813583,722.2721042074579,-451.2737967813583,851.6601623756577,152.5289566432284,187.7730928241677,1499.771542734587,-26.178609655925268,-1.0,27.667483797171034,29.667483797171023,VALID_POLYGON,200,0,200,refine_20m
539.5449699391339,607.7833154939019,539.5449699391339,607.7833154939019,812.7172529111098,190.52746924457642,187.95726137882068,1499.771542734587,26.178609655925268,1.0,329.7969082201838,32.203091779816205,VALID_POLYGON,200,0,200,refine_20m
539.5449699391339,-607.7833154939017,539.5449699391339,-607.7833154939017,812.7172529111097,190.52746924457654,187.95726137882133,1499.771542734587,-26.178609655925268,-1.0,30.203091779816198,32.203091779816205,VALID_POLYGON,200,0,200,refine_20m
456.81783567081,687.7833154939019,456.81783567081,687.7833154939019,825.6684710334696,109.92199679987027,188.20788965159966,1499.771542734587,26.178609655925268,1.0,328.61072588935053,33.38927411064946,VALID_POLYGON,200,0,200,coarse
456.81783567081,-687.7833154939017,456.81783567081,-687.7833154939017,825.6684710334694,109.9219967998705,188.2078896516012,1499.771542734587,-26.178609655925268,-1.0,31.389274110649446,33.38927411064946,VALID_POLYGON,200,0,200,coarse
559.5449699391339,587.7833154939019,559.5449699391339,587.7833154939019,811.5292966721473,191.8460640415832,188.31716708771663,1499.771542734587,26.178609655925268,1.0,330.14979675585045,31.850203244149554,VALID_POLYGON,200,0,200,refine_20m
559.5449699391339,-587.7833154939017,559.5449699391339,-587.7833154939017,811.5292966721472,191.84606404158342,188.31716708771816,1499.771542734587,-26.178609655925268,-1.0,29.85020324414952,31.85020324414953,VALID_POLYGON,200,0,200,refine_20m
913.63567134162,-313.0190374250866,913.63567134162,-313.0190374250866,965.7696711630472,38.9299079198322,188.3969475934026,1499.771542734587,-26.178609655925268,-1.0,25.07598493181533,27.07598493181533,VALID_POLYGON,200,0,200,refine_20m
913.63567134162,313.0190374250867,913.63567134162,313.0190374250867,965.7696711630473,38.9299079198322,188.39694759340347,1499.771542734587,26.178609655925268,1.0,334.92401506818464,27.07598493181533,VALID_POLYGON,200,0,200,refine_20m
853.63567134162,353.0190374250867,853.63567134162,353.0190374250867,923.751211188052,80.83306526852073,188.47040789337052,1499.771542734587,26.178609655925268,1.0,334.16795520333073,27.832044796669265,VALID_POLYGON,200,0,200,refine_20m
853.63567134162,-353.0190374250866,853.63567134162,-353.0190374250866,923.7512111880519,80.83306526852073,188.4704078933714,1499.771542734587,-26.178609655925268,-1.0,25.832044796669244,27.832044796669265,VALID_POLYGON,200,0,200,refine_20m
670.908537073296,489.52855613762995,670.908537073296,489.52855613762995,830.5157869613454,173.4657639512252,188.807119181121,1499.771542734587,26.178609655925268,1.0,331.79399189559075,30.206008104409236,VALID_POLYGON,200,0,200,refine_20m
670.908537073296,-489.52855613762995,670.908537073296,-489.52855613762995,830.5157869613454,173.4657639512252,188.8071191811219,1499.771542734587,-26.178609655925268,-1.0,28.20600810440924,30.206008104409236,VALID_POLYGON,200,0,200,refine_20m
579.5449699391339,-567.7833154939017,579.5449699391339,-567.7833154939017,811.3262386580377,192.1758914450677,188.81367401301193,1499.771542734587,-26.178609655925268,-1.0,29.47918679778357,31.47918679778359,VALID_POLYGON,200,0,200,refine_20m
579.5449699391339,567.7833154939019,579.5449699391339,567.7833154939019,811.3262386580378,192.17589144506746,188.8136740130126,1499.771542734587,26.178609655925268,1.0,330.5208132022164,31.47918679778359,VALID_POLYGON,200,0,200,refine_20m
742.2721042074579,-431.2737967813583,742.2721042074579,-431.2737967813583,858.4666356211961,145.8081939020134,189.5151250476397,1499.771542734587,-26.178609655925268,-1.0,27.13695893801378,29.136958938013787,VALID_POLYGON,200,0,200,refine_20m
742.2721042074579,431.27379678135844,742.2721042074579,431.27379678135844,858.4666356211962,145.8081939020134,189.5151250476408,1499.771542734587,26.178609655925268,1.0,332.8630410619862,29.136958938013812,VALID_POLYGON,200,0,200,refine_20m
793.63567134162,-393.0190374250866,793.63567134162,-393.0190374250866,885.6192989114485,118.8189823218247,189.58629538148563,1499.771542734587,-26.178609655925268,-1.0,26.45205834865565,28.452058348655658,VALID_POLYGON,200,0,200,refine_20m
793.63567134162,393.0190374250867,793.63567134162,393.0190374250867,885.6192989114485,118.81898232182459,189.5862953814865,1499.771542734587,26.178609655925268,1.0,333.54794165134433,28.452058348655658,VALID_POLYGON,200,0,200,refine_20m
690.908537073296,-469.52855613762995,690.908537073296,-469.52855613762995,835.3512265086163,168.72953704715349,190.14384149808768,1499.771542734587,-26.178609655925268,-1.0,27.72780833452237,29.72780833452237,VALID_POLYGON,200,0,200,refine_20m
690.908537073296,469.52855613762995,690.908537073296,469.52855613762995,835.3512265086163,168.72953704715349,190.14384149808876,1499.771542734587,26.178609655925268,1.0,332.27219166547764,29.72780833452237,VALID_POLYGON,200,0,200,refine_20m
822.2721042074579,371.27379678135844,822.2721042074579,371.27379678135844,902.2059884162851,102.31187316285434,190.22087371928478,1499.771542734587,26.178609655925268,1.0,334.0072527533261,27.9927472466739,VALID_POLYGON,200,0,200,refine_20m
822.2721042074579,-371.2737967813583,822.2721042074579,-371.2737967813583,902.2059884162851,102.31187316285445,190.22087371928632,1499.771542734587,-26.178609655925268,-1.0,25.992747246673883,27.992747246673876,VALID_POLYGON,200,0,200,refine_20m
548.181402804972,-589.52855613763,548.181402804972,-589.52855613763,805.0135209317579,198.31821981449195,190.58486746853046,1499.771542734587,-26.178609655925268,-1.0,29.62591541972884,31.625915419728855,VALID_POLYGON,200,0,200,coarse
548.181402804972,589.52855613763,548.181402804972,589.52855613763,805.0135209317579,198.31821981449195,190.58486746853177,1499.771542734587,26.178609655925268,1.0,330.3740845802712,31.625915419728855,VALID_POLYGON,200,0,200,coarse
762.2721042074579,-411.2737967813583,762.2721042074579,-411.2737967813583,866.1436929123363,138.21109668221789,191.60454974293683,1499.771542734587,-26.178609655925268,-1.0,26.571914146954864,28.57191414695487,VALID_POLYGON,200,0,200,refine_20m
762.2721042074579,411.27379678135844,762.2721042074579,411.27379678135844,866.1436929123364,138.21109668221789,191.60454974293683,1499.771542734587,26.178609655925268,1.0,333.4280858530451,28.57191414695487,VALID_POLYGON,200,0,200,refine_20m
873.63567134162,333.0190374250867,873.63567134162,333.0190374250867,934.9550606997399,69.68335538914164,191.96928240870778,1499.771542734587,26.178609655925268,1.0,334.892648195698,27.107351804302056,VALID_POLYGON,200,0,200,refine_20m
873.63567134162,-333.0190374250866,873.63567134162,-333.0190374250866,934.9550606997399,69.68335538914175,191.9692824087091,1499.771542734587,-26.178609655925268,-1.0,25.107351804302024,27.10735180430203,VALID_POLYGON,200,0,200,refine_20m
610.908537073296,529.52855613763,610.908537073296,529.52855613763,808.4613363879795,195.25221778335072,192.0025512056321,1499.771542734587,26.178609655925268,1.0,331.4777653236265,30.522234676373504,VALID_POLYGON,200,0,200,refine_20m
610.908537073296,-529.52855613763,610.908537073296,-529.52855613763,808.4613363879795,195.25221778335072,192.00255120563298,1499.771542734587,-26.178609655925268,-1.0,28.5222346763735,30.522234676373504,VALID_POLYGON,200,0,200,refine_20m
813.63567134162,373.0190374250867,813.63567134162,373.0190374250867,895.0677113833717,109.4377106273322,192.3069938130228,1499.771542734587,26.178609655925268,1.0,334.1834858993341,27.816514100665938,VALID_POLYGON,200,0,200,refine_20m
813.63567134162,-373.0190374250866,813.63567134162,-373.0190374250866,895.0677113833717,109.4377106273322,192.3069938130237,1499.771542734587,-26.178609655925268,-1.0,25.816514100665916,27.816514100665938,VALID_POLYGON,200,0,200,refine_20m
519.5449699391339,607.7833154939019,519.5449699391339,607.7833154939019,799.579598527761,203.59310099104732,192.65791888919819,1499.771542734587,26.178609655925268,1.0,330.317775469729,31.682224530271004,VALID_POLYGON,200,0,200,refine_20m
519.5449699391339,-607.7833154939017,519.5449699391339,-607.7833154939017,799.5795985277608,203.59310099104744,192.65791888919907,1499.771542734587,-26.178609655925268,-1.0,29.682224530270986,31.682224530271,VALID_POLYGON,200,0,200,refine_20m
933.63567134162,293.0190374250867,933.63567134162,293.0190374250867,978.5375430176615,26.204884368726766,193.0012395506638,1499.771542734587,26.178609655925268,1.0,335.7637929599299,26.236207040070106,VALID_POLYGON,200,0,200,refine_20m
933.63567134162,-293.0190374250866,933.63567134162,-293.0190374250866,978.5375430176615,26.204884368726766,193.0012395506638,1499.771542734587,-26.178609655925268,-1.0,24.23620704007007,26.236207040070077,VALID_POLYGON,200,0,200,refine_20m
630.908537073296,-509.52855613762995,630.908537073296,-509.52855613762995,810.9654318598693,192.86263114651706,193.05952574448628,1499.771542734587,-26.178609655925268,-1.0,28.087260873362915,30.087260873362897,VALID_POLYGON,200,0,200,refine_20m
630.908537073296,509.52855613762995,630.908537073296,509.52855613762995,810.9654318598693,192.86263114651706,193.05952574448713,1499.771542734587,26.178609655925268,1.0,331.91273912663706,30.087260873362897,VALID_POLYGON,200,0,200,refine_20m
539.5449699391339,-587.7833154939017,539.5449699391339,-587.7833154939017,797.8709172288613,205.43662622384454,193.14110203197686,1499.771542734587,-26.178609655925268,-1.0,29.32195065670675,31.321950656706736,VALID_POLYGON,200,0,200,refine_20m
539.5449699391339,587.7833154939019,539.5449699391339,587.7833154939019,797.8709172288615,205.43662622384443,193.14110203197797,1499.771542734587,26.178609655925268,1.0,330.67804934329325,31.321950656706765,VALID_POLYGON,200,0,200,refine_20m
702.2721042074579,-451.2737967813583,702.2721042074579,-451.2737967813583,834.7659240825737,169.38802398535813,193.6354658251163,1499.771542734587,-26.178609655925268,-1.0,27.059181535986266,29.05918153598626,VALID_POLYGON,200,0,200,refine_20m
702.2721042074579,451.27379678135844,702.2721042074579,451.27379678135844,834.7659240825739,169.38802398535802,193.63546582511697,1499.771542734587,26.178609655925268,1.0,332.9408184640137,29.05918153598626,VALID_POLYGON,200,0,200,refine_20m
559.5449699391339,567.7833154939019,559.5449699391339,567.7833154939019,797.1627605059296,206.2758910653921,193.77094023555296,1499.771542734587,26.178609655925268,1.0,331.0564926041766,30.943507395823424,VALID_POLYGON,200,0,200,refine_20m
559.5449699391339,-567.7833154939017,559.5449699391339,-567.7833154939017,797.1627605059294,206.27589106539233,193.7709402355543,1499.771542734587,-26.178609655925268,-1.0,28.943507395823396,30.94350739582341,VALID_POLYGON,200,0,200,refine_20m
782.2721042074579,391.27379678135844,782.2721042074579,391.27379678135844,874.6684109243134,129.76061560143637,194.10237829421524,1499.771542734587,26.178609655925268,1.0,334.03101159402394,27.96898840597605,VALID_POLYGON,200,0,200,refine_20m
782.2721042074579,-391.2737967813583,782.2721042074579,-391.2737967813583,874.6684109243134,129.76061560143648,194.10237829421632,1499.771542734587,-26.178609655925268,-1.0,25.96898840597603,27.968988405976035,VALID_POLYGON,200,0,200,refine_20m
650.908537073296,489.52855613762995,650.908537073296,489.52855613762995,814.4446763955739,189.492460604572,194.3412280375915,1499.771542734587,26.178609655925268,1.0,332.3721809109115,29.62781908908856,VALID_POLYGON,200,0,200,refine_20m
650.908537073296,-489.52855613762995,650.908537073296,-489.52855613762995,814.4446763955739,189.492460604572,194.34122803759192,1499.771542734587,-26.178609655925268,-1.0,27.627819089088543,29.62781908908856,VALID_POLYGON,200,0,200,refine_20m
833.63567134162,-353.0190374250866,833.63567134162,-353.0190374250866,905.3015372337154,99.26563483509199,195.5691906381534,1499.771542734587,-26.178609655925268,-1.0,25.13493774058689,27.134937740586892,VALID_POLYGON,200,0,200,refine_20m
833.63567134162,353.0190374250867,833.63567134162,353.0190374250867,905.3015372337154,99.26563483509187,195.56919063815383,1499.771542734587,26.178609655925268,1.0,334.8650622594131,27.13493774058691,VALID_POLYGON,200,0,200,refine_20m
722.2721042074579,-431.2737967813583,722.2721042074579,-431.2737967813583,841.233665699654,163.0097210984626,195.61844339586963,1499.771542734587,-26.178609655925268,-1.0,26.52055583197683,28.52055583197681,VALID_POLYGON,200,0,200,refine_20m
722.2721042074579,431.27379678135844,722.2721042074579,431.27379678135844,841.2336656996541,163.0097210984626,195.61844339587094,1499.771542734587,26.178609655925268,1.0,333.4794441680232,28.52055583197685,VALID_POLYGON,200,0,200,refine_20m
670.908537073296,-469.52855613762995,670.908537073296,-469.52855613762995,818.8866405959483,185.15387303249747,195.87990006709413,1499.771542734587,-26.178609655925268,-1.0,27.141849434582547,29.141849434582554,VALID_POLYGON,200,0,200,refine_20m
670.908537073296,469.52855613762995,670.908537073296,469.52855613762995,818.8866405959483,185.15387303249747,195.87990006709543,1499.771542734587,26.178609655925268,1.0,332.8581505654175,29.141849434582554,VALID_POLYGON,200,0,200,refine_20m
893.63567134162,313.0190374250867,893.63567134162,313.0190374250867,946.8714965002989,57.816225688242525,196.2056601426714,1499.771542734587,26.178609655925268,1.0,335.67517956014177,26.32482043985825,VALID_POLYGON,200,0,200,refine_20m
893.63567134162,-313.0190374250866,893.63567134162,-313.0190374250866,946.8714965002989,57.81622568824264,196.2056601426727,1499.771542734587,-26.178609655925268,-1.0,24.324820439858232,26.32482043985822,VALID_POLYGON,200,0,200,refine_20m
639.5449699391339,-491.2737967813583,639.5449699391339,-491.2737967813583,806.4537878752998,197.4515743977014,196.91019257797777,1499.771542734587,-26.178609655925268,-1.0,27.3985782680539,29.398578268053903,VALID_POLYGON,200,0,200,coarse
639.5449699391339,491.27379678135844,639.5449699391339,491.27379678135844,806.4537878752999,197.45157439770128,196.91019257797973,1499.771542734587,26.178609655925268,1.0,332.6014217319461,29.398578268053903,VALID_POLYGON,200,0,200,coarse
802.2721042074579,-371.2737967813583,802.2721042074579,-371.2737967813583,884.0162675912178,120.48134844386834,197.08477548778538,1499.771542734587,-26.178609655925268,-1.0,25.324388283618585,27.32438828361861,VALID_POLYGON,200,0,200,refine_20m
802.2721042074579,371.27379678135844,802.2721042074579,371.27379678135844,884.0162675912178,120.48134844386834,197.08477548778603,1499.771542734587,26.178609655925268,1.0,334.6756117163814,27.32438828361861,VALID_POLYGON,200,0,200,refine_20m
742.2721042074579,-411.2737967813583,742.2721042074579,-411.2737967813583,848.5953173353723,155.73155972025188,197.9769693276139,1499.771542734587,-26.178609655925268,-1.0,25.94773025407209,27.947730254072113,VALID_POLYGON,200,0,200,refine_20m
742.2721042074579,411.27379678135844,742.2721042074579,411.27379678135844,848.5953173353724,155.73155972025188,197.97696932761477,1499.771542734587,26.178609655925268,1.0,334.0522697459279,27.947730254072113,VALID_POLYGON,200,0,200,refine_20m
519.5449699391339,-587.7833154939017,519.5449699391339,-587.7833154939017,784.4846727387726,218.75155956122876,198.04733767465393,1499.771542734587,-26.178609655925268,-1.0,28.809843184943645,30.80984318494366,VALID_POLYGON,200,0,200,refine_20m
519.5449699391339,587.7833154939019,519.5449699391339,587.7833154939019,784.4846727387728,218.75155956122853,198.04733767465504,1499.771542734587,26.178609655925268,1.0,331.19015681505635,30.80984318494366,VALID_POLYGON,200,0,200,refine_20m
610.908537073296,509.52855613762995,610.908537073296,509.52855613762995,795.5052420875255,208.2712836736166,198.5094775615673,1499.771542734587,26.178609655925268,1.0,332.46333672945116,29.536663270548825,VALID_POLYGON,200,0,200,refine_20m
610.908537073296,-509.52855613762995,610.908537073296,-509.52855613762995,795.5052420875255,208.2712836736166,198.50947756156887,1499.771542734587,-26.178609655925268,-1.0,27.536663270548814,29.536663270548825,VALID_POLYGON,200,0,200,refine_20m
953.63567134162,-273.0190374250866,953.63567134162,-273.0190374250866,991.9477750626305,12.833280259272897,198.66355807123693,1499.771542734587,-26.178609655925268,-1.0,23.321837121526492,25.32183712152651,VALID_POLYGON,200,0,200,refine_20m
953.63567134162,273.0190374250867,953.63567134162,273.0190374250867,991.9477750626305,12.833280259272783,198.6635580712376,1499.771542734587,26.178609655925268,1.0,336.6781628784735,25.32183712152651,VALID_POLYGON,200,0,200,refine_20m
539.5449699391339,-567.7833154939017,539.5449699391339,-567.7833154939017,783.2538974942087,220.11787310805562,198.81433401633564,1499.771542734587,-26.178609655925268,-1.0,28.42466953409038,30.42466953409037,VALID_POLYGON,200,0,200,refine_20m
539.5449699391339,567.7833154939019,539.5449699391339,567.7833154939019,783.2538974942089,220.1178731080554,198.81433401633626,1499.771542734587,26.178609655925268,1.0,331.5753304659096,30.424669534090405,VALID_POLYGON,200,0,200,refine_20m
793.63567134162,373.0190374250867,793.63567134162,373.0190374250867,876.9268961021792,127.55760422933713,199.19261831962277,1499.771542734587,26.178609655925268,1.0,334.84061250364186,27.159387496358164,VALID_POLYGON,200,0,200,refine_20m
793.63567134162,-373.0190374250866,793.63567134162,-373.0190374250866,876.9268961021791,127.55760422933724,199.19261831962342,1499.771542734587,-26.178609655925268,-1.0,25.159387496358146,27.159387496358164,VALID_POLYGON,200,0,200,refine_20m
853.63567134162,-333.0190374250866,853.63567134162,-333.0190374250866,916.2944606808389,88.32922503495126,199.48711395759605,1499.771542734587,-26.178609655925268,-1.0,24.402355896925645,26.402355896925645,VALID_POLYGON,200,0,200,refine_20m
853.63567134162,333.0190374250867,853.63567134162,333.0190374250867,916.2944606808389,88.32922503495126,199.48711395759713,1499.771542734587,26.178609655925268,1.0,335.59764410307434,26.402355896925645,VALID_POLYGON,200,0,200,refine_20m
630.908537073296,489.52855613762995,630.908537073296,489.52855613762995,798.5510562425919,205.33900342792037,199.98014272378586,1499.771542734587,26.178609655925268,1.0,332.92975443825895,29.070245561741043,VALID_POLYGON,200,0,200,refine_20m
630.908537073296,-489.52855613762995,630.908537073296,-489.52855613762995,798.5510562425919,205.33900342792037,199.98014272378674,1499.771542734587,-26.178609655925268,-1.0,27.070245561741043,29.070245561741043,VALID_POLYGON,200,0,200,refine_20m
913.63567134162,294.764278068815,913.63567134162,294.764278068815,960.0083955743733,44.721193665908345,200.13427103192754,1499.771542734587,26.178609655925268,1.0,336.38127741233694,25.618722587663076,VALID_POLYGON,200,0,200,coarse
913.63567134162,-294.764278068815,913.63567134162,-294.764278068815,960.0083955743733,44.721193665908345,200.13427103192842,1499.771542734587,-26.178609655925268,-1.0,23.61872258766306,25.618722587663076,VALID_POLYGON,200,0,200,coarse
762.2721042074579,391.27379678135844,762.2721042074579,391.27379678135844,856.8278385420057,147.57658905381777,200.77719657832532,1499.771542734587,26.178609655925268,1.0,334.6625330214364,27.33746697856359,VALID_POLYGON,200,0,200,refine_20m
762.2721042074579,-391.2737967813583,762.2721042074579,-391.2737967813583,856.8278385420057,147.57658905381777,200.77719657832642,1499.771542734587,-26.178609655925268,-1.0,25.33746697856359,27.33746697856359,VALID_POLYGON,200,0,200,refine_20m
913.63567134162,293.0190374250867,913.63567134162,293.0190374250867,959.4739685063774,45.258427681767216,201.35951946286355,1499.771542734587,26.178609655925268,1.0,336.5224310631745,25.4775689368255,VALID_POLYGON,200,0,200,refine_20m
913.63567134162,-293.0190374250866,913.63567134162,-293.0190374250866,959.4739685063774,45.258427681767216,201.35951946286443,1499.771542734587,-26.178609655925268,-1.0,23.477568936825477,25.4775689368255,VALID_POLYGON,200,0,200,refine_20m
650.908537073296,-469.52855613762995,650.908537073296,-469.52855613762995,802.5826989560552,201.41510239046056,201.72685899177202,1499.771542734587,-26.178609655925268,-1.0,26.577471269746386,28.577471269746393,VALID_POLYGON,200,0,200,refine_20m
650.908537073296,469.52855613762995,650.908537073296,469.52855613762995,802.5826989560552,201.41510239046056,201.7268589917729,1499.771542734587,26.178609655925268,1.0,333.4225287302536,28.577471269746393,VALID_POLYGON,200,0,200,refine_20m
702.2721042074579,-431.2737967813583,702.2721042074579,-431.2737967813583,824.125716221851,180.08426509402432,201.84616535775532,1499.771542734587,-26.178609655925268,-1.0,25.92859772713076,27.92859772713077,VALID_POLYGON,200,0,200,refine_20m
702.2721042074579,431.27379678135844,702.2721042074579,431.27379678135844,824.1257162218511,180.0842650940242,201.84616535775686,1499.771542734587,26.178609655925268,1.0,334.07140227286925,27.928597727130782,VALID_POLYGON,200,0,200,refine_20m
813.63567134162,-353.0190374250866,813.63567134162,-353.0190374250866,886.9190754877602,117.62993065585215,202.83217164630724,1499.771542734587,-26.178609655925268,-1.0,24.470768315116924,26.470768315116942,VALID_POLYGON,200,0,200,refine_20m
813.63567134162,353.0190374250867,813.63567134162,353.0190374250867,886.9190754877602,117.62993065585204,202.83217164630832,1499.771542734587,26.178609655925268,1.0,335.5292316848831,26.470768315116942,VALID_POLYGON,200,0,200,refine_20m
519.5449699391339,567.7833154939019,519.5449699391339,567.7833154939019,769.6134543667381,233.68785564434052,203.944028341075,1499.771542734587,26.178609655925268,1.0,332.0780275238919,29.921972476108117,VALID_POLYGON,200,0,200,refine_20m
519.5449699391339,-567.7833154939017,519.5449699391339,-567.7833154939017,769.613454366738,233.68785564434063,203.94402834107655,1499.771542734587,-26.178609655925268,-1.0,27.921972476108106,29.921972476108117,VALID_POLYGON,200,0,200,refine_20m
782.2721042074579,371.27379678135844,782.2721042074579,371.27379678135844,865.9063905513167,138.56971042001942,204.1017508347846,1499.771542734587,26.178609655925268,1.0,335.3138750663253,26.686124933674698,VALID_POLYGON,200,0,200,refine_20m
782.2721042074579,-371.2737967813583,782.2721042074579,-371.2737967813583,865.9063905513166,138.56971042001953,204.10175083478595,1499.771542734587,-26.178609655925268,-1.0,24.68612493367468,26.68612493367467,VALID_POLYGON,200,0,200,refine_20m
873.63567134162,313.0190374250867,873.63567134162,313.0190374250867,928.0195062772392,76.65563993615297,204.20941370578882,1499.771542734587,26.178609655925268,1.0,336.38691063688657,25.613089363113463,VALID_POLYGON,200,0,200,refine_20m
873.63567134162,-313.0190374250866,873.63567134162,-313.0190374250866,928.0195062772392,76.65563993615297,204.20941370578947,1499.771542734587,-26.178609655925268,-1.0,23.61308936311345,25.613089363113463,VALID_POLYGON,200,0,200,refine_20m
722.2721042074579,411.27379678135844,722.2721042074579,411.27379678135844,831.1577037092438,173.1395011108998,204.4822791110705,1499.771542734587,26.178609655925268,1.0,334.65080255997015,27.349197440029883,VALID_POLYGON,200,0,200,refine_20m
722.2721042074579,-411.2737967813583,722.2721042074579,-411.2737967813583,831.1577037092437,173.13950111089991,204.4822791110716,1499.771542734587,-26.178609655925268,-1.0,25.349197440029872,27.349197440029883,VALID_POLYGON,200,0,200,refine_20m
610.908537073296,489.52855613762995,610.908537073296,489.52855613762995,782.8457370026532,220.99439826851687,205.7241131833314,1499.771542734587,26.178609655925268,1.0,333.4676955731826,28.53230442681741,VALID_POLYGON,200,0,200,refine_20m
610.908537073296,-489.52855613762995,610.908537073296,-489.52855613762995,782.8457370026532,220.99439826851687,205.7241131833323,1499.771542734587,-26.178609655925268,-1.0,26.532304426817397,28.53230442681741,VALID_POLYGON,200,0,200,refine_20m
833.63567134162,-333.0190374250866,833.63567134162,-333.0190374250866,897.6915460338951,106.91649628338837,207.18365735540394,1499.771542734587,-26.178609655925268,-1.0,23.73209202267832,25.732092022678327,VALID_POLYGON,200,0,200,refine_20m
833.63567134162,333.0190374250867,833.63567134162,333.0190374250867,897.6915460338951,106.91649628338837,207.1836573554044,1499.771542734587,26.178609655925268,1.0,336.26790797732167,25.732092022678327,VALID_POLYGON,200,0,200,refine_20m
742.2721042074579,391.27379678135844,742.2721042074579,391.27379678135844,839.0846564752969,165.29361036358603,207.59455604563,1499.771542734587,26.178609655925268,1.0,335.2671327684774,26.73286723152262,VALID_POLYGON,200,0,200,refine_20m
742.2721042074579,-391.2737967813583,742.2721042074579,-391.2737967813583,839.0846564752969,165.29361036358614,207.5945560456311,1499.771542734587,-26.178609655925268,-1.0,24.732867231522594,26.73286723152262,VALID_POLYGON,200,0,200,refine_20m
933.63567134162,-273.0190374250866,933.63567134162,-273.0190374250866,972.7358128485032,32.036841998088335,207.67424288460933,1499.771542734587,-26.178609655925268,-1.0,22.55764285639493,24.557642856394946,VALID_POLYGON,200,0,200,refine_20m
933.63567134162,273.0190374250867,933.63567134162,273.0190374250867,972.7358128485032,32.036841998088335,207.6742428846104,1499.771542734587,26.178609655925268,1.0,337.4423571436051,24.557642856394946,VALID_POLYGON,200,0,200,refine_20m
630.908537073296,-469.52855613762995,630.908537073296,-469.52855613762995,786.449392637984,217.50305639821318,207.6850063529487,1499.771542734587,-26.178609655925268,-1.0,26.03360688051407,28.033606880514085,VALID_POLYGON,200,0,200,refine_20m
630.908537073296,469.52855613762995,630.908537073296,469.52855613762995,786.449392637984,217.50305639821318,207.68500635294978,1499.771542734587,26.178609655925268,1.0,333.96639311948593,28.033606880514085,VALID_POLYGON,200,0,200,refine_20m
365.454268536648,-687.7833154939017,365.454268536648,-687.7833154939017,778.8470398373742,51.41555819940879,208.38865454376653,1499.771542734587,-26.178609655925268,-1.0,29.25340812476144,31.25340812476146,VALID_POLYGON,200,0,200,coarse
365.454268536648,687.7833154939019,365.454268536648,687.7833154939019,778.8470398373744,51.415558199408565,208.38865454376807,1499.771542734587,26.178609655925268,1.0,330.74659187523855,31.25340812476146,VALID_POLYGON,200,0,200,coarse
893.63567134162,293.0190374250867,893.63567134162,293.0190374250867,940.4492912367537,64.27246882542897,209.93311050045529,1499.771542734587,26.178609655925268,1.0,337.23936823083665,24.76063176916339,VALID_POLYGON,200,0,200,refine_20m
893.63567134162,-293.0190374250866,893.63567134162,-293.0190374250866,940.4492912367535,64.27246882542897,209.9331105004557,1499.771542734587,-26.178609655925268,-1.0,22.760631769163368,24.76063176916339,VALID_POLYGON,200,0,200,refine_20m
793.63567134162,353.0190374250867,793.63567134162,353.0190374250867,868.6080932217927,135.9215996451694,210.25993829238504,1499.771542734587,26.178609655925268,1.0,336.16257753744696,25.837422462553036,VALID_POLYGON,200,0,200,refine_20m
793.63567134162,-353.0190374250866,793.63567134162,-353.0190374250866,868.6080932217927,135.9215996451694,210.25993829238615,1499.771542734587,-26.178609655925268,-1.0,23.83742246255301,25.837422462553025,VALID_POLYGON,200,0,200,refine_20m
730.908537073296,393.0190374250867,730.908537073296,393.0190374250867,829.874239475577,174.48387510398913,210.61721832260565,1499.771542734587,26.178609655925268,1.0,335.49322614865946,26.50677385134052,VALID_POLYGON,200,0,200,coarse
730.908537073296,-393.0190374250866,730.908537073296,-393.0190374250866,829.8742394755769,174.48387510398925,210.61721832260744,1499.771542734587,-26.178609655925268,-1.0,24.506773851340512,26.50677385134052,VALID_POLYGON,200,0,200,coarse
702.2721042074579,411.27379678135844,702.2721042074579,411.27379678135844,813.8379717529311,190.42766228466985,211.12090145358093,1499.771542734587,26.178609655925268,1.0,335.2251107431596,26.774889256840464,VALID_POLYGON,200,0,200,refine_20m
702.2721042074579,-411.2737967813583,702.2721042074579,-411.2737967813583,813.8379717529311,190.42766228466985,211.12090145358204,1499.771542734587,-26.178609655925268,-1.0,24.774889256840442,26.774889256840464,VALID_POLYGON,200,0,200,refine_20m
762.2721042074579,-371.2737967813583,762.2721042074579,-371.2737967813583,847.8814734556422,156.57174034979005,211.27233624160505,1499.771542734587,-26.178609655925268,-1.0,24.076117406527278,26.076117406527292,VALID_POLYGON,200,0,200,refine_20m
762.2721042074579,371.27379678135844,762.2721042074579,371.27379678135844,847.8814734556423,156.57174034978993,211.27233624160615,1499.771542734587,26.178609655925268,1.0,335.92388259347274,26.076117406527292,VALID_POLYGON,200,0,200,refine_20m
853.63567134162,313.0190374250867,853.63567134162,313.0190374250867,909.2165733076944,95.44522004077521,212.4090264452561,1499.771542734587,26.178609655925268,1.0,337.06203073293295,24.93796926706705,VALID_POLYGON,200,0,200,refine_20m
853.63567134162,-313.0190374250866,853.63567134162,-313.0190374250866,909.2165733076944,95.44522004077521,212.40902644525698,1499.771542734587,-26.178609655925268,-1.0,22.93796926706703,24.93796926706705,VALID_POLYGON,200,0,200,refine_20m
456.81783567081,589.52855613763,456.81783567081,589.52855613763,745.8059087247042,185.56319016064947,213.42054364158568,1499.771542734587,26.178609655925268,1.0,332.6243638006937,29.37563619930635,VALID_POLYGON,200,0,200,coarse
456.81783567081,-589.52855613763,456.81783567081,-589.52855613763,745.8059087247042,185.56319016064947,213.42054364158653,1499.771542734587,-26.178609655925268,-1.0,27.37563619930634,29.37563619930635,VALID_POLYGON,200,0,200,coarse
610.908537073296,469.52855613762995,610.908537073296,469.52855613762995,770.4974404225637,233.40682575290464,213.75467144211595,1499.771542734587,26.178609655925268,1.0,334.49074934094574,27.509250659054278,VALID_POLYGON,200,0,200,refine_20m
610.908537073296,-469.52855613762995,610.908537073296,-469.52855613762995,770.4974404225637,233.40682575290464,213.75467144211706,1499.771542734587,-26.178609655925268,-1.0,25.50925065905427,27.509250659054278,VALID_POLYGON,200,0,200,refine_20m
722.2721042074579,391.27379678135844,722.2721042074579,391.27379678135844,821.4451756288844,182.90524278356202,214.55496801657048,1499.771542734587,26.178609655925268,1.0,335.8463699870355,26.15363001296452,VALID_POLYGON,200,0,200,refine_20m
722.2721042074579,-391.2737967813583,722.2721042074579,-391.2737967813583,821.4451756288844,182.90524278356202,214.55496801657227,1499.771542734587,-26.178609655925268,-1.0,24.153630012964506,26.15363001296452,VALID_POLYGON,200,0,200,refine_20m
813.63567134162,-333.0190374250866,813.63567134162,-333.0190374250866,879.1499786538471,125.44143289536896,215.0596668214678,1499.771542734587,-26.178609655925268,-1.0,23.094225845334478,25.09422584533451,VALID_POLYGON,200,0,200,refine_20m
813.63567134162,333.0190374250867,813.63567134162,333.0190374250867,879.1499786538471,125.44143289536885,215.05966682146823,1499.771542734587,26.178609655925268,1.0,336.9057741546655,25.09422584533451,VALID_POLYGON,200,0,200,refine_20m
913.63567134162,273.0190374250867,913.63567134162,273.0190374250867,953.556256727611,51.207494794356876,216.92490146852467,1499.771542734587,26.178609655925268,1.0,338.16249521019853,23.83750478980149,VALID_POLYGON,200,0,200,refine_20m
913.63567134162,-273.0190374250866,913.63567134162,-273.0190374250866,953.556256727611,51.207494794356876,216.92490146852555,1499.771542734587,-26.178609655925268,-1.0,21.83750478980147,23.83750478980149,VALID_POLYGON,200,0,200,refine_20m
742.2721042074579,371.27379678135844,742.2721042074579,371.27379678135844,829.9470518418707,174.48179029938103,218.59715877479638,1499.771542734587,26.178609655925268,1.0,336.50734044950906,25.492659550490952,VALID_POLYGON,200,0,200,refine_20m
742.2721042074579,-371.2737967813583,742.2721042074579,-371.2737967813583,829.9470518418706,174.48179029938115,218.59715877479795,1499.771542734587,-26.178609655925268,-1.0,23.492659550490917,25.492659550490934,VALID_POLYGON,200,0,200,refine_20m
873.63567134162,-293.0190374250866,873.63567134162,-293.0190374250866,921.4659204409284,83.24454990252491,218.72311719109268,1499.771542734587,-26.178609655925268,-1.0,22.082256245421334,24.08225624542135,VALID_POLYGON,200,0,200,refine_20m
873.63567134162,293.0190374250867,873.63567134162,293.0190374250867,921.4659204409284,83.2445499025248,218.72311719109356,1499.771542734587,26.178609655925268,1.0,337.9177437545787,24.08225624542135,VALID_POLYGON,200,0,200,refine_20m
833.63567134162,313.0190374250867,833.63567134162,313.0190374250867,890.4658052523529,114.18179481766799,220.80548142002215,1499.771542734587,26.178609655925268,1.0,337.7031200906902,24.29687990930981,VALID_POLYGON,200,0,200,refine_20m
833.63567134162,-313.0190374250866,833.63567134162,-313.0190374250866,890.4658052523529,114.18179481766799,220.80548142002326,1499.771542734587,-26.178609655925268,-1.0,22.296879909309784,24.29687990930981,VALID_POLYGON,200,0,200,refine_20m
702.2721042074579,391.27379678135844,702.2721042074579,391.27379678135844,803.9162222493526,200.40452249820544,221.65901683421896,1499.771542734587,26.178609655925268,1.0,336.40169651950856,25.59830348049146,VALID_POLYGON,200,0,200,refine_20m
702.2721042074579,-391.2737967813583,702.2721042074579,-391.2737967813583,803.9162222493525,200.40452249820555,221.6590168342196,1499.771542734587,-26.178609655925268,-1.0,23.598303480491435,25.598303480491445,VALID_POLYGON,200,0,200,refine_20m
793.63567134162,333.0190374250867,793.63567134162,333.0190374250867,860.6737233780261,143.89998832994286,223.11602514426613,1499.771542734587,26.178609655925268,1.0,337.51338891601154,24.48661108398849,VALID_POLYGON,200,0,200,refine_20m
793.63567134162,-333.0190374250866,793.63567134162,-333.0190374250866,860.6737233780261,143.89998832994286,223.11602514426724,1499.771542734587,-26.178609655925268,-1.0,22.48661108398845,24.486611083988457,VALID_POLYGON,200,0,200,refine_20m
548.181402804972,-491.2737967813583,548.181402804972,-491.2737967813583,736.1065098103659,267.5503063256077,223.67602599755747,1499.771542734587,-26.178609655925268,-1.0,25.04733991245123,27.047339912451243,VALID_POLYGON,200,0,200,coarse
548.181402804972,491.27379678135844,548.181402804972,491.27379678135844,736.106509810366,267.5503063256077,223.67602599755904,1499.771542734587,26.178609655925268,1.0,334.9526600875488,27.047339912451243,VALID_POLYGON,200,0,200,coarse
722.2721042074579,-371.2737967813583,722.2721042074579,-371.2737967813583,812.1091211732044,192.29374156315464,226.0769300965875,1499.771542734587,-26.178609655925268,-1.0,22.934168452549876,24.93416845254988,VALID_POLYGON,200,0,200,refine_20m
722.2721042074579,371.27379678135844,722.2721042074579,371.27379678135844,812.1091211732044,192.29374156315464,226.07693009658814,1499.771542734587,26.178609655925268,1.0,337.0658315474501,24.93416845254988,VALID_POLYGON,200,0,200,refine_20m
893.63567134162,-273.0190374250866,893.63567134162,-273.0190374250866,934.4111021872058,70.34320277869915,226.41704895589032,1499.771542734587,-26.178609655925268,-1.0,21.157928923791182,23.157928923791182,VALID_POLYGON,200,0,200,refine_20m
893.63567134162,273.0190374250867,893.63567134162,273.0190374250867,934.4111021872058,70.34320277869915,226.41704895589143,1499.771542734587,26.178609655925268,1.0,338.8420710762088,23.157928923791196,VALID_POLYGON,200,0,200,refine_20m
853.63567134162,-293.0190374250866,853.63567134162,-293.0190374250866,902.5264625928608,102.17201092370112,227.73084112900722,1499.771542734587,-26.178609655925268,-1.0,21.439588417330405,23.439588417330395,VALID_POLYGON,200,0,200,refine_20m
853.63567134162,293.0190374250867,853.63567134162,293.0190374250867,902.5264625928609,102.17201092370112,227.73084112900787,1499.771542734587,26.178609655925268,1.0,338.5604115826696,23.439588417330427,VALID_POLYGON,200,0,200,refine_20m
813.63567134162,313.0190374250867,813.63567134162,313.0190374250867,871.7705681370853,132.86192834254211,229.39991379316808,1499.771542734587,26.178609655925268,1.0,338.3125394939677,23.687460506032345,VALID_POLYGON,200,0,200,refine_20m
813.63567134162,-313.0190374250866,813.63567134162,-313.0190374250866,871.7705681370852,132.86192834254211,229.39991379316876,1499.771542734587,-26.178609655925268,-1.0,21.68746050603231,23.687460506032327,VALID_POLYGON,200,0,200,refine_20m
702.2721042074579,-371.2737967813583,702.2721042074579,-371.2737967813583,794.3741816829246,210.0009586785685,233.7124410790645,1499.771542734587,-26.178609655925268,-1.0,22.399174779493652,24.399174779493684,VALID_POLYGON,200,0,200,refine_20m
702.2721042074579,371.27379678135844,702.2721042074579,371.27379678135844,794.3741816829246,210.0009586785684,233.71244107906514,1499.771542734587,26.178609655925268,1.0,337.60082522050635,24.399174779493684,VALID_POLYGON,200,0,200,refine_20m
873.63567134162,273.0190374250867,873.63567134162,273.0190374250867,915.3025079377003,89.4417628151765,236.15243817820974,1499.771542734587,26.178609655925268,1.0,339.48424188511717,22.515758114882836,VALID_POLYGON,200,0,200,refine_20m
873.63567134162,-273.0190374250866,873.63567134162,-273.0190374250866,915.3025079377003,89.4417628151765,236.15243817821153,1499.771542734587,-26.178609655925268,-1.0,20.515758114882793,22.5157581148828,VALID_POLYGON,200,0,200,refine_20m
833.63567134162,293.0190374250867,833.63567134162,293.0190374250867,883.6337413355817,121.05196930981344,236.95776530109788,1499.771542734587,26.178609655925268,1.0,339.1699690778251,22.830030922174906,VALID_POLYGON,200,0,200,refine_20m
833.63567134162,-293.0190374250866,833.63567134162,-293.0190374250866,883.6337413355817,121.05196930981344,236.95776530109944,1499.771542734587,-26.178609655925268,-1.0,20.8300309221749,22.83003092217489,VALID_POLYGON,200,0,200,refine_20m
365.454268536648,589.52855613763,365.454268536648,589.52855613763,693.6142594363059,122.00176044213629,237.983238499195,1499.771542734587,26.178609655925268,1.0,334.5890608047988,27.41093919520123,VALID_POLYGON,200,0,200,coarse
365.454268536648,-589.52855613763,365.454268536648,-589.52855613763,693.6142594363059,122.00176044213629,237.98323849919566,1499.771542734587,-26.178609655925268,-1.0,25.41093919520122,27.41093919520123,VALID_POLYGON,200,0,200,coarse
793.63567134162,313.0190374250867,793.63567134162,313.0190374250867,853.1345126159132,151.48189294324357,238.1935996053842,1499.771542734587,26.178609655925268,1.0,338.89245091705595,23.107549082944068,VALID_POLYGON,200,0,200,refine_20m
793.63567134162,-313.0190374250866,793.63567134162,-313.0190374250866,853.1345126159131,151.48189294324368,238.19359960538532,1499.771542734587,-26.178609655925268,-1.0,21.107549082944054,23.107549082944068,VALID_POLYGON,200,0,200,refine_20m
822.2721042074579,294.764278068815,822.2721042074579,294.764278068815,873.5086679496604,131.16608735547243,240.7261065386447,1499.771542734587,26.178609655925268,1.0,339.37480629482997,22.625193705170023,VALID_POLYGON,200,0,200,coarse
822.2721042074579,-294.764278068815,822.2721042074579,-294.764278068815,873.5086679496604,131.16608735547243,240.72610653864584,1499.771542734587,-26.178609655925268,-1.0,20.625193705170016,22.625193705170023,VALID_POLYGON,200,0,200,coarse
639.5449699391339,393.0190374250867,639.5449699391339,393.0190374250867,750.6542029143575,253.5545244350718,243.7618351199947,1499.771542734587,26.178609655925268,1.0,337.9043561926798,24.095643807320187,VALID_POLYGON,200,0,200,coarse
639.5449699391339,-393.0190374250866,639.5449699391339,-393.0190374250866,750.6542029143575,253.55452443507193,243.76183511999628,1499.771542734587,-26.178609655925268,-1.0,22.09564380732018,24.095643807320187,VALID_POLYGON,200,0,200,coarse
853.63567134162,-273.0190374250866,853.63567134162,-273.0190374250866,896.2328124898012,108.50078744258008,246.13304048430382,1499.771542734587,-26.178609655925268,-1.0,19.908135619724238,21.90813561972424,VALID_POLYGON,200,0,200,refine_20m
853.63567134162,273.0190374250867,853.63567134162,273.0190374250867,896.2328124898012,108.50078744258008,246.13304048430447,1499.771542734587,26.178609655925268,1.0,340.09186438027575,21.90813561972424,VALID_POLYGON,200,0,200,refine_20m
813.63567134162,293.0190374250867,813.63567134162,293.0190374250867,864.7908197784324,139.88129694819236,246.40554048743965,1499.771542734587,26.178609655925268,1.0,339.74878284522634,22.25121715477367,VALID_POLYGON,200,0,200,refine_20m
813.63567134162,-293.0190374250866,813.63567134162,-293.0190374250866,864.7908197784323,139.88129694819236,246.40554048744187,1499.771542734587,-26.178609655925268,-1.0,20.251217154773627,22.251217154773638,VALID_POLYGON,200,0,200,refine_20m
456.81783567081,491.27379678135844,456.81783567081,491.27379678135844,670.844600776465,255.90069336533782,252.6528163744623,1499.771542734587,26.178609655925268,1.0,336.9659771739704,25.034022826029588,VALID_POLYGON,200,0,200,coarse
456.81783567081,-491.2737967813583,456.81783567081,-491.2737967813583,670.8446007764649,255.90069336533793,252.65281637446478,1499.771542734587,-26.178609655925268,-1.0,23.03402282602959,25.034022826029588,VALID_POLYGON,200,0,200,coarse
793.63567134162,293.0190374250867,793.63567134162,293.0190374250867,846.0010254836504,158.6565944723343,256.0759734787426,1499.771542734587,26.178609655925268,1.0,340.2990118776474,21.700988122352616,VALID_POLYGON,200,0,200,refine_20m
793.63567134162,-293.0190374250866,793.63567134162,-293.0190374250866,846.0010254836504,158.6565944723343,256.0759734787441,1499.771542734587,-26.178609655925268,-1.0,19.700988122352605,21.700988122352616,VALID_POLYGON,200,0,200,refine_20m
833.63567134162,-273.0190374250866,833.63567134162,-273.0190374250866,877.2045527297007,127.51768575181643,256.36102931417906,1499.771542734587,-26.178609655925268,-1.0,19.33247274175424,21.332472741754245,VALID_POLYGON,200,0,200,refine_20m
833.63567134162,273.0190374250867,833.63567134162,273.0190374250867,877.2045527297007,127.51768575181632,256.3610293141799,1499.771542734587,26.178609655925268,1.0,340.66752725824574,21.332472741754245,VALID_POLYGON,200,0,200,refine_20m
274.090701402486,-589.52855613763,274.090701402486,-589.52855613763,650.1304723646058,53.87680352341306,264.29748793405827,1499.771542734587,-26.178609655925268,-1.0,23.684554866452306,25.684554866452316,VALID_POLYGON,200,0,200,coarse
274.090701402486,589.52855613763,274.090701402486,589.52855613763,650.1304723646058,53.87680352341306,264.29748793406094,1499.771542734587,26.178609655925268,1.0,336.3154451335477,25.684554866452316,VALID_POLYGON,200,0,200,coarse
813.63567134162,273.0190374250867,813.63567134162,273.0190374250867,858.2204847683662,146.48964191333164,266.8387661567883,1499.771542734587,26.178609655925268,1.0,341.2135798419784,20.786420158021638,VALID_POLYGON,200,0,200,refine_20m
813.63567134162,-273.0190374250866,813.63567134162,-273.0190374250866,858.2204847683662,146.48964191333175,266.8387661567894,1499.771542734587,-26.178609655925268,-1.0,18.78642015802161,20.786420158021603,VALID_POLYGON,200,0,200,refine_20m
793.63567134162,273.0190374250867,793.63567134162,273.0190374250867,839.2836073833354,165.4135910245128,277.56878857123075,1499.771542734587,26.178609655925268,1.0,341.73215747283166,20.267842527168327,VALID_POLYGON,200,0,200,refine_20m
793.63567134162,-273.0190374250866,793.63567134162,-273.0190374250866,839.2836073833354,165.4135910245128,277.56878857123274,1499.771542734587,-26.178609655925268,-1.0,18.26784252716832,20.267842527168327,VALID_POLYGON,200,0,200,refine_20m
548.181402804972,393.0190374250867,548.181402804972,393.0190374250867,674.5122787316541,329.4931571427966,279.94887745837,1499.771542734587,26.178609655925268,1.0,339.91822155531787,22.081778444682154,VALID_POLYGON,200,0,200,coarse
548.181402804972,-393.0190374250866,548.181402804972,-393.0190374250866,674.5122787316541,329.4931571427966,279.9488774583716,1499.771542734587,-26.178609655925268,-1.0,20.08177844468214,22.081778444682154,VALID_POLYGON,200,0,200,coarse
365.454268536648,491.27379678135844,365.454268536648,491.27379678135844,612.2963055544495,186.82267027443856,283.88413290063835,1499.771542734587,26.178609655925268,1.0,338.70528526539215,23.2947147346079,VALID_POLYGON,200,0,200,coarse
365.454268536648,-491.2737967813583,365.454268536648,-491.2737967813583,612.2963055544495,186.82267027443868,283.8841329006401,1499.771542734587,-26.178609655925268,-1.0,21.294714734607865,23.294714734607865,VALID_POLYGON,200,0,200,coarse
730.908537073296,-294.764278068815,730.908537073296,-294.764278068815,788.1073969910798,216.493943552274,285.9062333757858,1499.771542734587,-26.178609655925268,-1.0,18.25575754941208,20.255757549412085,VALID_POLYGON,200,0,200,coarse
730.908537073296,294.764278068815,730.908537073296,294.764278068815,788.1073969910798,216.493943552274,285.90623337578734,1499.771542734587,26.178609655925268,1.0,341.74424245058793,20.255757549412085,VALID_POLYGON,200,0,200,coarse
274.090701402486,-491.2737967813583,274.090701402486,-491.2737967813583,562.5616908386831,113.70119946828265,317.424079602204,1499.771542734587,-26.178609655925268,-1.0,19.779682375784258,21.779682375784247,VALID_POLYGON,200,0,200,coarse
274.090701402486,491.27379678135844,274.090701402486,491.27379678135844,562.5616908386833,113.70119946828254,317.42407960220623,1499.771542734587,26.178609655925268,1.0,340.22031762421574,21.779682375784276,VALID_POLYGON,200,0,200,coarse
456.81783567081,-393.0190374250866,456.81783567081,-393.0190374250866,602.616377777359,319.2884351508425,319.27013529424454,1499.771542734587,-26.178609655925268,-1.0,18.378416389049075,20.378416389049075,VALID_POLYGON,200,0,200,coarse
456.81783567081,393.0190374250867,456.81783567081,393.0190374250867,602.6163777773592,319.28843515084236,319.27013529424477,1499.771542734587,26.178609655925268,1.0,341.6215836109509,20.378416389049075,VALID_POLYGON,200,0,200,coarse
913.63567134162,196.50951871254347,913.63567134162,196.50951871254347,934.5298983405978,70.33852326217902,320.68623444055817,1499.771542734587,26.178609655925268,1.0,344.7961512602478,17.20384873975219,VALID_POLYGON,200,0,200,coarse
913.63567134162,-196.50951871254335,913.63567134162,-196.50951871254335,934.5298983405978,70.33852326217902,320.6862344405593,1499.771542734587,-26.178609655925268,-1.0,15.203848739752171,17.203848739752168,VALID_POLYGON,200,0,200,coarse
639.5449699391339,-294.764278068815,639.5449699391339,-294.764278068815,704.2043369646891,300.295979704066,335.87114780075666,1499.771542734587,-26.178609655925268,-1.0,16.339755569381172,18.339755569381175,VALID_POLYGON,200,0,200,coarse
639.5449699391339,294.764278068815,639.5449699391339,294.764278068815,704.2043369646891,300.295979704066,335.8711478007587,1499.771542734587,26.178609655925268,1.0,343.66024443061883,18.339755569381175,VALID_POLYGON,200,0,200,coarse
182.727134268324,-491.2737967813583,182.727134268324,-491.2737967813583,524.1556534102112,37.45734594913438,353.3356518301968,1499.771542734587,-26.178609655925268,-1.0,18.449936835744307,20.44993683574431,VALID_POLYGON,200,0,200,coarse
182.727134268324,491.27379678135844,182.727134268324,491.27379678135844,524.1556534102114,37.45734594913438,353.3356518301981,1499.771542734587,26.178609655925268,1.0,341.5500631642557,20.44993683574431,VALID_POLYGON,200,0,200,coarse
365.454268536648,-393.0190374250866,365.454268536648,-393.0190374250866,536.6756806211719,244.39307443301027,361.83663670458657,1499.771542734587,-26.178609655925268,-1.0,16.921308908328722,18.921308908328736,VALID_POLYGON,200,0,200,coarse
365.454268536648,393.0190374250867,365.454268536648,393.0190374250867,536.6756806211719,244.39307443301027,361.8366367045888,1499.771542734587,26.178609655925268,1.0,343.07869109167126,18.921308908328736,VALID_POLYGON,200,0,200,coarse
548.181402804972,294.764278068815,548.181402804972,294.764278068815,622.4056796066827,381.9512200923979,390.868688114044,1499.771542734587,26.178609655925268,1.0,345.2383163737413,16.761683626258662,VALID_POLYGON,200,0,200,coarse
548.181402804972,-294.764278068815,548.181402804972,-294.764278068815,622.4056796066827,381.9512200923979,390.86868811404605,1499.771542734587,-26.178609655925268,-1.0,14.76168362625867,16.761683626258662,VALID_POLYGON,200,0,200,coarse
822.2721042074579,196.50951871254347,822.2721042074579,196.50951871254347,845.4273501031274,159.41375739281966,396.491481902853,1499.771542734587,26.178609655925268,1.0,346.887685262065,15.11231473793498,VALID_POLYGON,200,0,200,coarse
822.2721042074579,-196.50951871254335,822.2721042074579,-196.50951871254335,845.4273501031274,159.41375739281966,396.4914819028566,1499.771542734587,-26.178609655925268,-1.0,13.112314737934957,15.112314737934932,VALID_POLYGON,200,0,200,coarse
274.090701402486,393.0190374250867,274.090701402486,393.0190374250867,479.1551694115889,166.2074477370495,407.7759185306083,1499.771542734587,26.178609655925268,1.0,344.33780920392365,17.662190796076384,VALID_POLYGON,200,0,200,coarse
274.090701402486,-393.0190374250866,274.090701402486,-393.0190374250866,479.1551694115888,166.20744773704962,407.7759185306124,1499.771542734587,-26.178609655925268,-1.0,15.662190796076327,17.66219079607632,VALID_POLYGON,200,0,200,coarse
456.81783567081,294.764278068815,456.81783567081,294.764278068815,543.662132774017,373.61298993600565,451.19052117598494,1499.771542734587,26.178609655925268,1.0,346.5587423098865,15.441257690113545,VALID_POLYGON,200,0,200,coarse
456.81783567081,-294.764278068815,456.81783567081,-294.764278068815,543.662132774017,373.61298993600565,451.1905211759861,1499.771542734587,-26.178609655925268,-1.0,13.441257690113519,15.441257690113545,VALID_POLYGON,200,0,200,coarse
182.727134268324,-393.0190374250866,182.727134268324,-393.0190374250866,433.42031490973716,85.57514400991465,457.230489105883,1499.771542734587,-26.178609655925268,-1.0,14.56427850691297,16.56427850691298,VALID_POLYGON,200,0,200,coarse
182.727134268324,393.0190374250867,182.727134268324,393.0190374250867,433.4203149097373,85.57514400991454,457.2304891058873,1499.771542734587,26.178609655925268,1.0,345.43572149308704,16.56427850691298,VALID_POLYGON,200,0,200,coarse
730.908537073296,196.50951871254347,730.908537073296,196.50951871254347,756.8641096731045,247.93976039845973,482.63409056776703,1499.771542734587,26.178609655925268,1.0,348.5086598532008,13.491340146799192,VALID_POLYGON,200,0,200,coarse
730.908537073296,-196.50951871254335,730.908537073296,-196.50951871254335,756.8641096731045,247.93976039845973,482.63409056777266,1499.771542734587,-26.178609655925268,-1.0,11.491340146799164,13.491340146799192,VALID_POLYGON,200,0,200,coarse
91.363567134162,393.0190374250867,91.363567134162,393.0190374250867,403.49877964873724,3.0896644658713512,510.3570897232452,1499.771542734587,26.178609655925268,1.0,346.40085225287027,15.599147747129766,VALID_POLYGON,200,0,200,coarse
91.363567134162,-393.0190374250866,91.363567134162,-393.0190374250866,403.4987796487372,3.089664465871465,510.3570897232484,1499.771542734587,-26.178609655925268,-1.0,13.599147747129743,15.599147747129766,VALID_POLYGON,200,0,200,coarse
365.454268536648,294.764278068815,365.454268536648,294.764278068815,469.5133672400458,292.93969293820476,517.1692071960016,1499.771542734587,26.178609655925268,1.0,347.6787413344136,14.321258665586399,VALID_POLYGON,200,0,200,coarse
365.454268536648,-294.764278068815,365.454268536648,-294.764278068815,469.5133672400458,292.93969293820476,517.1692071960075,1499.771542734587,-26.178609655925268,-1.0,12.321258665586392,14.321258665586399,VALID_POLYGON,200,0,200,coarse
639.5449699391339,196.50951871254347,639.5449699391339,196.50951871254347,669.0543771018042,335.6969219418355,580.2115169718031,1499.771542734587,26.178609655925268,1.0,349.7999063665916,12.200093633408457,VALID_POLYGON,200,0,200,coarse
639.5449699391339,-196.50951871254335,639.5449699391339,-196.50951871254335,669.0543771018041,335.6969219418355,580.2115169718049,1499.771542734587,-26.178609655925268,-1.0,10.200093633408418,12.200093633408457,VALID_POLYGON,200,0,200,coarse
274.090701402486,-294.764278068815,274.090701402486,-294.764278068815,402.5067604658789,209.93514692356632,589.1780590863299,1499.771542734587,-26.178609655925268,-1.0,11.359963033009134,13.359963033009159,VALID_POLYGON,200,0,200,coarse
274.090701402486,294.764278068815,274.090701402486,294.764278068815,402.5067604658789,209.93514692356632,589.1780590863326,1499.771542734587,26.178609655925268,1.0,348.64003696699086,13.359963033009159,VALID_POLYGON,200,0,200,coarse
182.727134268324,-294.764278068815,182.727134268324,-294.764278068815,346.80712971815296,125.26274281358621,667.632874307277,1499.771542734587,-26.178609655925268,-1.0,10.526313377072256,12.526313377072297,VALID_POLYGON,200,0,200,coarse
182.727134268324,294.764278068815,182.727134268324,294.764278068815,346.80712971815296,125.26274281358621,667.6328743072811,1499.771542734587,26.178609655925268,1.0,349.47368662292774,12.526313377072297,VALID_POLYGON,200,0,200,coarse
548.181402804972,-196.50951871254335,548.181402804972,-196.50951871254335,582.3391119664403,422.3347354699829,690.529526652509,1499.771542734587,-26.178609655925268,-1.0,9.148249026744343,11.148249026744363,VALID_POLYGON,200,0,200,coarse
548.181402804972,196.50951871254347,548.181402804972,196.50951871254347,582.3391119664404,422.3347354699829,690.5295266525137,1499.771542734587,26.178609655925268,1.0,350.85175097325566,11.148249026744363,VALID_POLYGON,200,0,200,coarse
91.363567134162,294.764278068815,91.363567134162,294.764278068815,308.5988999087784,39.36340432383554,752.9950754636988,1499.771542734587,26.178609655925268,1.0,350.2032392513345,11.796760748665537,VALID_POLYGON,200,0,200,coarse
91.363567134162,-294.764278068815,91.363567134162,-294.764278068815,308.5988999087784,39.36340432383554,752.995075463699,1499.771542734587,-26.178609655925268,-1.0,9.796760748665491,11.796760748665537,VALID_POLYGON,200,0,200,coarse
456.81783567081,-196.50951871254335,456.81783567081,-196.50951871254335,497.2911882706133,416.3381683656622,815.1306671072352,1499.771542734587,-26.178609655925268,-1.0,8.275424543148993,10.275424543149041,VALID_POLYGON,200,0,200,coarse
456.81783567081,196.50951871254347,456.81783567081,196.50951871254347,497.29118827061336,416.3381683656621,815.1306671072441,1499.771542734587,26.178609655925268,1.0,351.724575456851,10.275424543149041,VALID_POLYGON,200,0,200,coarse
365.454268536648,-196.50951871254335,365.454268536648,-196.50951871254335,414.9371197377885,330.49665784840204,955.8370837490983,1499.771542734587,-26.178609655925268,-1.0,7.539821255332068,9.539821255332088,VALID_POLYGON,200,0,200,coarse
365.454268536648,196.50951871254347,365.454268536648,196.50951871254347,414.9371197377886,330.49665784840204,955.8370837491017,1499.771542734587,26.178609655925268,1.0,352.4601787446679,9.539821255332088,VALID_POLYGON,200,0,200,coarse
913.63567134162,-98.25475935627173,913.63567134162,-98.25475935627173,918.9037695450005,86.05726639907982,1042.6938632077888,1499.771542734587,-26.178609655925268,-1.0,6.010372624527134,8.01037262452716,VALID_POLYGON,200,0,200,coarse
913.63567134162,98.2547593562715,913.63567134162,98.2547593562715,918.9037695450005,86.05726639907982,1042.6938632077993,1499.771542734587,26.178609655925268,1.0,353.9896273754729,8.010372624527113,VALID_POLYGON,200,0,200,coarse
274.090701402486,196.50951871254347,274.090701402486,196.50951871254347,337.2561393658271,243.36077328985493,1114.8086358935886,1499.771542734587,26.178609655925268,1.0,353.08836774404557,8.911632255954405,VALID_POLYGON,200,0,200,coarse
274.090701402486,-196.50951871254335,274.090701402486,-196.50951871254335,337.25613936582704,243.36077328985505,1114.8086358936025,1499.771542734587,-26.178609655925268,-1.0,6.911632255954411,8.911632255954405,VALID_POLYGON,200,0,200,coarse
182.727134268324,-196.50951871254335,182.727134268324,-196.50951871254335,268.33784031058593,155.33100184755824,1294.6195822892143,1499.771542734587,-26.178609655925268,-1.0,6.369054120887766,8.369054120887782,VALID_POLYGON,200,0,200,coarse
182.727134268324,196.50951871254347,182.727134268324,196.50951871254347,268.33784031058605,155.33100184755824,1294.6195822892246,1499.771542734587,26.178609655925268,1.0,353.63094587911223,8.369054120887782,VALID_POLYGON,200,0,200,coarse
822.2721042074579,98.2547593562715,822.2721042074579,98.2547593562715,828.1216161252642,176.83167563855204,1419.807354840041,1499.771542734587,26.178609655925268,1.0,354.92739797605566,7.072602023944362,VALID_POLYGON,200,0,200,coarse
822.2721042074579,-98.25475935627173,822.2721042074579,-98.25475935627173,828.1216161252642,176.83167563855204,1419.8073548400612,1499.771542734587,-26.178609655925268,-1.0,5.0726020239443335,7.072602023944362,VALID_POLYGON,200,0,200,coarse
91.363567134162,196.50951871254347,91.363567134162,196.50951871254347,216.71015745486872,66.6602353472075,1498.3593297827447,1499.771542734587,26.178609655925268,1.0,354.1042172647972,7.8957827352027925,VALID_POLYGON,200,0,200,coarse
91.363567134162,-196.50951871254335,91.363567134162,-196.50951871254335,216.71015745486864,66.6602353472075,1498.3593297827765,1499.771542734587,-26.178609655925268,-1.0,5.895782735202748,7.8957827352027925,VALID_POLYGON,200,0,200,coarse
730.908537073296,-98.25475935627173,730.908537073296,-98.25475935627173,737.4830759432955,267.4595827115729,1929.108231733273,1499.771542734587,-26.178609655925268,-1.0,4.355473632913661,6.355473632913684,VALID_POLYGON,200,0,200,coarse
730.908537073296,98.2547593562715,730.908537073296,98.2547593562715,737.4830759432955,267.45958271157303,1929.1082317332932,1499.771542734587,26.178609655925268,1.0,355.64452636708637,6.355473632913684,VALID_POLYGON,200,0,200,coarse
639.5449699391339,-98.25475935627173,639.5449699391339,-98.25475935627173,647.0485038315185,357.878953398093,2640.8578678849385,1499.771542734587,-26.178609655925268,-1.0,3.7894775164072403,5.789477516407239,VALID_POLYGON,200,0,200,coarse
639.5449699391339,98.2547593562715,639.5449699391339,98.2547593562715,647.0485038315185,357.878953398093,2640.857867884984,1499.771542734587,26.178609655925268,1.0,356.2105224835928,5.789477516407239,VALID_POLYGON,200,0,200,coarse
548.181402804972,-98.25475935627173,548.181402804972,-98.25475935627173,556.9172722383332,447.98730375460457,3685.958343192146,1499.771542734587,-26.178609655925268,-1.0,3.331475101322689,5.331475101322717,VALID_POLYGON,200,0,200,coarse
548.181402804972,98.2547593562715,548.181402804972,98.2547593562715,556.9172722383332,447.98730375460457,3685.958343192171,1499.771542734587,26.178609655925268,1.0,356.66852489867733,5.331475101322717,VALID_POLYGON,200,0,200,coarse
456.81783567081,-98.25475935627173,456.81783567081,-98.25475935627173,467.2649491702989,444.7797045235943,5339.284136592524,1499.771542734587,-26.178609655925268,-1.0,2.9532950318070443,4.953295031807039,VALID_POLYGON,200,0,200,coarse
456.81783567081,98.2547593562715,456.81783567081,98.2547593562715,467.26494917029885,444.7797045235943,5339.284136592526,1499.771542734587,26.178609655925268,1.0,357.04670496819296,4.953295031807039,VALID_POLYGON,200,0,200,coarse
365.454268536648,98.2547593562715,365.454268536648,98.2547593562715,378.4320548365522,355.1409704793483,8292.59304494557,1499.771542734587,26.178609655925268,1.0,357.364231729634,4.635768270366094,VALID_POLYGON,200,0,200,coarse
365.454268536648,-98.25475935627173,365.454268536648,-98.25475935627173,378.43205483655225,355.1409704793483,8292.59304494557,1499.771542734587,-26.178609655925268,-1.0,2.6357682703660013,4.635768270366094,VALID_POLYGON,200,0,200,coarse
274.090701402486,-98.25475935627173,274.090701402486,-98.25475935627173,291.1695559832202,265.07730869248337,14927.385890655518,1499.771542734587,-26.178609655925268,-1.0,2.365402098941825,4.365402098941908,VALID_POLYGON,200,0,200,coarse
274.090701402486,98.2547593562715,274.090701402486,98.2547593562715,291.1695559832201,265.0773086924835,14927.385890657419,1499.771542734587,26.178609655925268,1.0,357.6345979010582,4.365402098941908,VALID_POLYGON,200,0,200,coarse
182.727134268324,-98.25475935627173,182.727134268324,-98.25475935627173,207.4685598688943,174.72782717335804,42566.36577572588,1499.771542734587,-26.178609655925268,-1.0,2.132425838100599,4.13242583810065,VALID_POLYGON,200,0,200,coarse
182.727134268324,98.2547593562715,182.727134268324,98.2547593562715,207.46855986889418,174.72782717335804,42566.365775733495,1499.771542734587,26.178609655925268,1.0,357.8675741618994,4.13242583810065,VALID_POLYGON,200,0,200,coarse
91.363567134162,0.0,91.363567134162,0.0,91.363567134162,91.34825298205578,Infinity,254.12795585224944,-4.435819969476226,0.0,358.43890380017933,0.5610961998197819,UNBOUNDED,8,0,8,coarse
91.363567134162,98.2547593562715,91.363567134162,98.2547593562715,134.16892015529285,84.17711369267079,Infinity,1499.771542734587,26.178609655925268,1.0,358.0704087225295,3.9295912774705686,UNBOUNDED,195,0,195,coarse
91.363567134162,-98.25475935627173,91.363567134162,-98.25475935627173,134.16892015529302,84.17711369267079,Infinity,1499.771542734587,-26.178609655925268,-1.0,1.9295912774705042,3.9295912774705686,UNBOUNDED,31,0,31,coarse
182.727134268324,0.0,182.727134268324,0.0,182.727134268324,182.69308242467343,Infinity,503.2566732287169,-8.784377906766034,0.0,358.43015458094175,0.5698454190564354,UNBOUNDED,13,0,13,coarse
274.090701402486,0.0,274.090701402486,0.0,274.090701402486,274.0331960253567,Infinity,503.2566732287169,-8.784377906766034,0.5,358.30481594620824,1.1951840537915697,UNBOUNDED,14,0,14,coarse
365.454268536648,0.0,365.454268536648,0.0,365.454268536648,365.36655758714414,Infinity,752.3853906051844,-13.132935844055842,0.0,358.05605441058214,0.9439455894181865,UNBOUNDED,18,0,18,coarse
456.81783567081,0.0,456.81783567081,0.0,456.81783567081,456.6897619376365,Infinity,752.3853906051844,-13.132935844055842,1.0,358.45585339789915,1.5441466021005332,UNBOUNDED,20,0,20,coarse
548.181402804972,0.0,548.181402804972,0.0,548.181402804972,456.81782866150195,Infinity,1001.5141079816519,-17.48149378134565,0.5,358.29164449635385,1.2083555036462155,UNBOUNDED,24,0,24,coarse
639.5449699391339,0.0,639.5449699391339,0.0,639.5449699391339,365.45426253655864,Infinity,1001.5141079816519,-17.48149378134565,1.0,358.23501797936126,1.7649820206388718,UNBOUNDED,25,0,25,coarse
730.908537073296,0.0,730.908537073296,0.0,730.908537073296,274.0906961575729,Infinity,1250.6428253581194,-21.830051718635456,0.5,358.09485740791405,1.4051425920855314,UNBOUNDED,29,0,29,coarse
822.2721042074579,0.0,822.2721042074579,0.0,822.2721042074579,182.72712960974388,Infinity,1250.6428253581194,-21.830051718635456,1.0,358.0826933132584,1.9173066867412414,UNBOUNDED,30,0,30,coarse
913.63567134162,0.0,913.63567134162,0.0,913.63567134162,91.36356294400298,Infinity,1499.771542734587,-26.178609655925268,1.0,358.44269585084714,1.5573041491531119,UNBOUNDED,35,0,35,coarse
